Premium_Low_Risk,Premium_Medium_Risk,Premium_High_Risk,Premium_Very_High_Risk,,,,,,,,,
223,328,380,74,,,Anova: Single Factor,,,,,,
214,271,394,71,,,,,,,,,
215,442,394,69,,,SUMMARY,,,,,,
217,315,395,75,,,Groups,Count,Sum,Average,Variance,,
214,308,251,75,,,Premium_Low_Risk,5085,721985,141.9832842,5011.102199,,
216,334,258,75,,,Premium_Medium_Risk,5085,1572070,309.1583088,11714.67458,,
117,299,259,77,,,Premium_High_Risk,5085,1643801,323.2647001,21954.20136,,
118,299,336,78,,,Premium_Very_High_Risk,696,55177,79.27729885,204.5057285,,
119,443,346,57,,,,,,,,,
80,301,342,58,,,,,,,,,
81,307,249,58,,,ANOVA,,,,,,
125,308,257,57,,,Source of Variation,SS,df,MS,F,P-value,F crit
128,361,255,57,,,Between Groups,124704674.9,3,41568224.98,3368.487436,0,2.605465959
129,365,461,57,,,Within Groups,196791140.3,15947,12340.32359,,,
70,291,466,58,,,,,,,,,
72,291,459,58,,,Total,321495815.3,15950,,,,
70,362,347,88,,,,,,,,,
185,329,387,91,,,,,15951,,,,
91,332,391,83,,,HSD Value,,3987.75,,,,
91,501,350,84,,,6.390939555,,,,,,
392,246,328,80,,,,,,,,,
392,246,324,58,,,,,,,,,
394,249,346,59,,,,,,,,,
114,336,357,59,,,,,,,,,
117,340,275,75,,,,,,,,,
206,283,270,57,,,,,,,,,
207,315,270,57,,,,,,,,,
110,343,432,58,,,,,,,,,
111,215,445,63,,,,,,,,,
112,284,323,63,,,,,,,,,
102,284,334,62,,,,,,,,,
233,195,334,62,,,,,,,,,
123,191,319,62,,,,,,,,,
125,150,571,91,,,,,,,,,
97,274,236,91,,,,,,,,,
128,232,237,60,,,,,,,,,
120,334,249,60,,,,,,,,,
120,335,292,62,,,,,,,,,
117,255,277,57,,,,,,,,,
155,243,242,58,,,,,,,,,
161,244,244,58,,,,,,,,,
154,236,232,75,,,,,,,,,
127,369,153,76,,,,,,,,,
127,489,158,77,,,,,,,,,
102,491,166,58,,,,,,,,,
102,496,264,59,,,,,,,,,
104,263,462,59,,,,,,,,,
50,267,472,57,,,,,,,,,
51,292,776,58,,,,,,,,,
51,292,286,58,,,,,,,,,
50,293,340,75,,,,,,,,,
51,230,343,81,,,,,,,,,
51,254,265,82,,,,,,,,,
41,254,297,62,,,,,,,,,
42,255,310,62,,,,,,,,,
42,280,302,62,,,,,,,,,
119,303,311,75,,,,,,,,,
121,291,262,90,,,,,,,,,
121,238,274,91,,,,,,,,,
132,242,292,57,,,,,,,,,
134,221,377,57,,,,,,,,,
137,224,175,63,,,,,,,,,
138,275,236,64,,,,,,,,,
135,288,253,65,,,,,,,,,
110,238,275,63,,,,,,,,,
148,302,409,72,,,,,,,,,
149,307,284,64,,,,,,,,,
115,255,292,64,,,,,,,,,
117,403,323,99,,,,,,,,,
118,676,326,99,,,,,,,,,
97,894,321,100,,,,,,,,,
46,223,322,77,,,,,,,,,
47,215,332,73,,,,,,,,,
48,219,333,75,,,,,,,,,
234,298,469,75,,,,,,,,,
291,307,272,57,,,,,,,,,
133,310,280,57,,,,,,,,,
133,214,277,54,,,,,,,,,
187,217,257,54,,,,,,,,,
302,218,260,57,,,,,,,,,
302,322,222,58,,,,,,,,,
304,311,234,58,,,,,,,,,
158,313,236,75,,,,,,,,,
149,374,537,76,,,,,,,,,
142,357,479,77,,,,,,,,,
144,311,222,57,,,,,,,,,
151,57,240,58,,,,,,,,,
152,58,219,58,,,,,,,,,
153,375,214,65,,,,,,,,,
100,379,222,58,,,,,,,,,
101,269,220,59,,,,,,,,,
103,270,226,60,,,,,,,,,
145,277,1420,87,,,,,,,,,
146,282,1404,88,,,,,,,,,
111,294,314,83,,,,,,,,,
112,319,246,84,,,,,,,,,
189,351,232,81,,,,,,,,,
168,204,219,73,,,,,,,,,
49,204,223,76,,,,,,,,,
50,185,318,75,,,,,,,,,
50,185,211,75,,,,,,,,,
127,186,205,76,,,,,,,,,
260,317,205,76,,,,,,,,,
260,242,231,77,,,,,,,,,
261,243,235,78,,,,,,,,,
112,330,226,72,,,,,,,,,
149,330,568,72,,,,,,,,,
151,393,292,72,,,,,,,,,
123,395,269,55,,,,,,,,,
125,253,291,55,,,,,,,,,
198,451,397,63,,,,,,,,,
63,453,407,63,,,,,,,,,
152,411,409,63,,,,,,,,,
88,404,192,88,,,,,,,,,
89,203,199,84,,,,,,,,,
90,361,205,88,,,,,,,,,
99,361,457,89,,,,,,,,,
100,378,296,82,,,,,,,,,
111,477,404,78,,,,,,,,,
42,323,170,79,,,,,,,,,
42,309,195,81,,,,,,,,,
43,312,214,79,,,,,,,,,
99,258,228,81,,,,,,,,,
125,262,234,75,,,,,,,,,
192,265,231,76,,,,,,,,,
110,297,207,74,,,,,,,,,
114,281,208,74,,,,,,,,,
115,297,337,74,,,,,,,,,
44,496,289,84,,,,,,,,,
114,499,216,84,,,,,,,,,
101,323,219,85,,,,,,,,,
110,317,227,81,,,,,,,,,
146,319,215,82,,,,,,,,,
146,261,600,91,,,,,,,,,
146,242,600,92,,,,,,,,,
148,321,577,93,,,,,,,,,
141,323,320,66,,,,,,,,,
265,326,303,67,,,,,,,,,
258,282,304,88,,,,,,,,,
121,345,328,89,,,,,,,,,
121,221,288,91,,,,,,,,,
160,277,242,92,,,,,,,,,
160,278,252,92,,,,,,,,,
159,211,411,90,,,,,,,,,
118,208,313,88,,,,,,,,,
118,203,279,81,,,,,,,,,
135,216,281,87,,,,,,,,,
135,244,294,87,,,,,,,,,
131,436,205,87,,,,,,,,,
187,255,260,89,,,,,,,,,
190,46,268,89,,,,,,,,,
192,217,268,82,,,,,,,,,
112,224,411,84,,,,,,,,,
113,234,471,84,,,,,,,,,
115,235,287,75,,,,,,,,,
116,282,522,75,,,,,,,,,
45,306,522,72,,,,,,,,,
123,321,433,87,,,,,,,,,
183,727,281,95,,,,,,,,,
183,637,240,90,,,,,,,,,
172,572,263,91,,,,,,,,,
174,269,244,94,,,,,,,,,
44,382,365,96,,,,,,,,,
45,414,376,87,,,,,,,,,
45,242,272,88,,,,,,,,,
43,269,272,75,,,,,,,,,
43,272,464,76,,,,,,,,,
43,363,488,77,,,,,,,,,
43,366,512,72,,,,,,,,,
43,368,359,72,,,,,,,,,
43,311,235,98,,,,,,,,,
43,312,217,99,,,,,,,,,
44,60,217,93,,,,,,,,,
41,244,227,80,,,,,,,,,
43,248,245,75,,,,,,,,,
42,248,232,76,,,,,,,,,
43,370,229,75,,,,,,,,,
41,370,294,78,,,,,,,,,
41,372,296,79,,,,,,,,,
41,240,297,81,,,,,,,,,
40,343,266,75,,,,,,,,,
41,344,274,90,,,,,,,,,
41,118,270,92,,,,,,,,,
40,347,223,93,,,,,,,,,
40,289,224,72,,,,,,,,,
41,254,286,72,,,,,,,,,
108,184,338,70,,,,,,,,,
109,167,183,71,,,,,,,,,
114,167,275,63,,,,,,,,,
226,268,275,64,,,,,,,,,
191,270,252,64,,,,,,,,,
177,275,284,89,,,,,,,,,
44,320,311,90,,,,,,,,,
44,269,325,96,,,,,,,,,
45,266,247,91,,,,,,,,,
44,269,311,92,,,,,,,,,
45,360,313,87,,,,,,,,,
45,332,264,88,,,,,,,,,
44,337,338,89,,,,,,,,,
44,338,439,90,,,,,,,,,
45,396,482,91,,,,,,,,,
44,396,324,87,,,,,,,,,
44,365,268,87,,,,,,,,,
45,300,254,81,,,,,,,,,
113,295,272,68,,,,,,,,,
116,297,273,68,,,,,,,,,
112,300,266,69,,,,,,,,,
102,263,283,82,,,,,,,,,
103,263,350,83,,,,,,,,,
103,264,250,84,,,,,,,,,
40,373,250,83,,,,,,,,,
41,376,259,86,,,,,,,,,
40,85,347,87,,,,,,,,,
114,416,242,90,,,,,,,,,
115,412,230,91,,,,,,,,,
117,304,298,92,,,,,,,,,
41,314,305,87,,,,,,,,,
42,318,284,88,,,,,,,,,
42,336,300,79,,,,,,,,,
179,372,310,80,,,,,,,,,
180,374,299,81,,,,,,,,,
184,237,405,78,,,,,,,,,
41,223,464,79,,,,,,,,,
41,224,334,80,,,,,,,,,
41,197,303,98,,,,,,,,,
41,198,288,99,,,,,,,,,
40,263,261,100,,,,,,,,,
44,248,292,88,,,,,,,,,
45,217,297,88,,,,,,,,,
45,219,294,89,,,,,,,,,
43,220,359,90,,,,,,,,,
43,232,361,91,,,,,,,,,
43,228,319,85,,,,,,,,,
40,229,357,85,,,,,,,,,
41,409,332,85,,,,,,,,,
41,403,181,90,,,,,,,,,
115,375,188,88,,,,,,,,,
117,372,260,91,,,,,,,,,
41,378,264,91,,,,,,,,,
44,380,266,92,,,,,,,,,
45,321,481,64,,,,,,,,,
45,347,234,65,,,,,,,,,
44,350,238,80,,,,,,,,,
45,203,199,80,,,,,,,,,
45,207,195,81,,,,,,,,,
42,313,196,95,,,,,,,,,
43,324,220,97,,,,,,,,,
43,324,221,90,,,,,,,,,
166,326,213,49,,,,,,,,,
169,285,192,47,,,,,,,,,
169,287,391,47,,,,,,,,,
44,287,397,81,,,,,,,,,
45,534,399,82,,,,,,,,,
45,542,480,83,,,,,,,,,
44,371,219,72,,,,,,,,,
45,371,219,67,,,,,,,,,
45,372,218,65,,,,,,,,,
42,290,225,75,,,,,,,,,
42,255,226,76,,,,,,,,,
42,255,230,86,,,,,,,,,
41,256,238,80,,,,,,,,,
42,400,230,80,,,,,,,,,
42,365,191,64,,,,,,,,,
236,370,190,65,,,,,,,,,
110,342,190,65,,,,,,,,,
110,344,191,70,,,,,,,,,
42,346,275,70,,,,,,,,,
42,328,279,71,,,,,,,,,
43,330,275,58,,,,,,,,,
41,245,1066,59,,,,,,,,,
122,247,1327,66,,,,,,,,,
124,249,390,62,,,,,,,,,
125,322,390,63,,,,,,,,,
44,325,384,62,,,,,,,,,
45,316,279,64,,,,,,,,,
45,243,289,64,,,,,,,,,
157,238,291,70,,,,,,,,,
124,245,397,66,,,,,,,,,
127,239,324,64,,,,,,,,,
128,369,329,96,,,,,,,,,
111,372,329,96,,,,,,,,,
134,374,224,97,,,,,,,,,
135,353,233,81,,,,,,,,,
44,380,231,99,,,,,,,,,
44,382,285,99,,,,,,,,,
45,386,291,100,,,,,,,,,
41,302,290,78,,,,,,,,,
42,302,211,80,,,,,,,,,
42,308,211,80,,,,,,,,,
41,201,315,90,,,,,,,,,
41,206,251,79,,,,,,,,,
44,208,259,79,,,,,,,,,
45,296,261,80,,,,,,,,,
45,242,263,64,,,,,,,,,
41,243,238,63,,,,,,,,,
113,247,231,63,,,,,,,,,
115,236,232,56,,,,,,,,,
44,238,231,61,,,,,,,,,
41,239,231,62,,,,,,,,,
41,238,330,75,,,,,,,,,
44,231,203,77,,,,,,,,,
41,225,209,78,,,,,,,,,
41,245,209,76,,,,,,,,,
40,248,335,77,,,,,,,,,
41,248,251,77,,,,,,,,,
450,237,347,101,,,,,,,,,
455,277,330,96,,,,,,,,,
121,322,326,97,,,,,,,,,
122,188,307,75,,,,,,,,,
110,304,317,76,,,,,,,,,
41,221,316,77,,,,,,,,,
42,242,221,91,,,,,,,,,
44,244,377,94,,,,,,,,,
44,271,377,94,,,,,,,,,
44,258,303,99,,,,,,,,,
97,245,280,99,,,,,,,,,
98,247,284,99,,,,,,,,,
159,289,290,63,,,,,,,,,
151,292,299,90,,,,,,,,,
41,302,263,76,,,,,,,,,
41,305,265,77,,,,,,,,,
41,328,265,77,,,,,,,,,
42,135,262,72,,,,,,,,,
114,233,224,70,,,,,,,,,
115,234,224,71,,,,,,,,,
41,235,226,69,,,,,,,,,
44,238,319,69,,,,,,,,,
45,240,374,74,,,,,,,,,
45,276,224,74,,,,,,,,,
185,276,230,75,,,,,,,,,
187,211,227,86,,,,,,,,,
107,220,350,86,,,,,,,,,
107,277,350,87,,,,,,,,,
102,277,347,90,,,,,,,,,
41,275,95,90,,,,,,,,,
41,441,246,91,,,,,,,,,
41,509,244,88,,,,,,,,,
100,353,300,87,,,,,,,,,
101,355,309,88,,,,,,,,,
99,357,304,88,,,,,,,,,
112,304,378,92,,,,,,,,,
48,305,386,92,,,,,,,,,
49,307,234,92,,,,,,,,,
50,443,212,75,,,,,,,,,
118,448,218,77,,,,,,,,,
120,374,229,77,,,,,,,,,
121,471,237,89,,,,,,,,,
214,248,242,89,,,,,,,,,
217,247,255,89,,,,,,,,,
219,230,255,78,,,,,,,,,
42,360,259,79,,,,,,,,,
43,331,250,80,,,,,,,,,
43,207,260,79,,,,,,,,,
344,208,201,79,,,,,,,,,
98,210,268,81,,,,,,,,,
44,224,418,76,,,,,,,,,
45,219,446,77,,,,,,,,,
45,220,481,77,,,,,,,,,
87,222,286,75,,,,,,,,,
93,181,286,78,,,,,,,,,
102,181,283,79,,,,,,,,,
122,161,314,75,,,,,,,,,
123,242,232,76,,,,,,,,,
85,318,408,76,,,,,,,,,
86,349,418,87,,,,,,,,,
42,351,420,57,,,,,,,,,
157,353,290,57,,,,,,,,,
158,294,296,58,,,,,,,,,
161,228,306,82,,,,,,,,,
40,220,234,84,,,,,,,,,
40,222,242,84,,,,,,,,,
42,60,242,87,,,,,,,,,
42,230,42,88,,,,,,,,,
43,378,210,83,,,,,,,,,
41,349,275,85,,,,,,,,,
42,350,301,85,,,,,,,,,
42,440,311,90,,,,,,,,,
46,208,380,87,,,,,,,,,
47,212,379,86,,,,,,,,,
47,213,381,79,,,,,,,,,
52,313,242,79,,,,,,,,,
52,217,232,80,,,,,,,,,
147,248,252,75,,,,,,,,,
44,382,74,76,,,,,,,,,
45,510,280,77,,,,,,,,,
45,295,288,57,,,,,,,,,
177,281,277,57,,,,,,,,,
148,284,280,57,,,,,,,,,
155,328,275,78,,,,,,,,,
145,332,202,79,,,,,,,,,
40,453,199,80,,,,,,,,,
40,282,235,70,,,,,,,,,
40,366,221,71,,,,,,,,,
41,366,222,72,,,,,,,,,
133,372,194,78,,,,,,,,,
137,318,195,74,,,,,,,,,
106,320,219,75,,,,,,,,,
107,262,213,91,,,,,,,,,
44,338,246,91,,,,,,,,,
44,344,562,92,,,,,,,,,
40,344,259,89,,,,,,,,,
114,349,267,89,,,,,,,,,
116,207,268,90,,,,,,,,,
109,211,247,75,,,,,,,,,
133,265,235,71,,,,,,,,,
134,268,304,71,,,,,,,,,
53,271,306,98,,,,,,,,,
54,270,303,98,,,,,,,,,
58,272,215,99,,,,,,,,,
114,274,219,98,,,,,,,,,
41,332,217,93,,,,,,,,,
41,335,327,93,,,,,,,,,
42,339,335,93,,,,,,,,,
42,280,307,72,,,,,,,,,
97,260,246,72,,,,,,,,,
42,261,260,73,,,,,,,,,
43,461,250,107,,,,,,,,,
44,323,296,108,,,,,,,,,
41,325,260,109,,,,,,,,,
43,330,260,77,,,,,,,,,
42,740,260,77,,,,,,,,,
42,235,269,99,,,,,,,,,
43,238,293,104,,,,,,,,,
43,335,301,104,,,,,,,,,
44,344,301,87,,,,,,,,,
43,262,330,88,,,,,,,,,
44,262,337,73,,,,,,,,,
44,184,225,74,,,,,,,,,
43,185,225,75,,,,,,,,,
44,248,219,79,,,,,,,,,
44,251,377,81,,,,,,,,,
59,244,392,82,,,,,,,,,
86,307,392,67,,,,,,,,,
87,295,264,68,,,,,,,,,
87,276,251,125,,,,,,,,,
191,330,248,126,,,,,,,,,
193,320,317,52,,,,,,,,,
194,322,322,52,,,,,,,,,
41,194,229,99,,,,,,,,,
42,359,230,101,,,,,,,,,
42,342,237,102,,,,,,,,,
40,346,233,68,,,,,,,,,
41,379,402,69,,,,,,,,,
46,384,414,90,,,,,,,,,
47,253,306,87,,,,,,,,,
47,395,312,88,,,,,,,,,
42,74,246,89,,,,,,,,,
44,424,253,88,,,,,,,,,
91,439,253,89,,,,,,,,,
93,441,292,83,,,,,,,,,
94,336,310,84,,,,,,,,,
97,338,376,85,,,,,,,,,
108,506,376,78,,,,,,,,,
110,511,469,79,,,,,,,,,
111,93,452,79,,,,,,,,,
111,358,322,98,,,,,,,,,
112,360,281,99,,,,,,,,,
43,362,283,99,,,,,,,,,
44,322,407,73,,,,,,,,,
61,306,408,61,,,,,,,,,
76,307,232,62,,,,,,,,,
44,608,236,91,,,,,,,,,
45,617,261,90,,,,,,,,,
42,464,234,90,,,,,,,,,
42,544,234,75,,,,,,,,,
42,225,236,87,,,,,,,,,
42,229,314,89,,,,,,,,,
42,232,302,91,,,,,,,,,
42,280,297,87,,,,,,,,,
42,265,173,87,,,,,,,,,
95,266,178,88,,,,,,,,,
96,198,265,98,,,,,,,,,
41,370,265,107,,,,,,,,,
41,370,266,117,,,,,,,,,
41,371,302,89,,,,,,,,,
44,127,454,89,,,,,,,,,
45,381,497,73,,,,,,,,,
41,364,528,74,,,,,,,,,
42,364,514,74,,,,,,,,,
42,538,438,74,,,,,,,,,
94,541,415,75,,,,,,,,,
94,300,417,76,,,,,,,,,
142,295,265,59,,,,,,,,,
140,295,270,59,,,,,,,,,
44,376,237,60,,,,,,,,,
44,378,237,62,,,,,,,,,
45,382,238,63,,,,,,,,,
44,186,253,78,,,,,,,,,
41,187,253,79,,,,,,,,,
41,189,276,80,,,,,,,,,
42,335,267,84,,,,,,,,,
42,278,250,86,,,,,,,,,
42,269,192,87,,,,,,,,,
40,271,241,98,,,,,,,,,
50,348,262,99,,,,,,,,,
128,349,279,100,,,,,,,,,
129,548,384,91,,,,,,,,,
130,551,244,92,,,,,,,,,
98,603,233,92,,,,,,,,,
98,265,184,63,,,,,,,,,
158,266,273,64,,,,,,,,,
160,270,459,64,,,,,,,,,
151,360,450,76,,,,,,,,,
146,324,335,77,,,,,,,,,
147,325,339,87,,,,,,,,,
57,338,390,88,,,,,,,,,
187,343,226,96,,,,,,,,,
189,344,217,96,,,,,,,,,
191,726,200,84,,,,,,,,,
101,781,201,85,,,,,,,,,
103,781,194,82,,,,,,,,,
104,372,189,74,,,,,,,,,
41,374,185,75,,,,,,,,,
68,256,201,75,,,,,,,,,
122,329,201,119,,,,,,,,,
44,314,363,87,,,,,,,,,
45,314,340,88,,,,,,,,,
41,295,327,90,,,,,,,,,
41,323,223,63,,,,,,,,,
41,321,224,64,,,,,,,,,
41,321,224,64,,,,,,,,,
41,327,341,125,,,,,,,,,
40,298,347,62,,,,,,,,,
43,301,344,63,,,,,,,,,
44,192,253,64,,,,,,,,,
44,194,256,62,,,,,,,,,
59,253,450,63,,,,,,,,,
80,206,199,52,,,,,,,,,
146,300,243,54,,,,,,,,,
146,301,220,54,,,,,,,,,
139,303,215,72,,,,,,,,,
182,259,216,72,,,,,,,,,
42,242,115,74,,,,,,,,,
42,245,229,92,,,,,,,,,
43,187,193,92,,,,,,,,,
40,215,199,93,,,,,,,,,
41,217,196,84,,,,,,,,,
54,348,194,97,,,,,,,,,
54,263,174,98,,,,,,,,,
55,316,165,91,,,,,,,,,
93,406,161,91,,,,,,,,,
95,223,316,93,,,,,,,,,
96,224,220,120,,,,,,,,,
40,228,223,122,,,,,,,,,
44,276,240,123,,,,,,,,,
45,410,249,84,,,,,,,,,
45,276,238,81,,,,,,,,,
265,306,245,83,,,,,,,,,
339,378,224,83,,,,,,,,,
42,355,295,58,,,,,,,,,
42,356,295,58,,,,,,,,,
42,854,296,125,,,,,,,,,
44,289,226,126,,,,,,,,,
44,296,217,127,,,,,,,,,
45,292,215,61,,,,,,,,,
43,294,156,90,,,,,,,,,
41,322,267,73,,,,,,,,,
41,325,272,73,,,,,,,,,
115,354,236,74,,,,,,,,,
118,387,282,100,,,,,,,,,
119,206,291,101,,,,,,,,,
135,159,237,102,,,,,,,,,
146,305,244,72,,,,,,,,,
159,405,199,72,,,,,,,,,
120,409,200,52,,,,,,,,,
120,293,315,53,,,,,,,,,
42,475,270,47,,,,,,,,,
121,319,271,76,,,,,,,,,
115,305,271,79,,,,,,,,,
116,238,258,79,,,,,,,,,
42,239,267,90,,,,,,,,,
42,239,267,57,,,,,,,,,
42,296,298,57,,,,,,,,,
42,296,272,71,,,,,,,,,
42,296,292,89,,,,,,,,,
42,489,302,91,,,,,,,,,
136,178,237,92,,,,,,,,,
137,178,238,93,,,,,,,,,
138,252,238,75,,,,,,,,,
44,234,187,76,,,,,,,,,
44,273,281,76,,,,,,,,,
45,277,211,87,,,,,,,,,
41,280,264,84,,,,,,,,,
40,281,534,90,,,,,,,,,
44,322,419,91,,,,,,,,,
45,190,206,92,,,,,,,,,
45,224,147,81,,,,,,,,,
42,289,62,84,,,,,,,,,
43,416,219,89,,,,,,,,,
43,416,361,87,,,,,,,,,
125,410,374,90,,,,,,,,,
129,317,375,91,,,,,,,,,
122,317,325,79,,,,,,,,,
41,318,336,81,,,,,,,,,
42,260,276,81,,,,,,,,,
42,262,456,72,,,,,,,,,
52,264,463,71,,,,,,,,,
54,396,275,69,,,,,,,,,
54,519,778,68,,,,,,,,,
55,195,354,68,,,,,,,,,
41,153,357,70,,,,,,,,,
41,154,350,70,,,,,,,,,
82,361,345,72,,,,,,,,,
53,362,298,87,,,,,,,,,
54,361,321,86,,,,,,,,,
55,291,68,87,,,,,,,,,
169,233,240,89,,,,,,,,,
127,233,369,89,,,,,,,,,
41,161,512,89,,,,,,,,,
163,373,515,84,,,,,,,,,
166,376,219,90,,,,,,,,,
167,378,385,90,,,,,,,,,
44,327,297,90,,,,,,,,,
44,254,347,75,,,,,,,,,
45,257,196,76,,,,,,,,,
41,218,215,77,,,,,,,,,
44,220,222,86,,,,,,,,,
43,232,299,84,,,,,,,,,
40,234,308,84,,,,,,,,,
41,372,319,74,,,,,,,,,
41,256,264,71,,,,,,,,,
41,259,257,72,,,,,,,,,
107,210,258,95,,,,,,,,,
108,273,309,96,,,,,,,,,
104,321,281,74,,,,,,,,,
104,312,279,74,,,,,,,,,
106,298,366,74,,,,,,,,,
228,282,215,72,,,,,,,,,
207,300,218,68,,,,,,,,,
120,303,219,68,,,,,,,,,
150,316,226,57,,,,,,,,,
152,318,282,58,,,,,,,,,
43,320,295,58,,,,,,,,,
43,214,298,87,,,,,,,,,
99,291,56,89,,,,,,,,,
120,299,317,92,,,,,,,,,
127,299,325,92,,,,,,,,,
129,281,260,93,,,,,,,,,
155,357,407,89,,,,,,,,,
157,374,401,90,,,,,,,,,
107,300,199,90,,,,,,,,,
106,295,205,100,,,,,,,,,
115,770,192,87,,,,,,,,,
111,317,245,87,,,,,,,,,
111,317,243,98,,,,,,,,,
108,322,280,98,,,,,,,,,
110,348,306,99,,,,,,,,,
111,116,320,66,,,,,,,,,
110,455,379,90,,,,,,,,,
96,268,273,92,,,,,,,,,
87,323,299,92,,,,,,,,,
87,326,299,75,,,,,,,,,
110,341,241,76,,,,,,,,,
108,345,249,63,,,,,,,,,
106,276,294,63,,,,,,,,,
107,300,282,64,,,,,,,,,
131,328,268,57,,,,,,,,,
131,243,273,58,,,,,,,,,
141,249,474,58,,,,,,,,,
154,319,267,58,,,,,,,,,
155,254,272,59,,,,,,,,,
157,312,269,60,,,,,,,,,
131,312,222,66,,,,,,,,,
131,323,190,65,,,,,,,,,
132,414,468,65,,,,,,,,,
214,281,482,73,,,,,,,,,
281,219,258,73,,,,,,,,,
281,205,182,74,,,,,,,,,
283,134,311,57,,,,,,,,,
67,201,304,58,,,,,,,,,
102,201,308,58,,,,,,,,,
102,401,391,75,,,,,,,,,
184,302,404,76,,,,,,,,,
267,278,411,77,,,,,,,,,
96,163,245,65,,,,,,,,,
97,303,245,66,,,,,,,,,
104,306,241,79,,,,,,,,,
122,245,312,80,,,,,,,,,
114,249,382,81,,,,,,,,,
125,302,275,76,,,,,,,,,
127,248,275,77,,,,,,,,,
120,230,272,77,,,,,,,,,
158,270,246,72,,,,,,,,,
101,294,440,73,,,,,,,,,
103,297,101,74,,,,,,,,,
104,344,199,98,,,,,,,,,
147,319,203,93,,,,,,,,,
150,246,137,94,,,,,,,,,
142,250,573,75,,,,,,,,,
148,251,574,77,,,,,,,,,
150,274,581,78,,,,,,,,,
128,275,235,84,,,,,,,,,
101,281,392,138,,,,,,,,,
98,122,392,139,,,,,,,,,
159,282,276,140,,,,,,,,,
162,289,144,84,,,,,,,,,
165,256,403,,,,,,,,,,
139,253,757,,,,,,,,,,
163,246,784,,,,,,,,,,
166,371,447,,,,,,,,,,
157,374,280,,,,,,,,,,
162,277,347,,,,,,,,,,
167,325,683,,,,,,,,,,
165,604,340,,,,,,,,,,
118,304,341,,,,,,,,,,
119,338,457,,,,,,,,,,
99,341,586,,,,,,,,,,
100,332,288,,,,,,,,,,
96,386,289,,,,,,,,,,
121,292,289,,,,,,,,,,
121,337,255,,,,,,,,,,
138,327,249,,,,,,,,,,
141,311,391,,,,,,,,,,
164,262,277,,,,,,,,,,
166,369,463,,,,,,,,,,
176,202,418,,,,,,,,,,
157,288,403,,,,,,,,,,
148,363,983,,,,,,,,,,
149,339,235,,,,,,,,,,
132,341,270,,,,,,,,,,
137,310,283,,,,,,,,,,
139,268,361,,,,,,,,,,
116,291,895,,,,,,,,,,
116,217,908,,,,,,,,,,
119,222,293,,,,,,,,,,
194,224,286,,,,,,,,,,
195,288,640,,,,,,,,,,
291,264,640,,,,,,,,,,
279,246,634,,,,,,,,,,
280,248,182,,,,,,,,,,
108,341,182,,,,,,,,,,
109,334,276,,,,,,,,,,
110,279,299,,,,,,,,,,
102,297,313,,,,,,,,,,
103,300,453,,,,,,,,,,
104,209,464,,,,,,,,,,
112,213,302,,,,,,,,,,
152,215,331,,,,,,,,,,
146,236,243,,,,,,,,,,
142,241,212,,,,,,,,,,
154,243,269,,,,,,,,,,
158,223,296,,,,,,,,,,
133,224,243,,,,,,,,,,
168,227,250,,,,,,,,,,
111,252,250,,,,,,,,,,
112,253,252,,,,,,,,,,
127,294,311,,,,,,,,,,
128,212,288,,,,,,,,,,
230,208,316,,,,,,,,,,
168,211,321,,,,,,,,,,
170,219,316,,,,,,,,,,
99,180,348,,,,,,,,,,
100,181,358,,,,,,,,,,
74,182,380,,,,,,,,,,
146,297,150,,,,,,,,,,
123,283,268,,,,,,,,,,
123,277,264,,,,,,,,,,
125,99,286,,,,,,,,,,
86,210,296,,,,,,,,,,
199,209,372,,,,,,,,,,
155,175,370,,,,,,,,,,
95,347,379,,,,,,,,,,
96,175,407,,,,,,,,,,
182,255,243,,,,,,,,,,
184,256,246,,,,,,,,,,
126,227,243,,,,,,,,,,
126,284,229,,,,,,,,,,
129,287,213,,,,,,,,,,
113,288,214,,,,,,,,,,
114,240,233,,,,,,,,,,
118,243,235,,,,,,,,,,
235,504,243,,,,,,,,,,
242,387,319,,,,,,,,,,
41,387,260,,,,,,,,,,
120,245,214,,,,,,,,,,
118,247,211,,,,,,,,,,
158,252,279,,,,,,,,,,
159,254,289,,,,,,,,,,
118,255,296,,,,,,,,,,
119,310,302,,,,,,,,,,
300,236,195,,,,,,,,,,
123,239,325,,,,,,,,,,
112,240,453,,,,,,,,,,
114,230,306,,,,,,,,,,
100,233,349,,,,,,,,,,
123,234,709,,,,,,,,,,
88,240,409,,,,,,,,,,
118,242,801,,,,,,,,,,
120,243,134,,,,,,,,,,
122,284,266,,,,,,,,,,
191,308,264,,,,,,,,,,
183,226,481,,,,,,,,,,
182,228,293,,,,,,,,,,
165,446,299,,,,,,,,,,
139,221,301,,,,,,,,,,
143,216,297,,,,,,,,,,
136,220,261,,,,,,,,,,
154,219,266,,,,,,,,,,
174,389,116,,,,,,,,,,
188,241,386,,,,,,,,,,
159,245,357,,,,,,,,,,
150,198,353,,,,,,,,,,
149,201,867,,,,,,,,,,
147,202,845,,,,,,,,,,
141,275,828,,,,,,,,,,
194,278,254,,,,,,,,,,
210,278,339,,,,,,,,,,
231,208,344,,,,,,,,,,
233,133,370,,,,,,,,,,
262,272,285,,,,,,,,,,
264,277,285,,,,,,,,,,
418,280,287,,,,,,,,,,
353,230,258,,,,,,,,,,
353,223,266,,,,,,,,,,
354,285,263,,,,,,,,,,
160,287,123,,,,,,,,,,
124,294,330,,,,,,,,,,
383,278,331,,,,,,,,,,
385,279,226,,,,,,,,,,
287,352,241,,,,,,,,,,
179,354,769,,,,,,,,,,
181,355,772,,,,,,,,,,
101,266,241,,,,,,,,,,
98,279,249,,,,,,,,,,
99,256,233,,,,,,,,,,
115,308,271,,,,,,,,,,
114,313,316,,,,,,,,,,
114,315,342,,,,,,,,,,
127,197,349,,,,,,,,,,
130,172,476,,,,,,,,,,
131,413,251,,,,,,,,,,
403,386,273,,,,,,,,,,
41,298,265,,,,,,,,,,
41,279,273,,,,,,,,,,
42,275,263,,,,,,,,,,
116,258,307,,,,,,,,,,
125,204,376,,,,,,,,,,
139,241,386,,,,,,,,,,
140,242,278,,,,,,,,,,
141,245,290,,,,,,,,,,
44,636,289,,,,,,,,,,
46,639,285,,,,,,,,,,
46,642,218,,,,,,,,,,
44,156,258,,,,,,,,,,
44,148,250,,,,,,,,,,
45,149,252,,,,,,,,,,
44,152,330,,,,,,,,,,
44,310,335,,,,,,,,,,
45,311,330,,,,,,,,,,
147,313,234,,,,,,,,,,
148,194,295,,,,,,,,,,
150,196,303,,,,,,,,,,
178,236,315,,,,,,,,,,
121,238,338,,,,,,,,,,
119,290,346,,,,,,,,,,
138,293,256,,,,,,,,,,
139,255,397,,,,,,,,,,
127,258,399,,,,,,,,,,
94,258,250,,,,,,,,,,
94,296,258,,,,,,,,,,
95,299,258,,,,,,,,,,
139,301,353,,,,,,,,,,
148,329,480,,,,,,,,,,
86,251,353,,,,,,,,,,
86,255,81,,,,,,,,,,
87,248,325,,,,,,,,,,
114,205,292,,,,,,,,,,
110,206,436,,,,,,,,,,
110,132,248,,,,,,,,,,
110,133,266,,,,,,,,,,
151,216,337,,,,,,,,,,
151,219,289,,,,,,,,,,
100,221,221,,,,,,,,,,
102,372,274,,,,,,,,,,
102,376,244,,,,,,,,,,
135,301,439,,,,,,,,,,
136,301,220,,,,,,,,,,
125,302,252,,,,,,,,,,
126,333,260,,,,,,,,,,
100,333,333,,,,,,,,,,
102,349,226,,,,,,,,,,
167,609,660,,,,,,,,,,
121,612,891,,,,,,,,,,
122,365,251,,,,,,,,,,
123,369,539,,,,,,,,,,
117,321,563,,,,,,,,,,
159,323,566,,,,,,,,,,
159,326,62,,,,,,,,,,
161,249,60,,,,,,,,,,
141,250,61,,,,,,,,,,
141,59,423,,,,,,,,,,
142,166,433,,,,,,,,,,
188,166,441,,,,,,,,,,
189,267,307,,,,,,,,,,
190,269,314,,,,,,,,,,
62,271,293,,,,,,,,,,
76,265,278,,,,,,,,,,
90,269,284,,,,,,,,,,
110,271,411,,,,,,,,,,
110,247,417,,,,,,,,,,
111,245,385,,,,,,,,,,
114,246,259,,,,,,,,,,
114,247,635,,,,,,,,,,
114,260,344,,,,,,,,,,
197,263,347,,,,,,,,,,
199,263,577,,,,,,,,,,
130,214,580,,,,,,,,,,
161,216,337,,,,,,,,,,
161,210,187,,,,,,,,,,
162,291,287,,,,,,,,,,
108,240,379,,,,,,,,,,
109,250,187,,,,,,,,,,
110,255,298,,,,,,,,,,
70,317,396,,,,,,,,,,
70,203,479,,,,,,,,,,
112,276,337,,,,,,,,,,
117,276,465,,,,,,,,,,
118,267,405,,,,,,,,,,
121,247,241,,,,,,,,,,
193,247,247,,,,,,,,,,
208,249,248,,,,,,,,,,
119,275,323,,,,,,,,,,
121,278,355,,,,,,,,,,
93,279,296,,,,,,,,,,
94,274,302,,,,,,,,,,
95,277,303,,,,,,,,,,
186,223,298,,,,,,,,,,
186,224,304,,,,,,,,,,
187,383,300,,,,,,,,,,
117,397,220,,,,,,,,,,
212,270,231,,,,,,,,,,
100,172,231,,,,,,,,,,
97,141,231,,,,,,,,,,
98,141,252,,,,,,,,,,
124,138,260,,,,,,,,,,
133,283,269,,,,,,,,,,
124,223,399,,,,,,,,,,
258,189,399,,,,,,,,,,
259,288,361,,,,,,,,,,
261,252,362,,,,,,,,,,
99,254,394,,,,,,,,,,
101,347,152,,,,,,,,,,
102,351,284,,,,,,,,,,
217,206,288,,,,,,,,,,
230,208,290,,,,,,,,,,
246,189,443,,,,,,,,,,
98,183,639,,,,,,,,,,
99,185,660,,,,,,,,,,
97,77,669,,,,,,,,,,
149,240,672,,,,,,,,,,
150,241,819,,,,,,,,,,
89,237,215,,,,,,,,,,
90,240,222,,,,,,,,,,
91,362,219,,,,,,,,,,
115,393,280,,,,,,,,,,
118,493,325,,,,,,,,,,
154,522,256,,,,,,,,,,
155,316,261,,,,,,,,,,
158,318,262,,,,,,,,,,
232,288,314,,,,,,,,,,
236,205,578,,,,,,,,,,
211,168,647,,,,,,,,,,
46,168,861,,,,,,,,,,
99,274,311,,,,,,,,,,
100,177,314,,,,,,,,,,
164,188,282,,,,,,,,,,
169,223,295,,,,,,,,,,
140,229,302,,,,,,,,,,
115,233,225,,,,,,,,,,
114,231,226,,,,,,,,,,
510,231,230,,,,,,,,,,
102,233,267,,,,,,,,,,
103,225,786,,,,,,,,,,
126,226,245,,,,,,,,,,
129,229,251,,,,,,,,,,
130,229,246,,,,,,,,,,
106,230,345,,,,,,,,,,
138,310,355,,,,,,,,,,
139,244,274,,,,,,,,,,
169,335,284,,,,,,,,,,
249,364,244,,,,,,,,,,
261,221,248,,,,,,,,,,
262,222,246,,,,,,,,,,
155,218,268,,,,,,,,,,
157,223,266,,,,,,,,,,
160,240,245,,,,,,,,,,
115,263,297,,,,,,,,,,
482,258,303,,,,,,,,,,
484,258,304,,,,,,,,,,
179,258,362,,,,,,,,,,
181,272,389,,,,,,,,,,
100,213,376,,,,,,,,,,
101,232,381,,,,,,,,,,
118,199,272,,,,,,,,,,
120,271,281,,,,,,,,,,
121,285,370,,,,,,,,,,
64,290,399,,,,,,,,,,
110,341,354,,,,,,,,,,
110,341,356,,,,,,,,,,
191,330,356,,,,,,,,,,
103,331,273,,,,,,,,,,
104,276,278,,,,,,,,,,
170,282,278,,,,,,,,,,
171,283,393,,,,,,,,,,
112,343,398,,,,,,,,,,
99,262,396,,,,,,,,,,
130,341,536,,,,,,,,,,
133,332,525,,,,,,,,,,
143,345,466,,,,,,,,,,
156,234,606,,,,,,,,,,
162,227,473,,,,,,,,,,
163,170,235,,,,,,,,,,
164,167,230,,,,,,,,,,
105,169,231,,,,,,,,,,
97,191,254,,,,,,,,,,
105,242,81,,,,,,,,,,
106,370,262,,,,,,,,,,
108,373,279,,,,,,,,,,
122,255,219,,,,,,,,,,
155,247,224,,,,,,,,,,
115,347,224,,,,,,,,,,
116,350,346,,,,,,,,,,
117,279,353,,,,,,,,,,
111,247,299,,,,,,,,,,
111,228,307,,,,,,,,,,
124,221,286,,,,,,,,,,
124,166,335,,,,,,,,,,
154,217,343,,,,,,,,,,
162,306,259,,,,,,,,,,
132,329,421,,,,,,,,,,
100,275,257,,,,,,,,,,
138,352,264,,,,,,,,,,
140,352,246,,,,,,,,,,
45,408,252,,,,,,,,,,
106,685,253,,,,,,,,,,
108,692,346,,,,,,,,,,
109,255,348,,,,,,,,,,
118,393,192,,,,,,,,,,
120,397,238,,,,,,,,,,
121,379,239,,,,,,,,,,
118,220,272,,,,,,,,,,
119,222,279,,,,,,,,,,
117,449,293,,,,,,,,,,
118,454,175,,,,,,,,,,
119,256,273,,,,,,,,,,
111,261,245,,,,,,,,,,
215,262,253,,,,,,,,,,
143,234,253,,,,,,,,,,
154,235,343,,,,,,,,,,
166,232,689,,,,,,,,,,
120,224,300,,,,,,,,,,
121,225,322,,,,,,,,,,
122,227,263,,,,,,,,,,
72,285,210,,,,,,,,,,
105,281,375,,,,,,,,,,
100,273,379,,,,,,,,,,
100,270,631,,,,,,,,,,
115,270,291,,,,,,,,,,
124,258,400,,,,,,,,,,
125,267,373,,,,,,,,,,
120,269,435,,,,,,,,,,
123,261,221,,,,,,,,,,
124,321,227,,,,,,,,,,
137,325,232,,,,,,,,,,
138,327,258,,,,,,,,,,
139,357,247,,,,,,,,,,
264,359,342,,,,,,,,,,
120,361,342,,,,,,,,,,
122,316,340,,,,,,,,,,
123,321,334,,,,,,,,,,
162,324,317,,,,,,,,,,
162,247,328,,,,,,,,,,
160,248,275,,,,,,,,,,
162,309,249,,,,,,,,,,
107,275,255,,,,,,,,,,
123,277,279,,,,,,,,,,
96,271,272,,,,,,,,,,
96,273,270,,,,,,,,,,
169,47,272,,,,,,,,,,
97,243,375,,,,,,,,,,
128,250,412,,,,,,,,,,
129,243,422,,,,,,,,,,
130,245,459,,,,,,,,,,
187,440,391,,,,,,,,,,
155,449,389,,,,,,,,,,
156,294,565,,,,,,,,,,
122,297,641,,,,,,,,,,
147,298,635,,,,,,,,,,
148,312,356,,,,,,,,,,
150,326,361,,,,,,,,,,
113,333,360,,,,,,,,,,
115,248,215,,,,,,,,,,
115,233,217,,,,,,,,,,
122,233,218,,,,,,,,,,
123,234,273,,,,,,,,,,
217,312,360,,,,,,,,,,
218,319,354,,,,,,,,,,
222,288,337,,,,,,,,,,
310,296,358,,,,,,,,,,
319,286,353,,,,,,,,,,
322,273,321,,,,,,,,,,
229,242,300,,,,,,,,,,
237,243,285,,,,,,,,,,
239,286,282,,,,,,,,,,
241,287,282,,,,,,,,,,
413,278,197,,,,,,,,,,
214,276,209,,,,,,,,,,
470,274,274,,,,,,,,,,
475,281,269,,,,,,,,,,
322,278,256,,,,,,,,,,
310,219,318,,,,,,,,,,
158,324,229,,,,,,,,,,
159,220,229,,,,,,,,,,
161,323,224,,,,,,,,,,
44,331,375,,,,,,,,,,
45,269,362,,,,,,,,,,
45,268,358,,,,,,,,,,
291,270,395,,,,,,,,,,
291,272,462,,,,,,,,,,
292,256,461,,,,,,,,,,
44,271,449,,,,,,,,,,
45,266,437,,,,,,,,,,
45,224,250,,,,,,,,,,
142,374,208,,,,,,,,,,
138,334,211,,,,,,,,,,
139,320,213,,,,,,,,,,
43,355,318,,,,,,,,,,
44,367,316,,,,,,,,,,
44,371,379,,,,,,,,,,
132,319,354,,,,,,,,,,
41,202,363,,,,,,,,,,
42,273,360,,,,,,,,,,
42,273,320,,,,,,,,,,
127,550,319,,,,,,,,,,
127,320,319,,,,,,,,,,
130,290,279,,,,,,,,,,
118,283,320,,,,,,,,,,
121,484,299,,,,,,,,,,
122,501,311,,,,,,,,,,
211,356,323,,,,,,,,,,
120,355,321,,,,,,,,,,
130,242,412,,,,,,,,,,
43,261,267,,,,,,,,,,
43,263,260,,,,,,,,,,
44,265,260,,,,,,,,,,
42,664,229,,,,,,,,,,
42,663,238,,,,,,,,,,
43,670,238,,,,,,,,,,
41,249,232,,,,,,,,,,
130,100,270,,,,,,,,,,
239,232,267,,,,,,,,,,
211,324,268,,,,,,,,,,
195,289,358,,,,,,,,,,
196,262,374,,,,,,,,,,
349,331,362,,,,,,,,,,
41,342,362,,,,,,,,,,
42,344,254,,,,,,,,,,
43,222,262,,,,,,,,,,
41,226,208,,,,,,,,,,
169,228,183,,,,,,,,,,
170,224,369,,,,,,,,,,
101,336,383,,,,,,,,,,
91,247,392,,,,,,,,,,
435,249,256,,,,,,,,,,
440,444,256,,,,,,,,,,
221,444,247,,,,,,,,,,
181,446,183,,,,,,,,,,
98,242,234,,,,,,,,,,
88,259,227,,,,,,,,,,
89,974,270,,,,,,,,,,
119,193,315,,,,,,,,,,
180,320,299,,,,,,,,,,
201,323,294,,,,,,,,,,
110,323,381,,,,,,,,,,
109,325,371,,,,,,,,,,
109,172,340,,,,,,,,,,
137,439,439,,,,,,,,,,
70,279,441,,,,,,,,,,
119,281,445,,,,,,,,,,
115,321,315,,,,,,,,,,
103,322,295,,,,,,,,,,
104,262,292,,,,,,,,,,
115,352,158,,,,,,,,,,
190,319,227,,,,,,,,,,
117,320,223,,,,,,,,,,
119,221,424,,,,,,,,,,
119,317,396,,,,,,,,,,
136,294,301,,,,,,,,,,
137,302,141,,,,,,,,,,
138,256,295,,,,,,,,,,
114,254,476,,,,,,,,,,
114,332,471,,,,,,,,,,
119,334,484,,,,,,,,,,
115,335,295,,,,,,,,,,
104,286,462,,,,,,,,,,
114,286,373,,,,,,,,,,
126,290,380,,,,,,,,,,
124,202,376,,,,,,,,,,
134,212,270,,,,,,,,,,
148,202,277,,,,,,,,,,
114,301,275,,,,,,,,,,
132,385,267,,,,,,,,,,
133,268,258,,,,,,,,,,
97,268,519,,,,,,,,,,
95,262,508,,,,,,,,,,
120,279,508,,,,,,,,,,
101,283,356,,,,,,,,,,
103,285,345,,,,,,,,,,
104,316,316,,,,,,,,,,
127,286,339,,,,,,,,,,
128,255,363,,,,,,,,,,
128,258,367,,,,,,,,,,
59,309,122,,,,,,,,,,
94,389,242,,,,,,,,,,
95,424,251,,,,,,,,,,
118,401,310,,,,,,,,,,
120,553,315,,,,,,,,,,
75,204,256,,,,,,,,,,
76,206,150,,,,,,,,,,
76,346,292,,,,,,,,,,
118,374,423,,,,,,,,,,
557,376,359,,,,,,,,,,
155,355,361,,,,,,,,,,
157,272,359,,,,,,,,,,
159,276,281,,,,,,,,,,
82,278,278,,,,,,,,,,
223,436,256,,,,,,,,,,
124,507,322,,,,,,,,,,
258,201,271,,,,,,,,,,
259,217,265,,,,,,,,,,
100,236,254,,,,,,,,,,
123,259,187,,,,,,,,,,
127,309,276,,,,,,,,,,
128,312,276,,,,,,,,,,
106,307,326,,,,,,,,,,
110,309,330,,,,,,,,,,
124,342,325,,,,,,,,,,
124,338,190,,,,,,,,,,
125,339,235,,,,,,,,,,
225,366,428,,,,,,,,,,
281,366,378,,,,,,,,,,
284,359,262,,,,,,,,,,
286,222,300,,,,,,,,,,
163,216,297,,,,,,,,,,
95,218,291,,,,,,,,,,
95,225,251,,,,,,,,,,
97,194,249,,,,,,,,,,
115,195,247,,,,,,,,,,
116,295,320,,,,,,,,,,
125,374,391,,,,,,,,,,
126,922,212,,,,,,,,,,
127,932,339,,,,,,,,,,
97,319,420,,,,,,,,,,
138,293,350,,,,,,,,,,
184,296,355,,,,,,,,,,
125,249,307,,,,,,,,,,
126,227,133,,,,,,,,,,
122,514,292,,,,,,,,,,
122,289,424,,,,,,,,,,
178,382,420,,,,,,,,,,
118,269,430,,,,,,,,,,
119,282,329,,,,,,,,,,
69,284,565,,,,,,,,,,
109,285,393,,,,,,,,,,
111,335,401,,,,,,,,,,
108,229,197,,,,,,,,,,
112,230,270,,,,,,,,,,
108,326,348,,,,,,,,,,
129,329,350,,,,,,,,,,
132,329,248,,,,,,,,,,
217,268,303,,,,,,,,,,
216,270,394,,,,,,,,,,
218,339,278,,,,,,,,,,
107,344,295,,,,,,,,,,
108,344,285,,,,,,,,,,
134,242,258,,,,,,,,,,
194,247,314,,,,,,,,,,
200,251,246,,,,,,,,,,
191,252,246,,,,,,,,,,
92,484,246,,,,,,,,,,
86,484,249,,,,,,,,,,
86,201,249,,,,,,,,,,
225,175,245,,,,,,,,,,
225,167,243,,,,,,,,,,
225,303,357,,,,,,,,,,
186,305,304,,,,,,,,,,
187,269,301,,,,,,,,,,
123,264,297,,,,,,,,,,
133,266,305,,,,,,,,,,
138,347,302,,,,,,,,,,
132,350,385,,,,,,,,,,
268,316,387,,,,,,,,,,
269,370,418,,,,,,,,,,
270,247,330,,,,,,,,,,
139,232,313,,,,,,,,,,
158,232,311,,,,,,,,,,
159,233,272,,,,,,,,,,
152,285,293,,,,,,,,,,
63,217,342,,,,,,,,,,
316,311,350,,,,,,,,,,
318,314,357,,,,,,,,,,
321,249,358,,,,,,,,,,
126,257,355,,,,,,,,,,
153,258,400,,,,,,,,,,
133,245,404,,,,,,,,,,
282,249,393,,,,,,,,,,
278,251,237,,,,,,,,,,
41,354,559,,,,,,,,,,
152,354,570,,,,,,,,,,
152,334,377,,,,,,,,,,
154,291,407,,,,,,,,,,
148,287,479,,,,,,,,,,
148,279,498,,,,,,,,,,
149,280,301,,,,,,,,,,
158,325,301,,,,,,,,,,
159,313,298,,,,,,,,,,
161,352,671,,,,,,,,,,
141,354,369,,,,,,,,,,
141,356,365,,,,,,,,,,
115,269,363,,,,,,,,,,
116,270,435,,,,,,,,,,
117,273,435,,,,,,,,,,
128,254,433,,,,,,,,,,
129,260,296,,,,,,,,,,
148,263,297,,,,,,,,,,
149,264,278,,,,,,,,,,
131,214,392,,,,,,,,,,
125,215,326,,,,,,,,,,
126,227,331,,,,,,,,,,
131,230,291,,,,,,,,,,
131,226,270,,,,,,,,,,
148,248,271,,,,,,,,,,
149,406,296,,,,,,,,,,
90,234,363,,,,,,,,,,
94,237,418,,,,,,,,,,
103,238,626,,,,,,,,,,
269,188,635,,,,,,,,,,
269,191,639,,,,,,,,,,
273,192,339,,,,,,,,,,
151,146,371,,,,,,,,,,
151,343,373,,,,,,,,,,
153,345,277,,,,,,,,,,
111,349,285,,,,,,,,,,
89,337,293,,,,,,,,,,
139,428,186,,,,,,,,,,
141,417,304,,,,,,,,,,
142,408,304,,,,,,,,,,
167,412,301,,,,,,,,,,
179,343,250,,,,,,,,,,
119,242,426,,,,,,,,,,
123,369,428,,,,,,,,,,
110,371,734,,,,,,,,,,
113,373,360,,,,,,,,,,
114,278,362,,,,,,,,,,
139,404,291,,,,,,,,,,
141,379,288,,,,,,,,,,
143,434,258,,,,,,,,,,
148,442,265,,,,,,,,,,
131,444,256,,,,,,,,,,
130,330,776,,,,,,,,,,
131,269,812,,,,,,,,,,
140,271,257,,,,,,,,,,
102,273,282,,,,,,,,,,
103,296,292,,,,,,,,,,
101,299,287,,,,,,,,,,
103,257,330,,,,,,,,,,
99,261,337,,,,,,,,,,
121,262,337,,,,,,,,,,
122,225,320,,,,,,,,,,
173,233,325,,,,,,,,,,
175,234,320,,,,,,,,,,
135,236,336,,,,,,,,,,
45,224,323,,,,,,,,,,
100,228,335,,,,,,,,,,
387,229,390,,,,,,,,,,
387,280,229,,,,,,,,,,
157,283,229,,,,,,,,,,
150,284,215,,,,,,,,,,
151,212,217,,,,,,,,,,
182,283,218,,,,,,,,,,
142,304,268,,,,,,,,,,
154,306,274,,,,,,,,,,
168,307,282,,,,,,,,,,
131,230,292,,,,,,,,,,
130,231,588,,,,,,,,,,
132,232,629,,,,,,,,,,
134,306,202,,,,,,,,,,
107,309,276,,,,,,,,,,
108,192,582,,,,,,,,,,
108,292,579,,,,,,,,,,
159,268,214,,,,,,,,,,
307,272,258,,,,,,,,,,
158,429,247,,,,,,,,,,
105,411,663,,,,,,,,,,
107,372,637,,,,,,,,,,
136,292,614,,,,,,,,,,
128,320,364,,,,,,,,,,
129,297,364,,,,,,,,,,
131,297,359,,,,,,,,,,
121,212,319,,,,,,,,,,
122,241,324,,,,,,,,,,
124,242,317,,,,,,,,,,
186,309,238,,,,,,,,,,
125,311,239,,,,,,,,,,
132,312,292,,,,,,,,,,
107,282,351,,,,,,,,,,
107,288,254,,,,,,,,,,
108,320,262,,,,,,,,,,
48,323,262,,,,,,,,,,
122,298,347,,,,,,,,,,
201,206,395,,,,,,,,,,
138,282,650,,,,,,,,,,
115,284,231,,,,,,,,,,
115,286,230,,,,,,,,,,
120,203,265,,,,,,,,,,
120,204,323,,,,,,,,,,
84,206,363,,,,,,,,,,
85,235,227,,,,,,,,,,
86,239,234,,,,,,,,,,
160,241,234,,,,,,,,,,
162,213,63,,,,,,,,,,
153,215,205,,,,,,,,,,
141,410,222,,,,,,,,,,
141,400,235,,,,,,,,,,
146,400,310,,,,,,,,,,
122,308,311,,,,,,,,,,
123,500,273,,,,,,,,,,
124,321,256,,,,,,,,,,
124,303,355,,,,,,,,,,
127,301,313,,,,,,,,,,
165,303,318,,,,,,,,,,
166,241,294,,,,,,,,,,
167,378,291,,,,,,,,,,
107,401,239,,,,,,,,,,
108,483,233,,,,,,,,,,
109,258,234,,,,,,,,,,
138,259,60,,,,,,,,,,
117,260,62,,,,,,,,,,
119,442,292,,,,,,,,,,
118,447,299,,,,,,,,,,
120,460,309,,,,,,,,,,
234,371,422,,,,,,,,,,
240,403,422,,,,,,,,,,
241,439,290,,,,,,,,,,
110,369,245,,,,,,,,,,
110,383,250,,,,,,,,,,
110,387,60,,,,,,,,,,
162,391,62,,,,,,,,,,
228,377,60,,,,,,,,,,
112,379,60,,,,,,,,,,
112,301,60,,,,,,,,,,
112,304,61,,,,,,,,,,
98,305,189,,,,,,,,,,
98,279,196,,,,,,,,,,
122,251,302,,,,,,,,,,
123,122,307,,,,,,,,,,
119,325,302,,,,,,,,,,
120,291,222,,,,,,,,,,
124,299,228,,,,,,,,,,
117,300,236,,,,,,,,,,
119,339,261,,,,,,,,,,
120,342,266,,,,,,,,,,
118,352,254,,,,,,,,,,
120,274,1730,,,,,,,,,,
121,274,297,,,,,,,,,,
144,275,301,,,,,,,,,,
109,417,297,,,,,,,,,,
240,424,451,,,,,,,,,,
242,428,464,,,,,,,,,,
244,372,201,,,,,,,,,,
130,378,242,,,,,,,,,,
234,378,282,,,,,,,,,,
241,278,268,,,,,,,,,,
242,281,249,,,,,,,,,,
101,298,271,,,,,,,,,,
102,317,215,,,,,,,,,,
103,264,222,,,,,,,,,,
57,265,223,,,,,,,,,,
78,256,270,,,,,,,,,,
121,413,276,,,,,,,,,,
122,223,273,,,,,,,,,,
226,225,235,,,,,,,,,,
226,225,223,,,,,,,,,,
120,309,215,,,,,,,,,,
120,448,328,,,,,,,,,,
122,344,338,,,,,,,,,,
147,346,340,,,,,,,,,,
147,251,226,,,,,,,,,,
148,261,234,,,,,,,,,,
112,263,236,,,,,,,,,,
112,224,341,,,,,,,,,,
150,167,352,,,,,,,,,,
149,426,348,,,,,,,,,,
149,283,249,,,,,,,,,,
251,523,272,,,,,,,,,,
252,544,279,,,,,,,,,,
140,305,251,,,,,,,,,,
142,357,270,,,,,,,,,,
143,359,279,,,,,,,,,,
111,362,285,,,,,,,,,,
91,218,310,,,,,,,,,,
127,219,319,,,,,,,,,,
128,224,319,,,,,,,,,,
100,351,321,,,,,,,,,,
101,354,269,,,,,,,,,,
99,237,270,,,,,,,,,,
100,226,267,,,,,,,,,,
123,228,506,,,,,,,,,,
123,277,514,,,,,,,,,,
123,215,845,,,,,,,,,,
127,215,302,,,,,,,,,,
132,216,306,,,,,,,,,,
133,213,302,,,,,,,,,,
112,254,895,,,,,,,,,,
142,257,420,,,,,,,,,,
142,528,358,,,,,,,,,,
299,626,226,,,,,,,,,,
307,414,235,,,,,,,,,,
313,338,239,,,,,,,,,,
102,266,249,,,,,,,,,,
103,432,250,,,,,,,,,,
104,280,251,,,,,,,,,,
107,275,1461,,,,,,,,,,
132,275,290,,,,,,,,,,
133,276,300,,,,,,,,,,
102,353,296,,,,,,,,,,
103,362,173,,,,,,,,,,
104,223,178,,,,,,,,,,
89,228,252,,,,,,,,,,
159,277,226,,,,,,,,,,
87,267,243,,,,,,,,,,
157,260,245,,,,,,,,,,
160,295,354,,,,,,,,,,
124,337,364,,,,,,,,,,
195,213,442,,,,,,,,,,
195,286,228,,,,,,,,,,
196,308,250,,,,,,,,,,
154,248,249,,,,,,,,,,
158,245,268,,,,,,,,,,
159,640,226,,,,,,,,,,
165,269,217,,,,,,,,,,
166,272,235,,,,,,,,,,
167,266,243,,,,,,,,,,
99,246,158,,,,,,,,,,
99,239,247,,,,,,,,,,
70,535,264,,,,,,,,,,
187,537,260,,,,,,,,,,
279,294,281,,,,,,,,,,
110,297,281,,,,,,,,,,
111,324,107,,,,,,,,,,
120,327,239,,,,,,,,,,
150,393,231,,,,,,,,,,
114,397,231,,,,,,,,,,
80,184,186,,,,,,,,,,
81,261,201,,,,,,,,,,
131,262,379,,,,,,,,,,
132,245,234,,,,,,,,,,
138,323,245,,,,,,,,,,
140,324,241,,,,,,,,,,
142,319,238,,,,,,,,,,
154,218,223,,,,,,,,,,
156,233,212,,,,,,,,,,
157,300,200,,,,,,,,,,
159,486,201,,,,,,,,,,
159,390,248,,,,,,,,,,
146,392,242,,,,,,,,,,
192,362,250,,,,,,,,,,
194,298,255,,,,,,,,,,
160,396,69,,,,,,,,,,
161,257,212,,,,,,,,,,
163,383,187,,,,,,,,,,
183,401,192,,,,,,,,,,
183,401,193,,,,,,,,,,
90,403,310,,,,,,,,,,
92,274,450,,,,,,,,,,
93,212,450,,,,,,,,,,
107,280,457,,,,,,,,,,
100,283,322,,,,,,,,,,
101,285,240,,,,,,,,,,
122,284,295,,,,,,,,,,
123,287,301,,,,,,,,,,
108,383,247,,,,,,,,,,
117,288,252,,,,,,,,,,
200,370,266,,,,,,,,,,
201,221,438,,,,,,,,,,
202,223,440,,,,,,,,,,
163,287,242,,,,,,,,,,
149,609,238,,,,,,,,,,
150,615,239,,,,,,,,,,
163,761,241,,,,,,,,,,
157,773,238,,,,,,,,,,
150,197,244,,,,,,,,,,
107,312,250,,,,,,,,,,
108,278,246,,,,,,,,,,
126,278,243,,,,,,,,,,
402,281,256,,,,,,,,,,
105,401,256,,,,,,,,,,
106,129,355,,,,,,,,,,
107,237,359,,,,,,,,,,
47,256,209,,,,,,,,,,
131,259,212,,,,,,,,,,
205,250,246,,,,,,,,,,
205,200,255,,,,,,,,,,
189,221,253,,,,,,,,,,
102,362,307,,,,,,,,,,
149,696,201,,,,,,,,,,
154,327,197,,,,,,,,,,
81,357,198,,,,,,,,,,
82,391,211,,,,,,,,,,
228,280,320,,,,,,,,,,
120,270,742,,,,,,,,,,
121,270,935,,,,,,,,,,
85,67,185,,,,,,,,,,
190,237,189,,,,,,,,,,
67,225,282,,,,,,,,,,
109,222,273,,,,,,,,,,
101,221,134,,,,,,,,,,
136,678,193,,,,,,,,,,
137,234,154,,,,,,,,,,
128,234,329,,,,,,,,,,
155,231,334,,,,,,,,,,
156,215,329,,,,,,,,,,
159,409,297,,,,,,,,,,
195,394,292,,,,,,,,,,
196,401,289,,,,,,,,,,
187,413,282,,,,,,,,,,
96,428,288,,,,,,,,,,
109,460,236,,,,,,,,,,
149,431,242,,,,,,,,,,
155,433,243,,,,,,,,,,
88,255,516,,,,,,,,,,
127,291,506,,,,,,,,,,
126,291,467,,,,,,,,,,
127,292,217,,,,,,,,,,
122,398,222,,,,,,,,,,
120,398,218,,,,,,,,,,
116,404,130,,,,,,,,,,
112,281,240,,,,,,,,,,
150,284,248,,,,,,,,,,
133,262,231,,,,,,,,,,
131,729,665,,,,,,,,,,
131,368,370,,,,,,,,,,
133,474,341,,,,,,,,,,
112,310,305,,,,,,,,,,
112,313,206,,,,,,,,,,
112,205,213,,,,,,,,,,
199,208,495,,,,,,,,,,
132,210,554,,,,,,,,,,
134,742,487,,,,,,,,,,
135,202,447,,,,,,,,,,
85,212,622,,,,,,,,,,
107,220,650,,,,,,,,,,
75,441,413,,,,,,,,,,
77,441,420,,,,,,,,,,
77,441,525,,,,,,,,,,
250,908,235,,,,,,,,,,
253,967,245,,,,,,,,,,
134,991,257,,,,,,,,,,
136,417,266,,,,,,,,,,
138,421,244,,,,,,,,,,
138,495,67,,,,,,,,,,
139,600,73,,,,,,,,,,
140,243,76,,,,,,,,,,
167,624,243,,,,,,,,,,
170,342,232,,,,,,,,,,
171,344,233,,,,,,,,,,
159,464,278,,,,,,,,,,
175,566,278,,,,,,,,,,
125,569,280,,,,,,,,,,
127,298,320,,,,,,,,,,
205,303,342,,,,,,,,,,
213,306,337,,,,,,,,,,
213,432,240,,,,,,,,,,
157,436,252,,,,,,,,,,
164,439,253,,,,,,,,,,
121,598,317,,,,,,,,,,
131,604,328,,,,,,,,,,
119,351,95,,,,,,,,,,
205,358,104,,,,,,,,,,
206,360,106,,,,,,,,,,
179,364,313,,,,,,,,,,
608,370,322,,,,,,,,,,
660,377,296,,,,,,,,,,
663,288,433,,,,,,,,,,
122,291,242,,,,,,,,,,
99,292,249,,,,,,,,,,
99,343,356,,,,,,,,,,
100,181,383,,,,,,,,,,
202,267,394,,,,,,,,,,
203,267,299,,,,,,,,,,
205,268,270,,,,,,,,,,
112,268,198,,,,,,,,,,
114,219,198,,,,,,,,,,
458,200,419,,,,,,,,,,
66,202,419,,,,,,,,,,
161,202,407,,,,,,,,,,
164,273,407,,,,,,,,,,
166,233,325,,,,,,,,,,
167,276,287,,,,,,,,,,
138,287,283,,,,,,,,,,
104,287,251,,,,,,,,,,
105,289,306,,,,,,,,,,
137,210,275,,,,,,,,,,
139,221,278,,,,,,,,,,
140,221,484,,,,,,,,,,
425,266,991,,,,,,,,,,
469,274,297,,,,,,,,,,
102,277,301,,,,,,,,,,
103,234,264,,,,,,,,,,
258,231,271,,,,,,,,,,
114,231,276,,,,,,,,,,
115,314,260,,,,,,,,,,
114,318,249,,,,,,,,,,
171,320,253,,,,,,,,,,
172,218,238,,,,,,,,,,
105,218,252,,,,,,,,,,
106,222,253,,,,,,,,,,
164,205,156,,,,,,,,,,
152,201,332,,,,,,,,,,
154,242,342,,,,,,,,,,
155,340,338,,,,,,,,,,
235,274,332,,,,,,,,,,
105,265,234,,,,,,,,,,
227,284,225,,,,,,,,,,
128,297,227,,,,,,,,,,
129,297,246,,,,,,,,,,
129,299,265,,,,,,,,,,
120,207,265,,,,,,,,,,
112,159,293,,,,,,,,,,
112,159,299,,,,,,,,,,
113,170,296,,,,,,,,,,
122,172,223,,,,,,,,,,
121,173,228,,,,,,,,,,
287,266,320,,,,,,,,,,
268,265,304,,,,,,,,,,
213,261,301,,,,,,,,,,
217,198,354,,,,,,,,,,
102,198,362,,,,,,,,,,
136,226,356,,,,,,,,,,
155,229,367,,,,,,,,,,
210,232,373,,,,,,,,,,
162,279,367,,,,,,,,,,
169,283,241,,,,,,,,,,
171,284,259,,,,,,,,,,
112,365,268,,,,,,,,,,
114,337,683,,,,,,,,,,
115,352,663,,,,,,,,,,
104,320,541,,,,,,,,,,
107,323,162,,,,,,,,,,
78,323,159,,,,,,,,,,
68,534,166,,,,,,,,,,
69,665,422,,,,,,,,,,
69,642,351,,,,,,,,,,
291,186,331,,,,,,,,,,
288,182,541,,,,,,,,,,
289,183,606,,,,,,,,,,
165,71,363,,,,,,,,,,
133,237,213,,,,,,,,,,
134,239,392,,,,,,,,,,
153,234,403,,,,,,,,,,
146,241,405,,,,,,,,,,
148,243,339,,,,,,,,,,
107,197,330,,,,,,,,,,
107,200,405,,,,,,,,,,
108,202,413,,,,,,,,,,
193,313,408,,,,,,,,,,
195,313,258,,,,,,,,,,
196,315,277,,,,,,,,,,
129,311,301,,,,,,,,,,
130,317,219,,,,,,,,,,
130,320,226,,,,,,,,,,
179,566,229,,,,,,,,,,
105,270,453,,,,,,,,,,
105,275,469,,,,,,,,,,
105,253,471,,,,,,,,,,
174,234,301,,,,,,,,,,
412,241,296,,,,,,,,,,
116,246,244,,,,,,,,,,
117,284,255,,,,,,,,,,
118,287,284,,,,,,,,,,
186,278,293,,,,,,,,,,
189,295,295,,,,,,,,,,
116,230,214,,,,,,,,,,
117,231,294,,,,,,,,,,
119,281,209,,,,,,,,,,
120,314,222,,,,,,,,,,
212,314,222,,,,,,,,,,
217,319,433,,,,,,,,,,
152,225,274,,,,,,,,,,
100,172,254,,,,,,,,,,
132,172,474,,,,,,,,,,
133,274,392,,,,,,,,,,
133,275,386,,,,,,,,,,
239,278,351,,,,,,,,,,
242,71,356,,,,,,,,,,
137,207,356,,,,,,,,,,
148,202,277,,,,,,,,,,
136,189,258,,,,,,,,,,
154,191,241,,,,,,,,,,
157,319,331,,,,,,,,,,
132,319,313,,,,,,,,,,
195,319,234,,,,,,,,,,
195,95,240,,,,,,,,,,
196,285,296,,,,,,,,,,
128,378,305,,,,,,,,,,
145,265,316,,,,,,,,,,
236,194,663,,,,,,,,,,
161,195,234,,,,,,,,,,
162,196,231,,,,,,,,,,
135,204,235,,,,,,,,,,
130,274,462,,,,,,,,,,
130,624,476,,,,,,,,,,
145,76,448,,,,,,,,,,
149,330,510,,,,,,,,,,
169,332,409,,,,,,,,,,
93,333,403,,,,,,,,,,
143,243,372,,,,,,,,,,
145,201,371,,,,,,,,,,
149,201,373,,,,,,,,,,
121,202,170,,,,,,,,,,
122,316,264,,,,,,,,,,
135,322,478,,,,,,,,,,
142,325,497,,,,,,,,,,
139,258,544,,,,,,,,,,
139,274,598,,,,,,,,,,
102,274,616,,,,,,,,,,
103,230,261,,,,,,,,,,
432,314,284,,,,,,,,,,
425,363,294,,,,,,,,,,
176,390,284,,,,,,,,,,
139,309,291,,,,,,,,,,
139,347,276,,,,,,,,,,
137,369,203,,,,,,,,,,
356,369,210,,,,,,,,,,
357,173,206,,,,,,,,,,
407,216,272,,,,,,,,,,
279,201,274,,,,,,,,,,
261,290,325,,,,,,,,,,
143,292,333,,,,,,,,,,
155,298,245,,,,,,,,,,
93,222,269,,,,,,,,,,
99,221,278,,,,,,,,,,
99,219,292,,,,,,,,,,
221,237,253,,,,,,,,,,
222,316,235,,,,,,,,,,
224,310,236,,,,,,,,,,
274,388,243,,,,,,,,,,
130,288,230,,,,,,,,,,
204,294,238,,,,,,,,,,
123,295,238,,,,,,,,,,
124,345,251,,,,,,,,,,
125,282,259,,,,,,,,,,
107,307,247,,,,,,,,,,
129,258,234,,,,,,,,,,
117,310,238,,,,,,,,,,
119,334,236,,,,,,,,,,
148,456,321,,,,,,,,,,
152,297,224,,,,,,,,,,
74,298,212,,,,,,,,,,
123,338,271,,,,,,,,,,
140,343,387,,,,,,,,,,
141,345,408,,,,,,,,,,
142,301,820,,,,,,,,,,
122,305,208,,,,,,,,,,
136,307,210,,,,,,,,,,
57,382,210,,,,,,,,,,
164,380,419,,,,,,,,,,
165,382,426,,,,,,,,,,
167,666,419,,,,,,,,,,
98,746,239,,,,,,,,,,
98,318,239,,,,,,,,,,
139,189,321,,,,,,,,,,
233,192,473,,,,,,,,,,
233,194,183,,,,,,,,,,
157,190,188,,,,,,,,,,
160,233,205,,,,,,,,,,
161,274,483,,,,,,,,,,
121,279,500,,,,,,,,,,
149,281,462,,,,,,,,,,
151,203,534,,,,,,,,,,
155,204,287,,,,,,,,,,
343,206,277,,,,,,,,,,
346,257,296,,,,,,,,,,
348,260,298,,,,,,,,,,
99,263,298,,,,,,,,,,
100,259,248,,,,,,,,,,
101,251,255,,,,,,,,,,
119,255,247,,,,,,,,,,
334,305,272,,,,,,,,,,
336,282,226,,,,,,,,,,
336,284,230,,,,,,,,,,
159,270,285,,,,,,,,,,
160,270,393,,,,,,,,,,
161,270,741,,,,,,,,,,
121,325,373,,,,,,,,,,
104,533,396,,,,,,,,,,
104,711,272,,,,,,,,,,
133,469,272,,,,,,,,,,
249,500,292,,,,,,,,,,
267,542,832,,,,,,,,,,
269,272,760,,,,,,,,,,
136,264,832,,,,,,,,,,
105,260,191,,,,,,,,,,
105,271,197,,,,,,,,,,
128,276,204,,,,,,,,,,
136,279,374,,,,,,,,,,
139,317,367,,,,,,,,,,
155,321,360,,,,,,,,,,
156,227,60,,,,,,,,,,
159,432,62,,,,,,,,,,
103,432,289,,,,,,,,,,
52,439,256,,,,,,,,,,
116,244,234,,,,,,,,,,
117,247,231,,,,,,,,,,
105,248,792,,,,,,,,,,
105,428,926,,,,,,,,,,
107,425,253,,,,,,,,,,
46,457,273,,,,,,,,,,
139,254,261,,,,,,,,,,
156,260,262,,,,,,,,,,
128,261,675,,,,,,,,,,
104,253,692,,,,,,,,,,
286,243,291,,,,,,,,,,
119,327,453,,,,,,,,,,
121,322,318,,,,,,,,,,
122,527,323,,,,,,,,,,
119,313,662,,,,,,,,,,
127,283,254,,,,,,,,,,
128,237,263,,,,,,,,,,
127,234,259,,,,,,,,,,
192,246,334,,,,,,,,,,
118,247,344,,,,,,,,,,
119,231,341,,,,,,,,,,
120,290,284,,,,,,,,,,
114,290,284,,,,,,,,,,
197,535,294,,,,,,,,,,
203,457,483,,,,,,,,,,
180,486,483,,,,,,,,,,
152,311,483,,,,,,,,,,
153,313,325,,,,,,,,,,
96,315,325,,,,,,,,,,
104,316,325,,,,,,,,,,
106,248,196,,,,,,,,,,
107,251,246,,,,,,,,,,
129,253,681,,,,,,,,,,
139,384,621,,,,,,,,,,
140,256,279,,,,,,,,,,
130,256,237,,,,,,,,,,
112,311,513,,,,,,,,,,
113,313,261,,,,,,,,,,
130,315,176,,,,,,,,,,
57,223,232,,,,,,,,,,
131,221,240,,,,,,,,,,
144,211,204,,,,,,,,,,
146,297,442,,,,,,,,,,
130,238,220,,,,,,,,,,
131,241,226,,,,,,,,,,
132,242,216,,,,,,,,,,
110,284,520,,,,,,,,,,
111,247,507,,,,,,,,,,
112,249,444,,,,,,,,,,
113,264,274,,,,,,,,,,
116,280,292,,,,,,,,,,
116,281,308,,,,,,,,,,
117,210,211,,,,,,,,,,
113,328,260,,,,,,,,,,
115,293,484,,,,,,,,,,
115,298,635,,,,,,,,,,
173,247,647,,,,,,,,,,
173,227,722,,,,,,,,,,
174,182,275,,,,,,,,,,
120,433,284,,,,,,,,,,
120,437,266,,,,,,,,,,
122,251,439,,,,,,,,,,
110,255,452,,,,,,,,,,
110,256,199,,,,,,,,,,
110,162,240,,,,,,,,,,
109,162,240,,,,,,,,,,
82,163,356,,,,,,,,,,
151,154,351,,,,,,,,,,
105,156,441,,,,,,,,,,
74,156,441,,,,,,,,,,
338,304,349,,,,,,,,,,
340,259,370,,,,,,,,,,
159,261,367,,,,,,,,,,
160,265,710,,,,,,,,,,
160,268,710,,,,,,,,,,
119,330,1414,,,,,,,,,,
214,348,171,,,,,,,,,,
216,163,175,,,,,,,,,,
217,249,181,,,,,,,,,,
176,222,418,,,,,,,,,,
111,695,60,,,,,,,,,,
113,194,60,,,,,,,,,,
108,194,141,,,,,,,,,,
108,195,242,,,,,,,,,,
186,256,424,,,,,,,,,,
187,251,430,,,,,,,,,,
173,274,395,,,,,,,,,,
176,192,320,,,,,,,,,,
99,101,341,,,,,,,,,,
101,272,346,,,,,,,,,,
115,274,339,,,,,,,,,,
115,276,381,,,,,,,,,,
113,460,367,,,,,,,,,,
98,426,362,,,,,,,,,,
98,409,327,,,,,,,,,,
98,340,677,,,,,,,,,,
118,321,219,,,,,,,,,,
122,302,221,,,,,,,,,,
131,570,227,,,,,,,,,,
236,257,228,,,,,,,,,,
253,418,265,,,,,,,,,,
109,431,265,,,,,,,,,,
109,421,266,,,,,,,,,,
96,425,518,,,,,,,,,,
96,343,536,,,,,,,,,,
96,268,494,,,,,,,,,,
107,275,251,,,,,,,,,,
116,297,233,,,,,,,,,,
156,222,279,,,,,,,,,,
95,216,204,,,,,,,,,,
108,355,210,,,,,,,,,,
131,357,460,,,,,,,,,,
133,281,467,,,,,,,,,,
138,281,457,,,,,,,,,,
101,282,264,,,,,,,,,,
114,43,279,,,,,,,,,,
114,193,300,,,,,,,,,,
114,324,741,,,,,,,,,,
109,214,897,,,,,,,,,,
197,212,627,,,,,,,,,,
211,209,564,,,,,,,,,,
129,253,328,,,,,,,,,,
108,250,350,,,,,,,,,,
104,321,377,,,,,,,,,,
219,282,473,,,,,,,,,,
219,282,429,,,,,,,,,,
117,263,444,,,,,,,,,,
111,296,298,,,,,,,,,,
112,260,230,,,,,,,,,,
290,274,231,,,,,,,,,,
314,338,211,,,,,,,,,,
290,291,215,,,,,,,,,,
96,292,259,,,,,,,,,,
115,272,246,,,,,,,,,,
116,306,386,,,,,,,,,,
117,172,528,,,,,,,,,,
122,293,305,,,,,,,,,,
336,296,305,,,,,,,,,,
72,298,319,,,,,,,,,,
151,365,51,,,,,,,,,,
108,367,218,,,,,,,,,,
138,371,453,,,,,,,,,,
112,547,464,,,,,,,,,,
178,547,364,,,,,,,,,,
179,215,359,,,,,,,,,,
173,217,359,,,,,,,,,,
112,219,390,,,,,,,,,,
120,355,396,,,,,,,,,,
144,276,363,,,,,,,,,,
147,226,368,,,,,,,,,,
147,228,287,,,,,,,,,,
169,228,231,,,,,,,,,,
137,134,657,,,,,,,,,,
159,336,239,,,,,,,,,,
154,412,245,,,,,,,,,,
159,148,180,,,,,,,,,,
160,183,233,,,,,,,,,,
148,185,222,,,,,,,,,,
148,200,343,,,,,,,,,,
143,199,343,,,,,,,,,,
102,214,345,,,,,,,,,,
159,294,315,,,,,,,,,,
163,277,265,,,,,,,,,,
164,279,289,,,,,,,,,,
166,280,245,,,,,,,,,,
219,324,253,,,,,,,,,,
222,324,330,,,,,,,,,,
85,326,344,,,,,,,,,,
87,248,345,,,,,,,,,,
87,248,875,,,,,,,,,,
340,249,910,,,,,,,,,,
347,233,987,,,,,,,,,,
349,243,1061,,,,,,,,,,
171,259,307,,,,,,,,,,
174,276,333,,,,,,,,,,
176,296,315,,,,,,,,,,
140,321,398,,,,,,,,,,
140,234,367,,,,,,,,,,
119,234,264,,,,,,,,,,
121,236,275,,,,,,,,,,
122,215,292,,,,,,,,,,
286,219,299,,,,,,,,,,
310,302,441,,,,,,,,,,
338,302,447,,,,,,,,,,
148,268,447,,,,,,,,,,
148,268,472,,,,,,,,,,
105,272,196,,,,,,,,,,
105,340,202,,,,,,,,,,
106,215,203,,,,,,,,,,
127,216,285,,,,,,,,,,
108,218,292,,,,,,,,,,
98,334,353,,,,,,,,,,
52,444,368,,,,,,,,,,
52,729,380,,,,,,,,,,
53,77,220,,,,,,,,,,
41,78,231,,,,,,,,,,
139,79,217,,,,,,,,,,
140,335,218,,,,,,,,,,
229,354,241,,,,,,,,,,
277,377,245,,,,,,,,,,
254,377,266,,,,,,,,,,
159,379,384,,,,,,,,,,
143,240,372,,,,,,,,,,
144,343,245,,,,,,,,,,
145,354,234,,,,,,,,,,
135,487,486,,,,,,,,,,
138,647,649,,,,,,,,,,
129,62,326,,,,,,,,,,
130,61,467,,,,,,,,,,
131,61,442,,,,,,,,,,
125,213,227,,,,,,,,,,
232,205,216,,,,,,,,,,
236,206,217,,,,,,,,,,
151,210,480,,,,,,,,,,
153,280,485,,,,,,,,,,
122,293,166,,,,,,,,,,
123,295,618,,,,,,,,,,
123,296,332,,,,,,,,,,
123,378,339,,,,,,,,,,
132,378,243,,,,,,,,,,
100,323,248,,,,,,,,,,
101,242,241,,,,,,,,,,
102,319,493,,,,,,,,,,
104,300,249,,,,,,,,,,
105,304,276,,,,,,,,,,
106,304,283,,,,,,,,,,
116,306,271,,,,,,,,,,
170,224,247,,,,,,,,,,
171,224,383,,,,,,,,,,
174,232,382,,,,,,,,,,
131,251,648,,,,,,,,,,
166,270,817,,,,,,,,,,
168,274,746,,,,,,,,,,
170,275,326,,,,,,,,,,
156,267,348,,,,,,,,,,
159,266,225,,,,,,,,,,
160,259,297,,,,,,,,,,
143,254,306,,,,,,,,,,
145,288,377,,,,,,,,,,
145,264,305,,,,,,,,,,
102,266,300,,,,,,,,,,
102,266,288,,,,,,,,,,
104,328,272,,,,,,,,,,
263,249,282,,,,,,,,,,
131,254,273,,,,,,,,,,
132,247,280,,,,,,,,,,
178,364,232,,,,,,,,,,
118,351,263,,,,,,,,,,
120,337,270,,,,,,,,,,
122,262,272,,,,,,,,,,
131,274,236,,,,,,,,,,
132,274,1183,,,,,,,,,,
133,275,261,,,,,,,,,,
166,129,316,,,,,,,,,,
168,380,327,,,,,,,,,,
135,282,324,,,,,,,,,,
132,290,334,,,,,,,,,,
132,273,329,,,,,,,,,,
134,312,309,,,,,,,,,,
102,313,320,,,,,,,,,,
95,313,306,,,,,,,,,,
100,221,571,,,,,,,,,,
101,227,352,,,,,,,,,,
102,230,482,,,,,,,,,,
102,303,528,,,,,,,,,,
102,306,770,,,,,,,,,,
152,357,900,,,,,,,,,,
153,355,340,,,,,,,,,,
153,356,280,,,,,,,,,,
252,294,508,,,,,,,,,,
440,351,531,,,,,,,,,,
122,351,510,,,,,,,,,,
129,354,231,,,,,,,,,,
138,335,217,,,,,,,,,,
139,343,270,,,,,,,,,,
92,343,278,,,,,,,,,,
92,345,274,,,,,,,,,,
93,216,274,,,,,,,,,,
106,218,127,,,,,,,,,,
103,219,121,,,,,,,,,,
105,330,125,,,,,,,,,,
106,346,126,,,,,,,,,,
169,346,238,,,,,,,,,,
270,343,227,,,,,,,,,,
508,347,228,,,,,,,,,,
173,348,254,,,,,,,,,,
261,267,207,,,,,,,,,,
173,268,263,,,,,,,,,,
164,301,267,,,,,,,,,,
167,303,532,,,,,,,,,,
168,304,267,,,,,,,,,,
157,249,297,,,,,,,,,,
158,253,306,,,,,,,,,,
129,239,307,,,,,,,,,,
132,279,246,,,,,,,,,,
133,287,295,,,,,,,,,,
112,354,356,,,,,,,,,,
119,399,385,,,,,,,,,,
206,401,421,,,,,,,,,,
157,403,241,,,,,,,,,,
124,691,314,,,,,,,,,,
124,295,323,,,,,,,,,,
302,309,325,,,,,,,,,,
102,309,286,,,,,,,,,,
249,310,315,,,,,,,,,,
251,348,320,,,,,,,,,,
271,348,230,,,,,,,,,,
282,350,222,,,,,,,,,,
179,228,254,,,,,,,,,,
174,298,404,,,,,,,,,,
110,246,301,,,,,,,,,,
217,520,298,,,,,,,,,,
219,248,292,,,,,,,,,,
132,252,381,,,,,,,,,,
138,365,245,,,,,,,,,,
138,367,236,,,,,,,,,,
139,375,236,,,,,,,,,,
122,336,410,,,,,,,,,,
122,167,398,,,,,,,,,,
123,253,215,,,,,,,,,,
148,335,200,,,,,,,,,,
151,335,202,,,,,,,,,,
156,337,266,,,,,,,,,,
146,192,255,,,,,,,,,,
147,231,239,,,,,,,,,,
108,465,597,,,,,,,,,,
109,283,468,,,,,,,,,,
116,293,624,,,,,,,,,,
155,295,345,,,,,,,,,,
239,322,188,,,,,,,,,,
94,332,273,,,,,,,,,,
164,333,278,,,,,,,,,,
69,312,280,,,,,,,,,,
125,315,656,,,,,,,,,,
115,333,656,,,,,,,,,,
116,314,254,,,,,,,,,,
118,316,471,,,,,,,,,,
137,230,263,,,,,,,,,,
137,203,271,,,,,,,,,,
140,366,280,,,,,,,,,,
106,373,588,,,,,,,,,,
108,270,337,,,,,,,,,,
109,274,289,,,,,,,,,,
155,276,286,,,,,,,,,,
96,191,385,,,,,,,,,,
97,192,296,,,,,,,,,,
153,194,252,,,,,,,,,,
155,379,248,,,,,,,,,,
155,393,246,,,,,,,,,,
181,332,155,,,,,,,,,,
181,549,160,,,,,,,,,,
181,554,166,,,,,,,,,,
164,557,352,,,,,,,,,,
168,370,391,,,,,,,,,,
160,372,205,,,,,,,,,,
206,406,209,,,,,,,,,,
208,409,216,,,,,,,,,,
219,411,407,,,,,,,,,,
167,346,407,,,,,,,,,,
168,314,317,,,,,,,,,,
169,277,226,,,,,,,,,,
106,151,233,,,,,,,,,,
105,440,291,,,,,,,,,,
107,443,310,,,,,,,,,,
108,208,229,,,,,,,,,,
152,212,236,,,,,,,,,,
155,215,276,,,,,,,,,,
157,194,837,,,,,,,,,,
77,237,862,,,,,,,,,,
161,279,517,,,,,,,,,,
143,342,338,,,,,,,,,,
146,346,315,,,,,,,,,,
147,428,252,,,,,,,,,,
128,235,143,,,,,,,,,,
148,236,149,,,,,,,,,,
198,241,162,,,,,,,,,,
186,263,231,,,,,,,,,,
187,218,238,,,,,,,,,,
169,218,252,,,,,,,,,,
111,219,262,,,,,,,,,,
150,329,275,,,,,,,,,,
139,338,273,,,,,,,,,,
139,338,398,,,,,,,,,,
95,341,380,,,,,,,,,,
96,416,329,,,,,,,,,,
130,411,326,,,,,,,,,,
131,416,511,,,,,,,,,,
133,263,514,,,,,,,,,,
148,264,504,,,,,,,,,,
149,260,294,,,,,,,,,,
329,403,299,,,,,,,,,,
317,407,296,,,,,,,,,,
317,353,496,,,,,,,,,,
165,293,259,,,,,,,,,,
127,267,259,,,,,,,,,,
129,229,281,,,,,,,,,,
72,291,308,,,,,,,,,,
109,296,272,,,,,,,,,,
151,297,229,,,,,,,,,,
165,369,279,,,,,,,,,,
166,373,416,,,,,,,,,,
221,271,304,,,,,,,,,,
223,272,311,,,,,,,,,,
233,276,322,,,,,,,,,,
135,231,712,,,,,,,,,,
137,234,248,,,,,,,,,,
139,235,255,,,,,,,,,,
130,64,257,,,,,,,,,,
250,230,346,,,,,,,,,,
270,231,355,,,,,,,,,,
126,78,360,,,,,,,,,,
125,78,374,,,,,,,,,,
93,79,376,,,,,,,,,,
94,214,374,,,,,,,,,,
92,216,326,,,,,,,,,,
160,216,297,,,,,,,,,,
160,248,458,,,,,,,,,,
161,222,237,,,,,,,,,,
107,226,245,,,,,,,,,,
115,223,236,,,,,,,,,,
146,286,236,,,,,,,,,,
148,292,247,,,,,,,,,,
149,293,231,,,,,,,,,,
114,287,224,,,,,,,,,,
73,290,282,,,,,,,,,,
74,243,288,,,,,,,,,,
75,248,273,,,,,,,,,,
172,741,279,,,,,,,,,,
172,321,270,,,,,,,,,,
101,341,279,,,,,,,,,,
101,341,287,,,,,,,,,,
106,304,296,,,,,,,,,,
108,304,297,,,,,,,,,,
81,306,174,,,,,,,,,,
147,255,201,,,,,,,,,,
148,236,554,,,,,,,,,,
149,236,694,,,,,,,,,,
108,293,61,,,,,,,,,,
118,293,61,,,,,,,,,,
130,264,61,,,,,,,,,,
123,279,57,,,,,,,,,,
123,351,59,,,,,,,,,,
125,353,59,,,,,,,,,,
112,360,54,,,,,,,,,,
113,286,54,,,,,,,,,,
113,190,55,,,,,,,,,,
71,191,54,,,,,,,,,,
120,192,55,,,,,,,,,,
154,312,54,,,,,,,,,,
152,313,60,,,,,,,,,,
76,315,319,,,,,,,,,,
402,239,321,,,,,,,,,,
462,245,324,,,,,,,,,,
471,271,174,,,,,,,,,,
125,272,179,,,,,,,,,,
127,370,180,,,,,,,,,,
109,228,216,,,,,,,,,,
102,212,215,,,,,,,,,,
102,277,216,,,,,,,,,,
104,204,258,,,,,,,,,,
117,240,267,,,,,,,,,,
118,240,268,,,,,,,,,,
120,242,249,,,,,,,,,,
202,253,254,,,,,,,,,,
204,211,255,,,,,,,,,,
156,212,205,,,,,,,,,,
98,215,234,,,,,,,,,,
98,358,348,,,,,,,,,,
142,361,274,,,,,,,,,,
108,361,280,,,,,,,,,,
109,220,277,,,,,,,,,,
111,221,311,,,,,,,,,,
115,215,308,,,,,,,,,,
44,593,222,,,,,,,,,,
129,250,212,,,,,,,,,,
222,234,252,,,,,,,,,,
223,218,250,,,,,,,,,,
225,235,252,,,,,,,,,,
114,297,269,,,,,,,,,,
104,320,264,,,,,,,,,,
106,242,269,,,,,,,,,,
106,232,242,,,,,,,,,,
107,234,252,,,,,,,,,,
98,235,250,,,,,,,,,,
99,403,477,,,,,,,,,,
100,407,530,,,,,,,,,,
97,226,475,,,,,,,,,,
98,227,611,,,,,,,,,,
92,219,308,,,,,,,,,,
80,215,665,,,,,,,,,,
116,217,383,,,,,,,,,,
117,313,437,,,,,,,,,,
101,315,56,,,,,,,,,,
102,317,59,,,,,,,,,,
97,289,61,,,,,,,,,,
79,285,310,,,,,,,,,,
80,286,296,,,,,,,,,,
81,289,296,,,,,,,,,,
68,265,310,,,,,,,,,,
149,250,173,,,,,,,,,,
134,250,251,,,,,,,,,,
111,241,269,,,,,,,,,,
105,241,358,,,,,,,,,,
105,242,245,,,,,,,,,,
106,256,688,,,,,,,,,,
125,228,84,,,,,,,,,,
132,250,252,,,,,,,,,,
132,310,253,,,,,,,,,,
134,308,296,,,,,,,,,,
104,308,255,,,,,,,,,,
143,346,264,,,,,,,,,,
149,241,355,,,,,,,,,,
152,241,387,,,,,,,,,,
127,242,389,,,,,,,,,,
128,331,315,,,,,,,,,,
98,543,232,,,,,,,,,,
99,352,381,,,,,,,,,,
115,347,387,,,,,,,,,,
116,230,379,,,,,,,,,,
118,231,373,,,,,,,,,,
109,232,56,,,,,,,,,,
144,415,59,,,,,,,,,,
146,63,60,,,,,,,,,,
169,221,904,,,,,,,,,,
170,221,1184,,,,,,,,,,
171,222,1581,,,,,,,,,,
163,193,327,,,,,,,,,,
101,331,351,,,,,,,,,,
102,291,206,,,,,,,,,,
89,132,217,,,,,,,,,,
103,261,221,,,,,,,,,,
79,253,219,,,,,,,,,,
186,270,225,,,,,,,,,,
114,255,227,,,,,,,,,,
123,378,230,,,,,,,,,,
136,392,295,,,,,,,,,,
107,394,321,,,,,,,,,,
108,270,246,,,,,,,,,,
97,276,465,,,,,,,,,,
217,212,249,,,,,,,,,,
47,210,183,,,,,,,,,,
48,211,190,,,,,,,,,,
49,455,195,,,,,,,,,,
71,202,207,,,,,,,,,,
105,207,216,,,,,,,,,,
105,209,223,,,,,,,,,,
184,263,237,,,,,,,,,,
184,263,243,,,,,,,,,,
185,265,241,,,,,,,,,,
92,289,253,,,,,,,,,,
124,290,259,,,,,,,,,,
125,262,242,,,,,,,,,,
182,211,342,,,,,,,,,,
184,212,351,,,,,,,,,,
112,314,869,,,,,,,,,,
112,584,908,,,,,,,,,,
131,638,827,,,,,,,,,,
177,638,257,,,,,,,,,,
179,641,260,,,,,,,,,,
181,296,238,,,,,,,,,,
119,261,263,,,,,,,,,,
120,237,119,,,,,,,,,,
122,237,354,,,,,,,,,,
150,238,121,,,,,,,,,,
177,418,241,,,,,,,,,,
180,422,266,,,,,,,,,,
122,253,272,,,,,,,,,,
197,248,246,,,,,,,,,,
91,250,646,,,,,,,,,,
92,261,690,,,,,,,,,,
91,242,446,,,,,,,,,,
102,244,164,,,,,,,,,,
104,250,252,,,,,,,,,,
116,257,268,,,,,,,,,,
117,138,255,,,,,,,,,,
118,291,256,,,,,,,,,,
102,291,216,,,,,,,,,,
104,284,223,,,,,,,,,,
105,421,223,,,,,,,,,,
163,407,268,,,,,,,,,,
291,275,286,,,,,,,,,,
292,277,310,,,,,,,,,,
184,385,278,,,,,,,,,,
140,359,315,,,,,,,,,,
142,361,308,,,,,,,,,,
164,210,312,,,,,,,,,,
165,202,314,,,,,,,,,,
168,203,244,,,,,,,,,,
70,214,251,,,,,,,,,,
72,336,253,,,,,,,,,,
72,339,421,,,,,,,,,,
115,325,79,,,,,,,,,,
104,323,249,,,,,,,,,,
104,451,247,,,,,,,,,,
142,456,495,,,,,,,,,,
143,273,510,,,,,,,,,,
161,299,505,,,,,,,,,,
167,304,331,,,,,,,,,,
169,307,332,,,,,,,,,,
109,389,513,,,,,,,,,,
109,362,564,,,,,,,,,,
110,389,325,,,,,,,,,,
65,249,334,,,,,,,,,,
161,248,329,,,,,,,,,,
164,247,294,,,,,,,,,,
272,248,317,,,,,,,,,,
275,285,371,,,,,,,,,,
102,292,287,,,,,,,,,,
47,295,376,,,,,,,,,,
110,266,398,,,,,,,,,,
170,292,391,,,,,,,,,,
171,287,397,,,,,,,,,,
177,290,391,,,,,,,,,,
79,249,311,,,,,,,,,,
163,253,320,,,,,,,,,,
165,42,191,,,,,,,,,,
210,182,243,,,,,,,,,,
215,394,190,,,,,,,,,,
217,349,197,,,,,,,,,,
261,351,202,,,,,,,,,,
265,309,225,,,,,,,,,,
265,282,236,,,,,,,,,,
131,285,237,,,,,,,,,,
133,361,238,,,,,,,,,,
135,365,337,,,,,,,,,,
89,363,359,,,,,,,,,,
92,573,359,,,,,,,,,,
91,351,267,,,,,,,,,,
146,347,278,,,,,,,,,,
152,213,290,,,,,,,,,,
153,214,218,,,,,,,,,,
108,235,249,,,,,,,,,,
109,214,262,,,,,,,,,,
123,521,242,,,,,,,,,,
124,338,249,,,,,,,,,,
149,249,246,,,,,,,,,,
151,194,329,,,,,,,,,,
152,306,422,,,,,,,,,,
131,309,431,,,,,,,,,,
167,328,433,,,,,,,,,,
171,474,264,,,,,,,,,,
167,260,274,,,,,,,,,,
171,262,242,,,,,,,,,,
172,235,234,,,,,,,,,,
260,238,250,,,,,,,,,,
253,242,258,,,,,,,,,,
241,342,254,,,,,,,,,,
110,345,770,,,,,,,,,,
111,313,310,,,,,,,,,,
112,314,343,,,,,,,,,,
109,295,655,,,,,,,,,,
111,312,326,,,,,,,,,,
112,301,369,,,,,,,,,,
137,303,187,,,,,,,,,,
144,270,193,,,,,,,,,,
145,302,399,,,,,,,,,,
161,289,502,,,,,,,,,,
103,283,270,,,,,,,,,,
104,210,576,,,,,,,,,,
105,176,254,,,,,,,,,,
148,359,263,,,,,,,,,,
115,336,261,,,,,,,,,,
116,283,535,,,,,,,,,,
41,284,225,,,,,,,,,,
41,287,247,,,,,,,,,,
41,414,258,,,,,,,,,,
42,462,233,,,,,,,,,,
42,465,248,,,,,,,,,,
42,469,256,,,,,,,,,,
41,355,253,,,,,,,,,,
42,348,238,,,,,,,,,,
43,337,245,,,,,,,,,,
294,343,254,,,,,,,,,,
294,198,272,,,,,,,,,,
296,200,279,,,,,,,,,,
143,201,273,,,,,,,,,,
88,219,274,,,,,,,,,,
90,281,214,,,,,,,,,,
156,325,214,,,,,,,,,,
156,330,221,,,,,,,,,,
147,331,396,,,,,,,,,,
98,562,349,,,,,,,,,,
99,250,278,,,,,,,,,,
121,252,570,,,,,,,,,,
122,252,281,,,,,,,,,,
123,436,276,,,,,,,,,,
127,436,273,,,,,,,,,,
127,443,736,,,,,,,,,,
129,319,699,,,,,,,,,,
92,349,684,,,,,,,,,,
43,329,314,,,,,,,,,,
122,50,261,,,,,,,,,,
205,304,433,,,,,,,,,,
208,309,931,,,,,,,,,,
209,310,948,,,,,,,,,,
179,293,1560,,,,,,,,,,
137,296,233,,,,,,,,,,
139,297,237,,,,,,,,,,
140,373,238,,,,,,,,,,
145,388,333,,,,,,,,,,
231,396,333,,,,,,,,,,
131,415,331,,,,,,,,,,
132,243,563,,,,,,,,,,
133,245,583,,,,,,,,,,
130,446,185,,,,,,,,,,
135,374,185,,,,,,,,,,
173,368,672,,,,,,,,,,
116,371,659,,,,,,,,,,
117,583,662,,,,,,,,,,
149,586,223,,,,,,,,,,
155,360,202,,,,,,,,,,
44,277,206,,,,,,,,,,
45,278,287,,,,,,,,,,
45,354,285,,,,,,,,,,
112,358,285,,,,,,,,,,
114,359,251,,,,,,,,,,
115,448,204,,,,,,,,,,
122,465,313,,,,,,,,,,
109,443,290,,,,,,,,,,
119,295,287,,,,,,,,,,
120,295,335,,,,,,,,,,
121,297,344,,,,,,,,,,
102,332,340,,,,,,,,,,
121,352,310,,,,,,,,,,
122,415,333,,,,,,,,,,
124,420,327,,,,,,,,,,
105,420,232,,,,,,,,,,
106,346,233,,,,,,,,,,
97,349,251,,,,,,,,,,
147,349,186,,,,,,,,,,
147,350,186,,,,,,,,,,
149,420,501,,,,,,,,,,
359,424,646,,,,,,,,,,
359,427,743,,,,,,,,,,
361,287,604,,,,,,,,,,
239,311,522,,,,,,,,,,
164,315,512,,,,,,,,,,
166,235,301,,,,,,,,,,
168,240,287,,,,,,,,,,
140,415,284,,,,,,,,,,
162,672,320,,,,,,,,,,
164,314,329,,,,,,,,,,
120,314,247,,,,,,,,,,
97,296,338,,,,,,,,,,
98,296,345,,,,,,,,,,
110,299,339,,,,,,,,,,
81,301,199,,,,,,,,,,
96,81,324,,,,,,,,,,
97,361,295,,,,,,,,,,
261,364,292,,,,,,,,,,
97,351,393,,,,,,,,,,
177,415,401,,,,,,,,,,
114,417,401,,,,,,,,,,
115,419,801,,,,,,,,,,
136,434,913,,,,,,,,,,
137,522,316,,,,,,,,,,
78,566,335,,,,,,,,,,
78,424,465,,,,,,,,,,
79,377,280,,,,,,,,,,
103,393,289,,,,,,,,,,
103,397,286,,,,,,,,,,
104,320,495,,,,,,,,,,
457,325,219,,,,,,,,,,
503,327,278,,,,,,,,,,
244,336,264,,,,,,,,,,
208,361,264,,,,,,,,,,
209,367,241,,,,,,,,,,
210,362,248,,,,,,,,,,
116,240,248,,,,,,,,,,
119,242,250,,,,,,,,,,
120,242,255,,,,,,,,,,
206,553,256,,,,,,,,,,
209,466,213,,,,,,,,,,
211,329,268,,,,,,,,,,
153,329,915,,,,,,,,,,
149,331,929,,,,,,,,,,
122,257,929,,,,,,,,,,
123,276,262,,,,,,,,,,
154,281,251,,,,,,,,,,
157,292,252,,,,,,,,,,
79,292,513,,,,,,,,,,
81,292,1014,,,,,,,,,,
82,490,491,,,,,,,,,,
144,267,564,,,,,,,,,,
145,263,559,,,,,,,,,,
146,265,506,,,,,,,,,,
203,267,248,,,,,,,,,,
204,310,248,,,,,,,,,,
206,324,248,,,,,,,,,,
84,347,441,,,,,,,,,,
115,41,195,,,,,,,,,,
116,398,425,,,,,,,,,,
176,379,511,,,,,,,,,,
177,320,251,,,,,,,,,,
171,251,345,,,,,,,,,,
210,251,271,,,,,,,,,,
213,318,268,,,,,,,,,,
140,318,347,,,,,,,,,,
141,313,247,,,,,,,,,,
156,352,249,,,,,,,,,,
158,297,477,,,,,,,,,,
228,286,472,,,,,,,,,,
250,281,486,,,,,,,,,,
131,280,544,,,,,,,,,,
131,268,339,,,,,,,,,,
144,270,615,,,,,,,,,,
147,407,534,,,,,,,,,,
138,258,540,,,,,,,,,,
69,222,287,,,,,,,,,,
102,94,262,,,,,,,,,,
103,442,606,,,,,,,,,,
216,358,230,,,,,,,,,,
130,287,259,,,,,,,,,,
131,291,265,,,,,,,,,,
125,262,530,,,,,,,,,,
69,255,552,,,,,,,,,,
152,175,552,,,,,,,,,,
152,345,410,,,,,,,,,,
106,314,302,,,,,,,,,,
107,339,302,,,,,,,,,,
118,321,300,,,,,,,,,,
115,314,235,,,,,,,,,,
115,506,235,,,,,,,,,,
117,384,237,,,,,,,,,,
150,416,348,,,,,,,,,,
151,454,321,,,,,,,,,,
181,381,323,,,,,,,,,,
115,237,254,,,,,,,,,,
115,287,261,,,,,,,,,,
122,295,177,,,,,,,,,,
481,295,178,,,,,,,,,,
211,360,357,,,,,,,,,,
123,365,253,,,,,,,,,,
118,367,261,,,,,,,,,,
118,236,261,,,,,,,,,,
181,290,262,,,,,,,,,,
188,312,229,,,,,,,,,,
168,312,236,,,,,,,,,,
149,315,184,,,,,,,,,,
149,238,185,,,,,,,,,,
168,266,237,,,,,,,,,,
179,331,242,,,,,,,,,,
193,344,360,,,,,,,,,,
107,328,330,,,,,,,,,,
109,330,285,,,,,,,,,,
110,336,285,,,,,,,,,,
219,338,441,,,,,,,,,,
137,322,278,,,,,,,,,,
164,307,253,,,,,,,,,,
164,309,325,,,,,,,,,,
122,367,435,,,,,,,,,,
122,369,265,,,,,,,,,,
174,371,274,,,,,,,,,,
177,281,269,,,,,,,,,,
115,256,299,,,,,,,,,,
118,257,299,,,,,,,,,,
157,425,265,,,,,,,,,,
158,278,264,,,,,,,,,,
161,282,268,,,,,,,,,,
314,285,323,,,,,,,,,,
111,294,325,,,,,,,,,,
258,295,326,,,,,,,,,,
115,358,128,,,,,,,,,,
118,361,132,,,,,,,,,,
118,365,133,,,,,,,,,,
184,361,264,,,,,,,,,,
129,374,272,,,,,,,,,,
389,322,274,,,,,,,,,,
393,325,303,,,,,,,,,,
108,269,300,,,,,,,,,,
118,281,314,,,,,,,,,,
118,284,757,,,,,,,,,,
120,286,1568,,,,,,,,,,
221,258,808,,,,,,,,,,
120,274,411,,,,,,,,,,
121,288,308,,,,,,,,,,
140,278,308,,,,,,,,,,
140,409,304,,,,,,,,,,
157,415,311,,,,,,,,,,
161,387,248,,,,,,,,,,
163,387,262,,,,,,,,,,
106,101,170,,,,,,,,,,
107,452,361,,,,,,,,,,
135,309,349,,,,,,,,,,
136,358,337,,,,,,,,,,
137,357,149,,,,,,,,,,
72,358,213,,,,,,,,,,
72,377,234,,,,,,,,,,
74,332,309,,,,,,,,,,
173,335,314,,,,,,,,,,
70,313,309,,,,,,,,,,
71,228,422,,,,,,,,,,
116,306,496,,,,,,,,,,
154,640,279,,,,,,,,,,
155,643,288,,,,,,,,,,
137,334,283,,,,,,,,,,
137,356,307,,,,,,,,,,
107,361,263,,,,,,,,,,
108,362,264,,,,,,,,,,
109,364,253,,,,,,,,,,
138,415,232,,,,,,,,,,
138,419,222,,,,,,,,,,
136,276,222,,,,,,,,,,
69,279,284,,,,,,,,,,
115,416,286,,,,,,,,,,
116,418,256,,,,,,,,,,
117,567,182,,,,,,,,,,
162,670,308,,,,,,,,,,
127,602,317,,,,,,,,,,
130,724,357,,,,,,,,,,
126,733,245,,,,,,,,,,
127,740,510,,,,,,,,,,
127,320,549,,,,,,,,,,
117,339,552,,,,,,,,,,
118,80,329,,,,,,,,,,
119,271,339,,,,,,,,,,
114,272,338,,,,,,,,,,
115,290,217,,,,,,,,,,
116,317,445,,,,,,,,,,
146,535,456,,,,,,,,,,
141,583,714,,,,,,,,,,
118,248,732,,,,,,,,,,
120,250,725,,,,,,,,,,
106,226,347,,,,,,,,,,
136,246,97,,,,,,,,,,
126,270,352,,,,,,,,,,
44,524,507,,,,,,,,,,
45,465,502,,,,,,,,,,
46,467,500,,,,,,,,,,
158,262,777,,,,,,,,,,
161,329,758,,,,,,,,,,
117,332,925,,,,,,,,,,
117,252,189,,,,,,,,,,
169,328,192,,,,,,,,,,
184,327,201,,,,,,,,,,
187,353,190,,,,,,,,,,
129,117,368,,,,,,,,,,
142,65,381,,,,,,,,,,
156,635,379,,,,,,,,,,
122,645,416,,,,,,,,,,
123,664,416,,,,,,,,,,
240,334,409,,,,,,,,,,
223,337,279,,,,,,,,,,
41,339,501,,,,,,,,,,
95,221,355,,,,,,,,,,
119,223,359,,,,,,,,,,
119,337,359,,,,,,,,,,
121,334,249,,,,,,,,,,
181,218,249,,,,,,,,,,
183,222,239,,,,,,,,,,
40,225,370,,,,,,,,,,
154,133,372,,,,,,,,,,
101,293,368,,,,,,,,,,
139,547,445,,,,,,,,,,
141,634,459,,,,,,,,,,
79,1278,184,,,,,,,,,,
83,1284,214,,,,,,,,,,
83,340,387,,,,,,,,,,
84,335,395,,,,,,,,,,
162,325,389,,,,,,,,,,
164,269,423,,,,,,,,,,
220,282,299,,,,,,,,,,
142,274,304,,,,,,,,,,
144,343,332,,,,,,,,,,
144,325,313,,,,,,,,,,
201,284,310,,,,,,,,,,
201,273,270,,,,,,,,,,
226,154,274,,,,,,,,,,
227,172,267,,,,,,,,,,
115,173,266,,,,,,,,,,
118,175,270,,,,,,,,,,
119,439,268,,,,,,,,,,
114,444,503,,,,,,,,,,
133,296,575,,,,,,,,,,
147,301,581,,,,,,,,,,
129,307,249,,,,,,,,,,
130,322,251,,,,,,,,,,
130,300,249,,,,,,,,,,
111,249,385,,,,,,,,,,
113,330,387,,,,,,,,,,
113,324,381,,,,,,,,,,
122,324,653,,,,,,,,,,
123,420,981,,,,,,,,,,
125,409,260,,,,,,,,,,
136,412,262,,,,,,,,,,
138,283,618,,,,,,,,,,
139,270,649,,,,,,,,,,
57,273,671,,,,,,,,,,
168,261,1636,,,,,,,,,,
158,298,1749,,,,,,,,,,
155,258,267,,,,,,,,,,
156,259,269,,,,,,,,,,
157,286,363,,,,,,,,,,
121,290,337,,,,,,,,,,
122,306,305,,,,,,,,,,
123,490,135,,,,,,,,,,
81,457,254,,,,,,,,,,
113,308,254,,,,,,,,,,
95,308,547,,,,,,,,,,
175,456,580,,,,,,,,,,
155,385,580,,,,,,,,,,
144,391,497,,,,,,,,,,
127,395,336,,,,,,,,,,
114,314,343,,,,,,,,,,
121,175,336,,,,,,,,,,
122,223,471,,,,,,,,,,
265,250,478,,,,,,,,,,
269,251,469,,,,,,,,,,
270,252,312,,,,,,,,,,
202,399,316,,,,,,,,,,
203,298,253,,,,,,,,,,
205,298,258,,,,,,,,,,
206,300,246,,,,,,,,,,
207,331,251,,,,,,,,,,
126,334,261,,,,,,,,,,
126,261,263,,,,,,,,,,
127,261,241,,,,,,,,,,
137,262,244,,,,,,,,,,
143,353,275,,,,,,,,,,
146,424,296,,,,,,,,,,
169,531,298,,,,,,,,,,
164,534,468,,,,,,,,,,
164,536,385,,,,,,,,,,
130,285,377,,,,,,,,,,
132,293,372,,,,,,,,,,
118,249,273,,,,,,,,,,
108,376,282,,,,,,,,,,
111,372,284,,,,,,,,,,
99,374,286,,,,,,,,,,
167,376,295,,,,,,,,,,
166,238,296,,,,,,,,,,
165,242,243,,,,,,,,,,
113,244,241,,,,,,,,,,
114,349,240,,,,,,,,,,
115,324,605,,,,,,,,,,
124,325,633,,,,,,,,,,
124,295,652,,,,,,,,,,
117,320,275,,,,,,,,,,
119,283,266,,,,,,,,,,
126,451,266,,,,,,,,,,
130,453,455,,,,,,,,,,
131,456,460,,,,,,,,,,
270,256,460,,,,,,,,,,
177,322,744,,,,,,,,,,
56,295,828,,,,,,,,,,
107,348,861,,,,,,,,,,
102,366,54,,,,,,,,,,
155,377,222,,,,,,,,,,
155,379,243,,,,,,,,,,
157,383,252,,,,,,,,,,
130,361,297,,,,,,,,,,
118,280,291,,,,,,,,,,
119,281,288,,,,,,,,,,
147,703,440,,,,,,,,,,
128,755,478,,,,,,,,,,
129,309,318,,,,,,,,,,
111,315,331,,,,,,,,,,
113,317,333,,,,,,,,,,
113,392,362,,,,,,,,,,
140,400,367,,,,,,,,,,
141,402,324,,,,,,,,,,
113,533,246,,,,,,,,,,
326,520,254,,,,,,,,,,
329,262,327,,,,,,,,,,
329,270,434,,,,,,,,,,
139,271,379,,,,,,,,,,
143,301,354,,,,,,,,,,
145,194,400,,,,,,,,,,
146,200,319,,,,,,,,,,
267,226,313,,,,,,,,,,
267,202,321,,,,,,,,,,
640,218,358,,,,,,,,,,
646,220,244,,,,,,,,,,
133,257,254,,,,,,,,,,
159,234,255,,,,,,,,,,
160,246,382,,,,,,,,,,
123,473,462,,,,,,,,,,
152,483,477,,,,,,,,,,
154,278,244,,,,,,,,,,
51,280,253,,,,,,,,,,
160,399,255,,,,,,,,,,
151,687,1118,,,,,,,,,,
152,222,435,,,,,,,,,,
153,201,331,,,,,,,,,,
102,303,333,,,,,,,,,,
103,308,381,,,,,,,,,,
104,311,389,,,,,,,,,,
214,251,383,,,,,,,,,,
221,254,371,,,,,,,,,,
221,263,301,,,,,,,,,,
117,260,484,,,,,,,,,,
117,267,475,,,,,,,,,,
118,349,468,,,,,,,,,,
99,349,355,,,,,,,,,,
209,351,361,,,,,,,,,,
227,297,277,,,,,,,,,,
223,297,282,,,,,,,,,,
224,299,340,,,,,,,,,,
226,340,266,,,,,,,,,,
312,357,267,,,,,,,,,,
315,303,217,,,,,,,,,,
177,209,556,,,,,,,,,,
142,210,729,,,,,,,,,,
145,211,423,,,,,,,,,,
146,353,423,,,,,,,,,,
145,455,266,,,,,,,,,,
213,574,274,,,,,,,,,,
215,625,276,,,,,,,,,,
149,476,459,,,,,,,,,,
150,344,503,,,,,,,,,,
149,463,528,,,,,,,,,,
150,171,451,,,,,,,,,,
150,286,283,,,,,,,,,,
328,285,293,,,,,,,,,,
127,268,269,,,,,,,,,,
143,282,353,,,,,,,,,,
115,234,355,,,,,,,,,,
116,234,351,,,,,,,,,,
118,237,291,,,,,,,,,,
121,306,272,,,,,,,,,,
121,306,252,,,,,,,,,,
124,347,253,,,,,,,,,,
122,349,270,,,,,,,,,,
123,351,304,,,,,,,,,,
130,263,313,,,,,,,,,,
160,386,275,,,,,,,,,,
196,333,241,,,,,,,,,,
119,278,248,,,,,,,,,,
164,224,248,,,,,,,,,,
116,299,249,,,,,,,,,,
116,413,239,,,,,,,,,,
118,483,246,,,,,,,,,,
113,521,243,,,,,,,,,,
114,396,354,,,,,,,,,,
81,375,336,,,,,,,,,,
160,443,333,,,,,,,,,,
111,463,267,,,,,,,,,,
113,445,271,,,,,,,,,,
114,447,269,,,,,,,,,,
168,279,259,,,,,,,,,,
169,230,274,,,,,,,,,,
208,230,274,,,,,,,,,,
210,344,251,,,,,,,,,,
112,379,259,,,,,,,,,,
115,388,681,,,,,,,,,,
115,382,714,,,,,,,,,,
190,293,229,,,,,,,,,,
191,228,231,,,,,,,,,,
192,293,232,,,,,,,,,,
97,295,84,,,,,,,,,,
98,339,292,,,,,,,,,,
160,368,303,,,,,,,,,,
161,415,300,,,,,,,,,,
150,331,323,,,,,,,,,,
101,407,325,,,,,,,,,,
200,399,321,,,,,,,,,,
85,180,548,,,,,,,,,,
256,346,461,,,,,,,,,,
198,267,461,,,,,,,,,,
133,350,284,,,,,,,,,,
142,127,276,,,,,,,,,,
142,399,258,,,,,,,,,,
105,293,254,,,,,,,,,,
128,296,678,,,,,,,,,,
298,352,272,,,,,,,,,,
40,252,258,,,,,,,,,,
160,245,259,,,,,,,,,,
161,226,291,,,,,,,,,,
163,224,300,,,,,,,,,,
124,364,297,,,,,,,,,,
125,373,178,,,,,,,,,,
127,388,172,,,,,,,,,,
150,280,293,,,,,,,,,,
151,242,284,,,,,,,,,,
255,239,288,,,,,,,,,,
159,241,286,,,,,,,,,,
399,294,282,,,,,,,,,,
403,296,271,,,,,,,,,,
405,299,419,,,,,,,,,,
223,229,533,,,,,,,,,,
224,232,563,,,,,,,,,,
225,233,235,,,,,,,,,,
228,339,241,,,,,,,,,,
151,340,238,,,,,,,,,,
153,312,268,,,,,,,,,,
154,328,275,,,,,,,,,,
156,328,217,,,,,,,,,,
197,330,220,,,,,,,,,,
199,61,128,,,,,,,,,,
114,255,215,,,,,,,,,,
115,234,465,,,,,,,,,,
116,278,475,,,,,,,,,,
108,279,252,,,,,,,,,,
110,347,253,,,,,,,,,,
189,348,373,,,,,,,,,,
189,240,375,,,,,,,,,,
190,525,369,,,,,,,,,,
141,289,281,,,,,,,,,,
153,289,288,,,,,,,,,,
102,102,211,,,,,,,,,,
108,284,217,,,,,,,,,,
207,169,225,,,,,,,,,,
162,215,281,,,,,,,,,,
164,246,290,,,,,,,,,,
118,248,287,,,,,,,,,,
118,250,239,,,,,,,,,,
94,207,240,,,,,,,,,,
158,169,238,,,,,,,,,,
144,170,402,,,,,,,,,,
116,172,410,,,,,,,,,,
117,262,404,,,,,,,,,,
114,685,315,,,,,,,,,,
113,313,317,,,,,,,,,,
99,313,314,,,,,,,,,,
100,222,235,,,,,,,,,,
99,258,253,,,,,,,,,,
122,272,274,,,,,,,,,,
123,204,254,,,,,,,,,,
124,206,366,,,,,,,,,,
151,278,372,,,,,,,,,,
154,277,372,,,,,,,,,,
156,279,221,,,,,,,,,,
94,242,226,,,,,,,,,,
143,341,227,,,,,,,,,,
143,300,246,,,,,,,,,,
144,349,262,,,,,,,,,,
107,251,260,,,,,,,,,,
110,254,220,,,,,,,,,,
111,214,175,,,,,,,,,,
89,217,175,,,,,,,,,,
232,324,239,,,,,,,,,,
234,422,228,,,,,,,,,,
236,208,226,,,,,,,,,,
154,213,185,,,,,,,,,,
120,210,191,,,,,,,,,,
128,243,191,,,,,,,,,,
116,244,278,,,,,,,,,,
166,339,306,,,,,,,,,,
187,299,195,,,,,,,,,,
191,310,238,,,,,,,,,,
185,485,239,,,,,,,,,,
189,240,96,,,,,,,,,,
125,232,269,,,,,,,,,,
137,232,229,,,,,,,,,,
60,276,100,,,,,,,,,,
150,297,261,,,,,,,,,,
103,325,262,,,,,,,,,,
103,260,416,,,,,,,,,,
105,262,426,,,,,,,,,,
446,264,196,,,,,,,,,,
450,304,204,,,,,,,,,,
453,550,205,,,,,,,,,,
345,837,189,,,,,,,,,,
135,297,192,,,,,,,,,,
150,301,212,,,,,,,,,,
153,304,219,,,,,,,,,,
155,163,263,,,,,,,,,,
205,399,246,,,,,,,,,,
207,403,247,,,,,,,,,,
209,640,235,,,,,,,,,,
185,310,257,,,,,,,,,,
187,305,257,,,,,,,,,,
207,314,257,,,,,,,,,,
210,272,290,,,,,,,,,,
213,275,291,,,,,,,,,,
91,274,355,,,,,,,,,,
92,264,359,,,,,,,,,,
121,264,279,,,,,,,,,,
95,265,284,,,,,,,,,,
96,240,289,,,,,,,,,,
97,243,290,,,,,,,,,,
176,246,305,,,,,,,,,,
179,174,310,,,,,,,,,,
171,244,310,,,,,,,,,,
136,311,245,,,,,,,,,,
130,314,245,,,,,,,,,,
131,396,225,,,,,,,,,,
230,398,230,,,,,,,,,,
233,288,249,,,,,,,,,,
156,298,246,,,,,,,,,,
157,299,308,,,,,,,,,,
158,420,294,,,,,,,,,,
149,447,283,,,,,,,,,,
127,447,216,,,,,,,,,,
260,450,223,,,,,,,,,,
123,311,223,,,,,,,,,,
124,313,267,,,,,,,,,,
125,309,154,,,,,,,,,,
139,315,155,,,,,,,,,,
141,258,250,,,,,,,,,,
143,275,407,,,,,,,,,,
136,277,250,,,,,,,,,,
194,278,629,,,,,,,,,,
195,251,632,,,,,,,,,,
177,333,249,,,,,,,,,,
178,391,257,,,,,,,,,,
209,299,263,,,,,,,,,,
115,330,270,,,,,,,,,,
136,313,267,,,,,,,,,,
137,266,232,,,,,,,,,,
138,268,251,,,,,,,,,,
433,343,238,,,,,,,,,,
433,426,234,,,,,,,,,,
386,430,232,,,,,,,,,,
162,432,300,,,,,,,,,,
170,483,276,,,,,,,,,,
172,483,275,,,,,,,,,,
605,158,506,,,,,,,,,,
611,256,448,,,,,,,,,,
112,307,448,,,,,,,,,,
113,267,450,,,,,,,,,,
111,241,78,,,,,,,,,,
113,276,244,,,,,,,,,,
175,269,241,,,,,,,,,,
177,411,231,,,,,,,,,,
179,389,226,,,,,,,,,,
271,382,234,,,,,,,,,,
171,369,213,,,,,,,,,,
168,232,214,,,,,,,,,,
168,235,208,,,,,,,,,,
168,236,366,,,,,,,,,,
95,341,273,,,,,,,,,,
178,338,293,,,,,,,,,,
112,338,298,,,,,,,,,,
113,340,245,,,,,,,,,,
120,205,249,,,,,,,,,,
121,207,249,,,,,,,,,,
131,208,185,,,,,,,,,,
132,365,280,,,,,,,,,,
138,361,257,,,,,,,,,,
138,330,246,,,,,,,,,,
232,307,473,,,,,,,,,,
234,303,246,,,,,,,,,,
160,330,242,,,,,,,,,,
160,426,306,,,,,,,,,,
127,397,296,,,,,,,,,,
128,399,290,,,,,,,,,,
178,332,242,,,,,,,,,,
181,373,366,,,,,,,,,,
130,309,370,,,,,,,,,,
146,313,362,,,,,,,,,,
138,324,266,,,,,,,,,,
124,325,222,,,,,,,,,,
127,347,229,,,,,,,,,,
128,355,253,,,,,,,,,,
111,517,255,,,,,,,,,,
112,163,665,,,,,,,,,,
130,166,685,,,,,,,,,,
135,147,295,,,,,,,,,,
136,259,280,,,,,,,,,,
165,198,280,,,,,,,,,,
153,199,233,,,,,,,,,,
121,182,235,,,,,,,,,,
121,312,298,,,,,,,,,,
131,315,305,,,,,,,,,,
133,208,194,,,,,,,,,,
135,63,198,,,,,,,,,,
107,250,218,,,,,,,,,,
102,255,221,,,,,,,,,,
102,193,222,,,,,,,,,,
103,174,236,,,,,,,,,,
142,176,242,,,,,,,,,,
144,353,239,,,,,,,,,,
145,311,622,,,,,,,,,,
159,311,624,,,,,,,,,,
160,312,425,,,,,,,,,,
124,169,291,,,,,,,,,,
153,170,404,,,,,,,,,,
123,172,410,,,,,,,,,,
123,259,347,,,,,,,,,,
153,253,531,,,,,,,,,,
154,253,544,,,,,,,,,,
156,256,279,,,,,,,,,,
129,288,286,,,,,,,,,,
167,249,283,,,,,,,,,,
115,252,568,,,,,,,,,,
126,192,561,,,,,,,,,,
128,280,315,,,,,,,,,,
111,282,320,,,,,,,,,,
161,325,296,,,,,,,,,,
162,322,304,,,,,,,,,,
116,317,298,,,,,,,,,,
122,175,258,,,,,,,,,,
81,178,264,,,,,,,,,,
82,180,262,,,,,,,,,,
161,260,215,,,,,,,,,,
162,264,428,,,,,,,,,,
128,266,438,,,,,,,,,,
130,272,271,,,,,,,,,,
132,257,364,,,,,,,,,,
98,306,333,,,,,,,,,,
98,263,330,,,,,,,,,,
99,265,445,,,,,,,,,,
155,257,389,,,,,,,,,,
157,259,208,,,,,,,,,,
123,413,209,,,,,,,,,,
213,415,353,,,,,,,,,,
131,421,350,,,,,,,,,,
132,281,469,,,,,,,,,,
118,368,481,,,,,,,,,,
116,308,484,,,,,,,,,,
117,317,233,,,,,,,,,,
140,154,234,,,,,,,,,,
142,499,193,,,,,,,,,,
143,281,200,,,,,,,,,,
133,283,211,,,,,,,,,,
127,146,300,,,,,,,,,,
130,303,290,,,,,,,,,,
145,314,262,,,,,,,,,,
226,886,258,,,,,,,,,,
169,367,286,,,,,,,,,,
163,327,278,,,,,,,,,,
287,134,275,,,,,,,,,,
289,299,286,,,,,,,,,,
199,287,296,,,,,,,,,,
199,290,282,,,,,,,,,,
200,340,295,,,,,,,,,,
128,279,291,,,,,,,,,,
111,446,301,,,,,,,,,,
137,469,495,,,,,,,,,,
138,439,413,,,,,,,,,,
139,314,211,,,,,,,,,,
183,258,294,,,,,,,,,,
166,356,295,,,,,,,,,,
143,359,243,,,,,,,,,,
102,290,440,,,,,,,,,,
162,271,440,,,,,,,,,,
165,359,260,,,,,,,,,,
262,278,216,,,,,,,,,,
318,406,200,,,,,,,,,,
222,294,258,,,,,,,,,,
222,284,281,,,,,,,,,,
223,282,270,,,,,,,,,,
157,352,270,,,,,,,,,,
159,731,271,,,,,,,,,,
185,779,252,,,,,,,,,,
135,464,243,,,,,,,,,,
136,417,243,,,,,,,,,,
100,421,244,,,,,,,,,,
101,423,299,,,,,,,,,,
102,272,308,,,,,,,,,,
122,276,287,,,,,,,,,,
158,277,327,,,,,,,,,,
160,295,649,,,,,,,,,,
129,298,224,,,,,,,,,,
197,282,225,,,,,,,,,,
100,285,230,,,,,,,,,,
125,486,487,,,,,,,,,,
169,304,296,,,,,,,,,,
170,337,297,,,,,,,,,,
174,248,344,,,,,,,,,,
372,256,307,,,,,,,,,,
376,256,408,,,,,,,,,,
278,257,408,,,,,,,,,,
278,400,387,,,,,,,,,,
128,389,444,,,,,,,,,,
130,393,446,,,,,,,,,,
128,381,420,,,,,,,,,,
189,377,303,,,,,,,,,,
128,407,299,,,,,,,,,,
411,329,300,,,,,,,,,,
149,330,207,,,,,,,,,,
138,394,207,,,,,,,,,,
392,418,244,,,,,,,,,,
130,418,432,,,,,,,,,,
295,358,410,,,,,,,,,,
171,219,327,,,,,,,,,,
172,427,324,,,,,,,,,,
176,432,286,,,,,,,,,,
151,201,305,,,,,,,,,,
152,203,275,,,,,,,,,,
146,169,423,,,,,,,,,,
148,257,285,,,,,,,,,,
149,262,272,,,,,,,,,,
142,212,336,,,,,,,,,,
238,173,299,,,,,,,,,,
140,174,235,,,,,,,,,,
255,176,593,,,,,,,,,,
257,269,504,,,,,,,,,,
109,370,504,,,,,,,,,,
276,377,320,,,,,,,,,,
274,342,317,,,,,,,,,,
222,317,241,,,,,,,,,,
204,390,248,,,,,,,,,,
211,440,259,,,,,,,,,,
213,223,250,,,,,,,,,,
324,226,251,,,,,,,,,,
328,511,298,,,,,,,,,,
149,514,313,,,,,,,,,,
247,143,311,,,,,,,,,,
144,370,321,,,,,,,,,,
240,372,283,,,,,,,,,,
441,299,216,,,,,,,,,,
211,298,219,,,,,,,,,,
205,298,273,,,,,,,,,,
207,312,278,,,,,,,,,,
127,315,274,,,,,,,,,,
122,262,283,,,,,,,,,,
122,268,280,,,,,,,,,,
204,209,261,,,,,,,,,,
127,258,269,,,,,,,,,,
127,289,265,,,,,,,,,,
129,267,262,,,,,,,,,,
202,271,461,,,,,,,,,,
204,272,501,,,,,,,,,,
142,272,503,,,,,,,,,,
130,470,242,,,,,,,,,,
242,484,249,,,,,,,,,,
152,459,238,,,,,,,,,,
144,462,315,,,,,,,,,,
148,316,352,,,,,,,,,,
149,294,343,,,,,,,,,,
120,295,313,,,,,,,,,,
121,297,355,,,,,,,,,,
119,391,339,,,,,,,,,,
386,387,308,,,,,,,,,,
385,166,370,,,,,,,,,,
385,292,374,,,,,,,,,,
115,263,366,,,,,,,,,,
116,112,260,,,,,,,,,,
117,299,264,,,,,,,,,,
111,316,265,,,,,,,,,,
113,292,312,,,,,,,,,,
114,795,700,,,,,,,,,,
129,799,227,,,,,,,,,,
130,803,222,,,,,,,,,,
97,302,223,,,,,,,,,,
140,302,204,,,,,,,,,,
142,303,277,,,,,,,,,,
247,252,248,,,,,,,,,,
294,253,320,,,,,,,,,,
185,256,315,,,,,,,,,,
187,259,505,,,,,,,,,,
196,341,522,,,,,,,,,,
197,261,569,,,,,,,,,,
199,719,267,,,,,,,,,,
155,409,276,,,,,,,,,,
121,455,314,,,,,,,,,,
120,312,350,,,,,,,,,,
120,313,336,,,,,,,,,,
121,282,290,,,,,,,,,,
139,310,291,,,,,,,,,,
139,313,268,,,,,,,,,,
141,243,257,,,,,,,,,,
98,551,263,,,,,,,,,,
99,776,259,,,,,,,,,,
102,254,236,,,,,,,,,,
103,272,313,,,,,,,,,,
46,274,397,,,,,,,,,,
111,276,367,,,,,,,,,,
112,105,307,,,,,,,,,,
90,278,312,,,,,,,,,,
90,281,323,,,,,,,,,,
86,262,323,,,,,,,,,,
93,201,644,,,,,,,,,,
169,205,116,,,,,,,,,,
93,239,257,,,,,,,,,,
148,205,262,,,,,,,,,,
149,207,260,,,,,,,,,,
145,189,255,,,,,,,,,,
146,199,378,,,,,,,,,,
94,202,367,,,,,,,,,,
127,208,213,,,,,,,,,,
130,209,220,,,,,,,,,,
142,308,259,,,,,,,,,,
144,302,295,,,,,,,,,,
131,289,296,,,,,,,,,,
129,292,458,,,,,,,,,,
141,425,460,,,,,,,,,,
129,307,354,,,,,,,,,,
170,275,305,,,,,,,,,,
150,227,262,,,,,,,,,,
116,227,255,,,,,,,,,,
119,228,255,,,,,,,,,,
129,314,260,,,,,,,,,,
104,330,224,,,,,,,,,,
104,316,231,,,,,,,,,,
44,318,223,,,,,,,,,,
45,225,748,,,,,,,,,,
45,230,759,,,,,,,,,,
139,232,748,,,,,,,,,,
87,244,223,,,,,,,,,,
83,249,228,,,,,,,,,,
88,249,664,,,,,,,,,,
89,166,671,,,,,,,,,,
162,169,611,,,,,,,,,,
181,286,513,,,,,,,,,,
102,291,258,,,,,,,,,,
103,266,246,,,,,,,,,,
103,754,240,,,,,,,,,,
157,687,253,,,,,,,,,,
157,590,250,,,,,,,,,,
109,241,231,,,,,,,,,,
131,242,232,,,,,,,,,,
133,243,239,,,,,,,,,,
135,239,293,,,,,,,,,,
152,440,288,,,,,,,,,,
152,343,341,,,,,,,,,,
153,343,344,,,,,,,,,,
111,444,246,,,,,,,,,,
112,448,378,,,,,,,,,,
113,341,286,,,,,,,,,,
244,347,300,,,,,,,,,,
244,426,271,,,,,,,,,,
219,434,267,,,,,,,,,,
219,168,504,,,,,,,,,,
219,281,285,,,,,,,,,,
154,319,293,,,,,,,,,,
154,319,329,,,,,,,,,,
157,322,242,,,,,,,,,,
131,429,368,,,,,,,,,,
108,433,361,,,,,,,,,,
119,303,359,,,,,,,,,,
116,199,326,,,,,,,,,,
237,201,333,,,,,,,,,,
257,308,329,,,,,,,,,,
115,308,170,,,,,,,,,,
116,309,255,,,,,,,,,,
131,250,356,,,,,,,,,,
111,247,367,,,,,,,,,,
112,302,367,,,,,,,,,,
113,203,558,,,,,,,,,,
107,341,580,,,,,,,,,,
108,343,580,,,,,,,,,,
110,260,406,,,,,,,,,,
134,249,406,,,,,,,,,,
159,242,367,,,,,,,,,,
270,223,284,,,,,,,,,,
141,317,284,,,,,,,,,,
139,328,284,,,,,,,,,,
136,332,260,,,,,,,,,,
136,361,268,,,,,,,,,,
137,371,265,,,,,,,,,,
181,190,65,,,,,,,,,,
184,244,179,,,,,,,,,,
186,358,247,,,,,,,,,,
198,226,247,,,,,,,,,,
198,226,249,,,,,,,,,,
154,218,281,,,,,,,,,,
157,230,286,,,,,,,,,,
160,232,265,,,,,,,,,,
67,234,316,,,,,,,,,,
117,219,169,,,,,,,,,,
277,218,224,,,,,,,,,,
278,219,226,,,,,,,,,,
280,218,227,,,,,,,,,,
171,304,603,,,,,,,,,,
115,306,1083,,,,,,,,,,
114,300,603,,,,,,,,,,
115,307,450,,,,,,,,,,
173,310,285,,,,,,,,,,
157,314,292,,,,,,,,,,
206,264,290,,,,,,,,,,
207,264,286,,,,,,,,,,
164,259,289,,,,,,,,,,
168,233,283,,,,,,,,,,
113,228,543,,,,,,,,,,
107,223,121,,,,,,,,,,
114,274,298,,,,,,,,,,
258,299,298,,,,,,,,,,
273,292,271,,,,,,,,,,
118,294,276,,,,,,,,,,
118,278,248,,,,,,,,,,
121,263,235,,,,,,,,,,
130,254,272,,,,,,,,,,
243,243,282,,,,,,,,,,
244,246,325,,,,,,,,,,
163,327,254,,,,,,,,,,
165,356,379,,,,,,,,,,
126,128,254,,,,,,,,,,
128,301,221,,,,,,,,,,
130,305,225,,,,,,,,,,
137,273,226,,,,,,,,,,
138,270,349,,,,,,,,,,
114,265,337,,,,,,,,,,
114,328,345,,,,,,,,,,
115,329,258,,,,,,,,,,
226,331,327,,,,,,,,,,
245,366,319,,,,,,,,,,
274,361,373,,,,,,,,,,
119,265,383,,,,,,,,,,
122,276,385,,,,,,,,,,
123,278,265,,,,,,,,,,
140,281,265,,,,,,,,,,
142,278,267,,,,,,,,,,
143,265,304,,,,,,,,,,
220,266,306,,,,,,,,,,
116,313,645,,,,,,,,,,
169,647,641,,,,,,,,,,
170,433,595,,,,,,,,,,
174,433,558,,,,,,,,,,
105,437,224,,,,,,,,,,
168,305,224,,,,,,,,,,
168,317,225,,,,,,,,,,
90,320,389,,,,,,,,,,
90,250,508,,,,,,,,,,
156,311,262,,,,,,,,,,
132,361,262,,,,,,,,,,
132,363,262,,,,,,,,,,
134,365,205,,,,,,,,,,
146,347,220,,,,,,,,,,
149,347,303,,,,,,,,,,
150,349,305,,,,,,,,,,
152,245,413,,,,,,,,,,
107,249,255,,,,,,,,,,
107,250,263,,,,,,,,,,
109,327,246,,,,,,,,,,
131,139,467,,,,,,,,,,
148,193,469,,,,,,,,,,
150,194,304,,,,,,,,,,
151,316,274,,,,,,,,,,
101,321,279,,,,,,,,,,
99,323,273,,,,,,,,,,
93,221,281,,,,,,,,,,
320,348,281,,,,,,,,,,
214,359,286,,,,,,,,,,
167,461,346,,,,,,,,,,
129,240,436,,,,,,,,,,
127,242,198,,,,,,,,,,
128,445,318,,,,,,,,,,
172,229,326,,,,,,,,,,
127,279,309,,,,,,,,,,
141,355,266,,,,,,,,,,
116,473,271,,,,,,,,,,
118,294,267,,,,,,,,,,
119,295,286,,,,,,,,,,
112,286,281,,,,,,,,,,
113,239,278,,,,,,,,,,
92,250,398,,,,,,,,,,
116,249,404,,,,,,,,,,
119,373,323,,,,,,,,,,
120,745,373,,,,,,,,,,
144,746,345,,,,,,,,,,
145,570,342,,,,,,,,,,
100,576,235,,,,,,,,,,
102,290,240,,,,,,,,,,
103,332,193,,,,,,,,,,
45,290,193,,,,,,,,,,
45,561,202,,,,,,,,,,
45,578,209,,,,,,,,,,
40,643,281,,,,,,,,,,
41,440,242,,,,,,,,,,
125,183,384,,,,,,,,,,
126,185,384,,,,,,,,,,
59,186,337,,,,,,,,,,
60,323,282,,,,,,,,,,
126,326,272,,,,,,,,,,
127,212,259,,,,,,,,,,
128,227,244,,,,,,,,,,
41,258,394,,,,,,,,,,
44,287,364,,,,,,,,,,
45,289,257,,,,,,,,,,
45,241,259,,,,,,,,,,
115,241,212,,,,,,,,,,
116,225,288,,,,,,,,,,
41,310,526,,,,,,,,,,
40,423,561,,,,,,,,,,
41,122,604,,,,,,,,,,
113,290,323,,,,,,,,,,
114,293,347,,,,,,,,,,
115,567,360,,,,,,,,,,
133,689,220,,,,,,,,,,
133,362,228,,,,,,,,,,
134,301,229,,,,,,,,,,
116,279,222,,,,,,,,,,
118,307,228,,,,,,,,,,
119,310,230,,,,,,,,,,
236,232,277,,,,,,,,,,
123,263,283,,,,,,,,,,
124,265,266,,,,,,,,,,
124,267,225,,,,,,,,,,
153,273,230,,,,,,,,,,
124,279,122,,,,,,,,,,
126,280,305,,,,,,,,,,
242,332,309,,,,,,,,,,
141,343,314,,,,,,,,,,
141,345,210,,,,,,,,,,
143,435,216,,,,,,,,,,
177,446,212,,,,,,,,,,
120,448,546,,,,,,,,,,
139,283,568,,,,,,,,,,
141,289,562,,,,,,,,,,
169,327,355,,,,,,,,,,
170,332,355,,,,,,,,,,
155,254,531,,,,,,,,,,
156,257,294,,,,,,,,,,
157,266,231,,,,,,,,,,
300,307,353,,,,,,,,,,
115,231,233,,,,,,,,,,
116,232,532,,,,,,,,,,
117,337,532,,,,,,,,,,
128,398,718,,,,,,,,,,
126,343,239,,,,,,,,,,
135,343,241,,,,,,,,,,
136,278,207,,,,,,,,,,
110,259,479,,,,,,,,,,
43,243,494,,,,,,,,,,
169,242,481,,,,,,,,,,
170,315,619,,,,,,,,,,
223,333,214,,,,,,,,,,
118,326,326,,,,,,,,,,
120,633,324,,,,,,,,,,
166,470,303,,,,,,,,,,
169,468,193,,,,,,,,,,
201,470,219,,,,,,,,,,
191,542,613,,,,,,,,,,
191,565,604,,,,,,,,,,
137,568,580,,,,,,,,,,
129,238,240,,,,,,,,,,
152,261,440,,,,,,,,,,
132,261,266,,,,,,,,,,
124,261,625,,,,,,,,,,
127,420,360,,,,,,,,,,
114,238,360,,,,,,,,,,
116,240,416,,,,,,,,,,
117,297,437,,,,,,,,,,
125,294,415,,,,,,,,,,
145,378,630,,,,,,,,,,
147,324,415,,,,,,,,,,
148,235,291,,,,,,,,,,
136,237,291,,,,,,,,,,
136,239,286,,,,,,,,,,
137,308,282,,,,,,,,,,
125,309,283,,,,,,,,,,
304,313,280,,,,,,,,,,
295,322,300,,,,,,,,,,
156,329,293,,,,,,,,,,
142,262,289,,,,,,,,,,
433,333,208,,,,,,,,,,
307,338,208,,,,,,,,,,
310,338,211,,,,,,,,,,
130,325,806,,,,,,,,,,
489,357,843,,,,,,,,,,
490,241,284,,,,,,,,,,
490,241,291,,,,,,,,,,
127,245,288,,,,,,,,,,
160,216,251,,,,,,,,,,
149,216,252,,,,,,,,,,
151,471,522,,,,,,,,,,
148,476,545,,,,,,,,,,
150,407,548,,,,,,,,,,
165,369,245,,,,,,,,,,
172,503,240,,,,,,,,,,
164,284,216,,,,,,,,,,
64,262,464,,,,,,,,,,
139,262,478,,,,,,,,,,
139,265,160,,,,,,,,,,
140,333,164,,,,,,,,,,
195,336,272,,,,,,,,,,
167,340,272,,,,,,,,,,
444,288,533,,,,,,,,,,
421,295,544,,,,,,,,,,
135,298,539,,,,,,,,,,
461,296,384,,,,,,,,,,
465,299,352,,,,,,,,,,
113,302,279,,,,,,,,,,
114,293,267,,,,,,,,,,
116,296,183,,,,,,,,,,
97,550,400,,,,,,,,,,
114,550,298,,,,,,,,,,
114,346,394,,,,,,,,,,
116,282,394,,,,,,,,,,
133,267,264,,,,,,,,,,
136,276,359,,,,,,,,,,
145,279,359,,,,,,,,,,
210,268,334,,,,,,,,,,
139,246,258,,,,,,,,,,
268,249,248,,,,,,,,,,
261,478,248,,,,,,,,,,
252,483,345,,,,,,,,,,
134,485,355,,,,,,,,,,
136,87,266,,,,,,,,,,
146,260,277,,,,,,,,,,
149,262,273,,,,,,,,,,
100,264,324,,,,,,,,,,
100,384,333,,,,,,,,,,
100,322,341,,,,,,,,,,
156,337,307,,,,,,,,,,
148,314,314,,,,,,,,,,
150,365,215,,,,,,,,,,
157,368,218,,,,,,,,,,
159,303,224,,,,,,,,,,
123,281,211,,,,,,,,,,
221,309,294,,,,,,,,,,
272,295,294,,,,,,,,,,
253,298,295,,,,,,,,,,
436,311,232,,,,,,,,,,
440,320,297,,,,,,,,,,
125,321,279,,,,,,,,,,
125,313,263,,,,,,,,,,
126,248,286,,,,,,,,,,
210,249,251,,,,,,,,,,
166,251,252,,,,,,,,,,
137,308,250,,,,,,,,,,
137,312,280,,,,,,,,,,
139,357,308,,,,,,,,,,
70,361,569,,,,,,,,,,
94,267,589,,,,,,,,,,
95,214,230,,,,,,,,,,
96,217,212,,,,,,,,,,
149,300,201,,,,,,,,,,
120,304,379,,,,,,,,,,
120,307,381,,,,,,,,,,
120,210,192,,,,,,,,,,
109,213,195,,,,,,,,,,
111,216,464,,,,,,,,,,
110,418,455,,,,,,,,,,
118,410,225,,,,,,,,,,
117,418,427,,,,,,,,,,
116,355,427,,,,,,,,,,
42,234,275,,,,,,,,,,
42,315,278,,,,,,,,,,
43,286,204,,,,,,,,,,
155,272,70,,,,,,,,,,
157,278,382,,,,,,,,,,
121,314,338,,,,,,,,,,
122,294,352,,,,,,,,,,
160,313,222,,,,,,,,,,
176,212,795,,,,,,,,,,
232,210,772,,,,,,,,,,
292,202,246,,,,,,,,,,
42,229,324,,,,,,,,,,
41,310,329,,,,,,,,,,
41,355,324,,,,,,,,,,
110,430,243,,,,,,,,,,
42,438,245,,,,,,,,,,
41,822,243,,,,,,,,,,
41,240,201,,,,,,,,,,
41,241,205,,,,,,,,,,
41,359,530,,,,,,,,,,
44,364,236,,,,,,,,,,
45,337,253,,,,,,,,,,
45,301,277,,,,,,,,,,
67,361,318,,,,,,,,,,
68,362,302,,,,,,,,,,
43,368,304,,,,,,,,,,
43,307,246,,,,,,,,,,
44,305,180,,,,,,,,,,
108,305,161,,,,,,,,,,
109,307,252,,,,,,,,,,
100,287,487,,,,,,,,,,
110,274,436,,,,,,,,,,
108,280,762,,,,,,,,,,
44,283,436,,,,,,,,,,
45,456,267,,,,,,,,,,
45,73,400,,,,,,,,,,
97,214,248,,,,,,,,,,
83,216,368,,,,,,,,,,
41,298,238,,,,,,,,,,
41,322,174,,,,,,,,,,
40,325,158,,,,,,,,,,
41,327,153,,,,,,,,,,
44,298,156,,,,,,,,,,
41,300,157,,,,,,,,,,
41,301,289,,,,,,,,,,
42,528,271,,,,,,,,,,
42,634,319,,,,,,,,,,
42,230,259,,,,,,,,,,
42,224,267,,,,,,,,,,
42,227,267,,,,,,,,,,
41,207,278,,,,,,,,,,
41,163,287,,,,,,,,,,
124,164,287,,,,,,,,,,
128,308,252,,,,,,,,,,
129,313,394,,,,,,,,,,
119,418,498,,,,,,,,,,
154,501,516,,,,,,,,,,
154,415,518,,,,,,,,,,
156,357,194,,,,,,,,,,
118,357,197,,,,,,,,,,
121,261,200,,,,,,,,,,
122,263,252,,,,,,,,,,
121,242,422,,,,,,,,,,
122,371,431,,,,,,,,,,
82,309,284,,,,,,,,,,
139,309,393,,,,,,,,,,
110,311,403,,,,,,,,,,
212,262,215,,,,,,,,,,
201,240,219,,,,,,,,,,
117,211,220,,,,,,,,,,
117,252,596,,,,,,,,,,
127,408,584,,,,,,,,,,
124,331,587,,,,,,,,,,
127,349,465,,,,,,,,,,
156,350,283,,,,,,,,,,
158,399,292,,,,,,,,,,
160,462,268,,,,,,,,,,
147,292,342,,,,,,,,,,
149,441,350,,,,,,,,,,
150,310,380,,,,,,,,,,
98,320,330,,,,,,,,,,
99,349,255,,,,,,,,,,
148,402,260,,,,,,,,,,
149,384,293,,,,,,,,,,
149,390,293,,,,,,,,,,
115,314,237,,,,,,,,,,
279,315,434,,,,,,,,,,
114,261,433,,,,,,,,,,
143,267,367,,,,,,,,,,
145,473,552,,,,,,,,,,
105,348,329,,,,,,,,,,
106,374,441,,,,,,,,,,
122,723,483,,,,,,,,,,
123,376,265,,,,,,,,,,
131,382,246,,,,,,,,,,
133,384,247,,,,,,,,,,
133,219,249,,,,,,,,,,
80,244,256,,,,,,,,,,
80,265,257,,,,,,,,,,
81,354,219,,,,,,,,,,
122,358,215,,,,,,,,,,
121,235,217,,,,,,,,,,
122,240,389,,,,,,,,,,
123,242,269,,,,,,,,,,
166,286,270,,,,,,,,,,
167,242,270,,,,,,,,,,
168,355,261,,,,,,,,,,
202,359,273,,,,,,,,,,
191,47,274,,,,,,,,,,
140,290,295,,,,,,,,,,
83,563,451,,,,,,,,,,
140,561,295,,,,,,,,,,
140,564,228,,,,,,,,,,
157,304,235,,,,,,,,,,
161,511,240,,,,,,,,,,
162,289,451,,,,,,,,,,
120,293,481,,,,,,,,,,
107,1004,451,,,,,,,,,,
117,1004,295,,,,,,,,,,
120,469,300,,,,,,,,,,
121,474,297,,,,,,,,,,
93,330,260,,,,,,,,,,
94,333,300,,,,,,,,,,
165,335,276,,,,,,,,,,
166,505,273,,,,,,,,,,
163,521,188,,,,,,,,,,
165,587,266,,,,,,,,,,
167,379,561,,,,,,,,,,
308,711,315,,,,,,,,,,
309,457,312,,,,,,,,,,
312,209,328,,,,,,,,,,
154,200,334,,,,,,,,,,
157,202,329,,,,,,,,,,
209,278,348,,,,,,,,,,
209,522,359,,,,,,,,,,
200,355,401,,,,,,,,,,
119,162,431,,,,,,,,,,
124,447,424,,,,,,,,,,
122,424,225,,,,,,,,,,
150,508,232,,,,,,,,,,
151,511,232,,,,,,,,,,
234,513,304,,,,,,,,,,
241,331,579,,,,,,,,,,
243,117,390,,,,,,,,,,
160,225,591,,,,,,,,,,
161,324,390,,,,,,,,,,
44,430,741,,,,,,,,,,
132,430,741,,,,,,,,,,
99,432,352,,,,,,,,,,
101,393,527,,,,,,,,,,
101,390,352,,,,,,,,,,
102,352,240,,,,,,,,,,
136,694,248,,,,,,,,,,
145,640,238,,,,,,,,,,
146,694,257,,,,,,,,,,
114,426,262,,,,,,,,,,
96,430,270,,,,,,,,,,
98,829,266,,,,,,,,,,
99,927,270,,,,,,,,,,
157,977,275,,,,,,,,,,
159,231,275,,,,,,,,,,
137,402,276,,,,,,,,,,
167,410,267,,,,,,,,,,
186,432,277,,,,,,,,,,
79,375,269,,,,,,,,,,
122,377,259,,,,,,,,,,
120,1185,250,,,,,,,,,,
121,546,346,,,,,,,,,,
123,365,270,,,,,,,,,,
124,385,277,,,,,,,,,,
125,389,225,,,,,,,,,,
179,326,221,,,,,,,,,,
183,333,219,,,,,,,,,,
184,334,208,,,,,,,,,,
124,324,247,,,,,,,,,,
125,370,255,,,,,,,,,,
178,409,257,,,,,,,,,,
180,427,329,,,,,,,,,,
130,429,254,,,,,,,,,,
158,422,213,,,,,,,,,,
160,422,201,,,,,,,,,,
162,454,156,,,,,,,,,,
148,642,347,,,,,,,,,,
150,285,246,,,,,,,,,,
151,290,252,,,,,,,,,,
125,557,250,,,,,,,,,,
126,302,273,,,,,,,,,,
119,408,268,,,,,,,,,,
122,367,270,,,,,,,,,,
113,369,304,,,,,,,,,,
114,367,310,,,,,,,,,,
139,284,305,,,,,,,,,,
117,287,500,,,,,,,,,,
118,268,552,,,,,,,,,,
121,381,561,,,,,,,,,,
122,379,278,,,,,,,,,,
112,270,288,,,,,,,,,,
114,353,267,,,,,,,,,,
120,353,305,,,,,,,,,,
123,355,278,,,,,,,,,,
125,285,287,,,,,,,,,,
123,229,281,,,,,,,,,,
125,230,237,,,,,,,,,,
126,233,241,,,,,,,,,,
165,294,229,,,,,,,,,,
122,408,385,,,,,,,,,,
122,475,268,,,,,,,,,,
122,576,273,,,,,,,,,,
60,613,248,,,,,,,,,,
60,577,307,,,,,,,,,,
54,440,318,,,,,,,,,,
106,351,262,,,,,,,,,,
115,385,120,,,,,,,,,,
105,471,307,,,,,,,,,,
106,358,314,,,,,,,,,,
107,360,287,,,,,,,,,,
100,407,217,,,,,,,,,,
100,242,224,,,,,,,,,,
102,52,223,,,,,,,,,,
110,364,302,,,,,,,,,,
110,347,306,,,,,,,,,,
110,353,312,,,,,,,,,,
139,357,312,,,,,,,,,,
131,358,340,,,,,,,,,,
133,148,348,,,,,,,,,,
134,331,315,,,,,,,,,,
127,333,320,,,,,,,,,,
110,351,326,,,,,,,,,,
111,391,298,,,,,,,,,,
112,392,266,,,,,,,,,,
249,394,273,,,,,,,,,,
121,294,193,,,,,,,,,,
97,295,262,,,,,,,,,,
99,280,257,,,,,,,,,,
100,349,159,,,,,,,,,,
96,318,185,,,,,,,,,,
97,292,179,,,,,,,,,,
113,350,181,,,,,,,,,,
110,352,347,,,,,,,,,,
111,268,538,,,,,,,,,,
123,309,581,,,,,,,,,,
124,308,602,,,,,,,,,,
125,276,449,,,,,,,,,,
133,337,465,,,,,,,,,,
125,310,297,,,,,,,,,,
128,325,306,,,,,,,,,,
143,327,268,,,,,,,,,,
120,272,257,,,,,,,,,,
113,356,531,,,,,,,,,,
124,360,544,,,,,,,,,,
128,381,749,,,,,,,,,,
130,299,783,,,,,,,,,,
160,313,382,,,,,,,,,,
156,299,217,,,,,,,,,,
120,291,189,,,,,,,,,,
127,296,195,,,,,,,,,,
127,299,446,,,,,,,,,,
113,295,215,,,,,,,,,,
114,307,204,,,,,,,,,,
116,302,213,,,,,,,,,,
129,280,260,,,,,,,,,,
131,283,265,,,,,,,,,,
132,284,263,,,,,,,,,,
140,527,286,,,,,,,,,,
140,524,292,,,,,,,,,,
141,245,283,,,,,,,,,,
161,661,234,,,,,,,,,,
120,295,234,,,,,,,,,,
122,313,1675,,,,,,,,,,
114,345,1726,,,,,,,,,,
147,368,278,,,,,,,,,,
115,277,280,,,,,,,,,,
116,277,290,,,,,,,,,,
201,279,320,,,,,,,,,,
201,361,320,,,,,,,,,,
223,405,320,,,,,,,,,,
216,322,185,,,,,,,,,,
204,246,189,,,,,,,,,,
240,426,311,,,,,,,,,,
95,467,328,,,,,,,,,,
112,327,282,,,,,,,,,,
114,260,287,,,,,,,,,,
115,243,284,,,,,,,,,,
127,212,218,,,,,,,,,,
129,168,210,,,,,,,,,,
128,184,232,,,,,,,,,,
129,236,236,,,,,,,,,,
130,238,273,,,,,,,,,,
111,250,290,,,,,,,,,,
113,253,292,,,,,,,,,,
114,253,289,,,,,,,,,,
110,177,223,,,,,,,,,,
110,180,316,,,,,,,,,,
111,182,322,,,,,,,,,,
109,245,298,,,,,,,,,,
110,245,425,,,,,,,,,,
141,247,423,,,,,,,,,,
143,250,207,,,,,,,,,,
135,172,210,,,,,,,,,,
136,286,216,,,,,,,,,,
137,318,304,,,,,,,,,,
121,321,331,,,,,,,,,,
122,323,258,,,,,,,,,,
78,290,244,,,,,,,,,,
79,294,245,,,,,,,,,,
79,274,256,,,,,,,,,,
240,370,263,,,,,,,,,,
241,372,255,,,,,,,,,,
242,374,256,,,,,,,,,,
97,294,259,,,,,,,,,,
99,205,239,,,,,,,,,,
99,112,223,,,,,,,,,,
100,341,198,,,,,,,,,,
101,337,240,,,,,,,,,,
102,307,244,,,,,,,,,,
169,325,286,,,,,,,,,,
182,323,293,,,,,,,,,,
106,326,290,,,,,,,,,,
106,250,270,,,,,,,,,,
107,250,416,,,,,,,,,,
111,256,270,,,,,,,,,,
112,259,241,,,,,,,,,,
169,486,246,,,,,,,,,,
97,310,296,,,,,,,,,,
98,316,304,,,,,,,,,,
99,318,271,,,,,,,,,,
70,226,317,,,,,,,,,,
71,331,323,,,,,,,,,,
72,335,212,,,,,,,,,,
110,255,212,,,,,,,,,,
111,258,248,,,,,,,,,,
112,332,366,,,,,,,,,,
123,332,374,,,,,,,,,,
98,255,319,,,,,,,,,,
101,265,245,,,,,,,,,,
101,278,262,,,,,,,,,,
110,338,269,,,,,,,,,,
111,392,266,,,,,,,,,,
127,332,346,,,,,,,,,,
128,529,665,,,,,,,,,,
129,505,636,,,,,,,,,,
147,722,265,,,,,,,,,,
302,198,272,,,,,,,,,,
129,359,240,,,,,,,,,,
130,364,318,,,,,,,,,,
131,366,294,,,,,,,,,,
126,245,291,,,,,,,,,,
127,244,233,,,,,,,,,,
218,245,222,,,,,,,,,,
135,216,227,,,,,,,,,,
136,208,297,,,,,,,,,,
136,209,382,,,,,,,,,,
277,211,234,,,,,,,,,,
142,286,242,,,,,,,,,,
133,289,240,,,,,,,,,,
133,250,253,,,,,,,,,,
163,236,254,,,,,,,,,,
129,348,252,,,,,,,,,,
130,377,231,,,,,,,,,,
58,336,237,,,,,,,,,,
166,339,267,,,,,,,,,,
138,257,275,,,,,,,,,,
139,254,272,,,,,,,,,,
141,253,279,,,,,,,,,,
328,498,283,,,,,,,,,,
320,459,285,,,,,,,,,,
322,260,288,,,,,,,,,,
325,173,311,,,,,,,,,,
410,250,294,,,,,,,,,,
428,246,296,,,,,,,,,,
128,245,227,,,,,,,,,,
129,295,297,,,,,,,,,,
357,298,306,,,,,,,,,,
115,298,303,,,,,,,,,,
125,232,323,,,,,,,,,,
126,214,505,,,,,,,,,,
130,217,507,,,,,,,,,,
63,244,209,,,,,,,,,,
127,92,213,,,,,,,,,,
127,451,809,,,,,,,,,,
86,631,950,,,,,,,,,,
115,688,1387,,,,,,,,,,
116,178,257,,,,,,,,,,
117,290,304,,,,,,,,,,
142,298,316,,,,,,,,,,
149,300,281,,,,,,,,,,
150,204,300,,,,,,,,,,
116,205,212,,,,,,,,,,
160,255,196,,,,,,,,,,
162,260,239,,,,,,,,,,
163,234,254,,,,,,,,,,
168,239,275,,,,,,,,,,
174,216,450,,,,,,,,,,
174,219,716,,,,,,,,,,
295,221,450,,,,,,,,,,
100,278,333,,,,,,,,,,
194,282,341,,,,,,,,,,
194,285,186,,,,,,,,,,
188,278,192,,,,,,,,,,
332,358,256,,,,,,,,,,
120,360,242,,,,,,,,,,
128,361,221,,,,,,,,,,
128,245,231,,,,,,,,,,
98,248,255,,,,,,,,,,
97,248,255,,,,,,,,,,
98,314,255,,,,,,,,,,
196,193,311,,,,,,,,,,
201,193,305,,,,,,,,,,
203,374,546,,,,,,,,,,
114,332,517,,,,,,,,,,
115,332,509,,,,,,,,,,
163,324,406,,,,,,,,,,
164,328,618,,,,,,,,,,
166,329,550,,,,,,,,,,
139,251,555,,,,,,,,,,
132,257,222,,,,,,,,,,
134,268,199,,,,,,,,,,
205,282,192,,,,,,,,,,
106,146,313,,,,,,,,,,
108,440,319,,,,,,,,,,
183,586,316,,,,,,,,,,
235,621,269,,,,,,,,,,
257,290,272,,,,,,,,,,
280,304,401,,,,,,,,,,
269,304,257,,,,,,,,,,
272,305,313,,,,,,,,,,
141,271,199,,,,,,,,,,
142,744,199,,,,,,,,,,
145,233,197,,,,,,,,,,
121,298,374,,,,,,,,,,
121,323,374,,,,,,,,,,
121,276,208,,,,,,,,,,
184,242,209,,,,,,,,,,
187,420,190,,,,,,,,,,
188,420,1423,,,,,,,,,,
372,426,1466,,,,,,,,,,
191,232,306,,,,,,,,,,
78,219,377,,,,,,,,,,
95,221,432,,,,,,,,,,
247,259,390,,,,,,,,,,
161,263,228,,,,,,,,,,
161,265,137,,,,,,,,,,
148,196,336,,,,,,,,,,
148,198,344,,,,,,,,,,
149,261,267,,,,,,,,,,
367,220,298,,,,,,,,,,
370,224,301,,,,,,,,,,
372,227,304,,,,,,,,,,
215,416,248,,,,,,,,,,
217,416,257,,,,,,,,,,
107,418,254,,,,,,,,,,
110,352,328,,,,,,,,,,
102,229,333,,,,,,,,,,
103,415,300,,,,,,,,,,
110,438,308,,,,,,,,,,
112,440,311,,,,,,,,,,
113,329,315,,,,,,,,,,
109,263,309,,,,,,,,,,
118,263,288,,,,,,,,,,
119,263,279,,,,,,,,,,
121,314,263,,,,,,,,,,
136,56,340,,,,,,,,,,
138,354,362,,,,,,,,,,
138,242,533,,,,,,,,,,
179,247,546,,,,,,,,,,
180,250,230,,,,,,,,,,
117,310,233,,,,,,,,,,
130,291,238,,,,,,,,,,
122,294,223,,,,,,,,,,
122,297,226,,,,,,,,,,
124,300,460,,,,,,,,,,
125,267,352,,,,,,,,,,
126,266,186,,,,,,,,,,
127,267,187,,,,,,,,,,
137,294,269,,,,,,,,,,
136,287,278,,,,,,,,,,
134,328,275,,,,,,,,,,
129,323,218,,,,,,,,,,
130,291,422,,,,,,,,,,
131,255,246,,,,,,,,,,
99,266,250,,,,,,,,,,
101,269,269,,,,,,,,,,
102,251,294,,,,,,,,,,
131,242,260,,,,,,,,,,
132,312,258,,,,,,,,,,
134,220,256,,,,,,,,,,
337,220,345,,,,,,,,,,
169,282,346,,,,,,,,,,
152,285,345,,,,,,,,,,
153,285,327,,,,,,,,,,
97,320,337,,,,,,,,,,
98,320,225,,,,,,,,,,
99,351,228,,,,,,,,,,
228,381,240,,,,,,,,,,
229,415,241,,,,,,,,,,
231,346,155,,,,,,,,,,
77,347,108,,,,,,,,,,
78,351,253,,,,,,,,,,
118,337,189,,,,,,,,,,
118,337,180,,,,,,,,,,
112,339,355,,,,,,,,,,
174,279,384,,,,,,,,,,
131,279,309,,,,,,,,,,
132,282,279,,,,,,,,,,
133,277,246,,,,,,,,,,
150,280,267,,,,,,,,,,
139,297,490,,,,,,,,,,
140,136,230,,,,,,,,,,
106,214,234,,,,,,,,,,
107,215,339,,,,,,,,,,
257,305,327,,,,,,,,,,
257,314,289,,,,,,,,,,
242,315,252,,,,,,,,,,
206,272,261,,,,,,,,,,
192,275,264,,,,,,,,,,
123,248,264,,,,,,,,,,
124,251,254,,,,,,,,,,
128,253,216,,,,,,,,,,
134,249,214,,,,,,,,,,
135,253,221,,,,,,,,,,
136,254,54,,,,,,,,,,
110,250,654,,,,,,,,,,
235,166,654,,,,,,,,,,
111,264,618,,,,,,,,,,
112,224,295,,,,,,,,,,
134,242,299,,,,,,,,,,
134,238,114,,,,,,,,,,
135,353,273,,,,,,,,,,
144,350,282,,,,,,,,,,
144,470,279,,,,,,,,,,
145,340,298,,,,,,,,,,
138,420,302,,,,,,,,,,
140,290,304,,,,,,,,,,
141,291,189,,,,,,,,,,
98,840,282,,,,,,,,,,
100,845,386,,,,,,,,,,
116,280,246,,,,,,,,,,
146,306,255,,,,,,,,,,
147,175,252,,,,,,,,,,
122,230,421,,,,,,,,,,
165,273,233,,,,,,,,,,
166,296,234,,,,,,,,,,
130,248,363,,,,,,,,,,
163,249,352,,,,,,,,,,
243,250,662,,,,,,,,,,
141,609,1024,,,,,,,,,,
243,292,662,,,,,,,,,,
139,159,200,,,,,,,,,,
141,210,197,,,,,,,,,,
105,211,197,,,,,,,,,,
106,211,322,,,,,,,,,,
107,235,288,,,,,,,,,,
145,238,283,,,,,,,,,,
147,211,258,,,,,,,,,,
240,211,250,,,,,,,,,,
244,214,256,,,,,,,,,,
245,215,497,,,,,,,,,,
133,725,614,,,,,,,,,,
135,732,232,,,,,,,,,,
136,479,218,,,,,,,,,,
91,553,339,,,,,,,,,,
139,256,330,,,,,,,,,,
76,259,321,,,,,,,,,,
77,366,240,,,,,,,,,,
163,439,245,,,,,,,,,,
165,457,330,,,,,,,,,,
122,500,277,,,,,,,,,,
124,182,212,,,,,,,,,,
100,219,200,,,,,,,,,,
100,529,181,,,,,,,,,,
105,553,254,,,,,,,,,,
107,721,263,,,,,,,,,,
135,310,249,,,,,,,,,,
151,365,306,,,,,,,,,,
154,263,368,,,,,,,,,,
155,316,376,,,,,,,,,,
119,343,398,,,,,,,,,,
119,293,239,,,,,,,,,,
119,294,315,,,,,,,,,,
290,296,219,,,,,,,,,,
290,228,210,,,,,,,,,,
151,553,361,,,,,,,,,,
140,327,257,,,,,,,,,,
112,399,259,,,,,,,,,,
113,435,276,,,,,,,,,,
106,353,282,,,,,,,,,,
119,355,277,,,,,,,,,,
126,344,242,,,,,,,,,,
123,348,234,,,,,,,,,,
123,348,219,,,,,,,,,,
101,352,378,,,,,,,,,,
128,297,348,,,,,,,,,,
129,228,355,,,,,,,,,,
130,230,314,,,,,,,,,,
114,260,280,,,,,,,,,,
115,265,179,,,,,,,,,,
116,258,340,,,,,,,,,,
200,259,319,,,,,,,,,,
203,307,301,,,,,,,,,,
185,308,285,,,,,,,,,,
168,426,282,,,,,,,,,,
168,434,191,,,,,,,,,,
124,436,192,,,,,,,,,,
125,353,877,,,,,,,,,,
120,500,771,,,,,,,,,,
155,360,741,,,,,,,,,,
134,560,372,,,,,,,,,,
112,58,479,,,,,,,,,,
139,192,469,,,,,,,,,,
142,292,289,,,,,,,,,,
252,309,292,,,,,,,,,,
98,319,328,,,,,,,,,,
99,320,467,,,,,,,,,,
99,257,199,,,,,,,,,,
129,272,248,,,,,,,,,,
130,244,249,,,,,,,,,,
132,245,239,,,,,,,,,,
98,304,240,,,,,,,,,,
98,310,212,,,,,,,,,,
99,329,212,,,,,,,,,,
51,246,215,,,,,,,,,,
156,323,400,,,,,,,,,,
142,246,521,,,,,,,,,,
113,246,426,,,,,,,,,,
124,257,444,,,,,,,,,,
125,268,369,,,,,,,,,,
126,190,605,,,,,,,,,,
154,425,574,,,,,,,,,,
104,429,551,,,,,,,,,,
104,893,399,,,,,,,,,,
106,342,385,,,,,,,,,,
135,346,385,,,,,,,,,,
135,456,237,,,,,,,,,,
137,458,236,,,,,,,,,,
115,460,233,,,,,,,,,,
116,232,171,,,,,,,,,,
118,295,172,,,,,,,,,,
127,316,322,,,,,,,,,,
127,327,312,,,,,,,,,,
128,330,295,,,,,,,,,,
480,344,349,,,,,,,,,,
485,372,354,,,,,,,,,,
127,376,354,,,,,,,,,,
128,182,362,,,,,,,,,,
130,290,362,,,,,,,,,,
116,405,191,,,,,,,,,,
116,232,198,,,,,,,,,,
118,361,198,,,,,,,,,,
63,420,286,,,,,,,,,,
117,424,297,,,,,,,,,,
118,379,292,,,,,,,,,,
167,383,211,,,,,,,,,,
102,323,335,,,,,,,,,,
102,327,280,,,,,,,,,,
138,327,327,,,,,,,,,,
159,220,262,,,,,,,,,,
160,523,362,,,,,,,,,,
130,157,319,,,,,,,,,,
131,329,314,,,,,,,,,,
129,331,235,,,,,,,,,,
300,242,296,,,,,,,,,,
255,248,284,,,,,,,,,,
256,248,279,,,,,,,,,,
129,250,279,,,,,,,,,,
80,213,232,,,,,,,,,,
161,277,386,,,,,,,,,,
164,285,348,,,,,,,,,,
166,288,342,,,,,,,,,,
217,235,328,,,,,,,,,,
190,222,492,,,,,,,,,,
191,224,244,,,,,,,,,,
116,308,261,,,,,,,,,,
150,308,261,,,,,,,,,,
59,228,269,,,,,,,,,,
150,230,271,,,,,,,,,,
139,232,328,,,,,,,,,,
140,413,324,,,,,,,,,,
141,341,111,,,,,,,,,,
119,365,306,,,,,,,,,,
114,372,528,,,,,,,,,,
220,344,269,,,,,,,,,,
205,230,421,,,,,,,,,,
220,290,604,,,,,,,,,,
163,295,394,,,,,,,,,,
244,298,324,,,,,,,,,,
135,276,323,,,,,,,,,,
142,184,299,,,,,,,,,,
240,392,359,,,,,,,,,,
250,396,504,,,,,,,,,,
134,396,367,,,,,,,,,,
133,286,476,,,,,,,,,,
134,288,296,,,,,,,,,,
147,282,301,,,,,,,,,,
146,180,296,,,,,,,,,,
153,195,386,,,,,,,,,,
153,214,350,,,,,,,,,,
146,281,245,,,,,,,,,,
124,274,490,,,,,,,,,,
125,366,315,,,,,,,,,,
127,248,323,,,,,,,,,,
218,226,636,,,,,,,,,,
219,256,588,,,,,,,,,,
126,147,315,,,,,,,,,,
116,150,316,,,,,,,,,,
101,151,318,,,,,,,,,,
90,72,232,,,,,,,,,,
129,369,444,,,,,,,,,,
133,707,451,,,,,,,,,,
160,699,511,,,,,,,,,,
166,210,259,,,,,,,,,,
167,212,259,,,,,,,,,,
374,218,260,,,,,,,,,,
72,444,238,,,,,,,,,,
162,265,235,,,,,,,,,,
164,242,306,,,,,,,,,,
166,243,291,,,,,,,,,,
152,270,417,,,,,,,,,,
146,286,460,,,,,,,,,,
129,406,227,,,,,,,,,,
130,239,262,,,,,,,,,,
242,239,906,,,,,,,,,,
153,210,315,,,,,,,,,,
273,365,298,,,,,,,,,,
172,378,599,,,,,,,,,,
295,283,321,,,,,,,,,,
439,352,241,,,,,,,,,,
143,332,243,,,,,,,,,,
153,332,432,,,,,,,,,,
264,333,269,,,,,,,,,,
264,288,270,,,,,,,,,,
265,280,267,,,,,,,,,,
176,273,480,,,,,,,,,,
178,337,482,,,,,,,,,,
180,337,473,,,,,,,,,,
273,338,663,,,,,,,,,,
275,213,627,,,,,,,,,,
85,229,609,,,,,,,,,,
217,221,295,,,,,,,,,,
217,219,426,,,,,,,,,,
190,356,422,,,,,,,,,,
241,358,328,,,,,,,,,,
261,360,717,,,,,,,,,,
320,267,464,,,,,,,,,,
347,279,439,,,,,,,,,,
230,279,450,,,,,,,,,,
169,382,326,,,,,,,,,,
171,384,329,,,,,,,,,,
245,386,261,,,,,,,,,,
249,286,523,,,,,,,,,,
292,287,652,,,,,,,,,,
292,289,634,,,,,,,,,,
292,193,321,,,,,,,,,,
293,266,330,,,,,,,,,,
257,285,326,,,,,,,,,,
269,402,506,,,,,,,,,,
285,398,356,,,,,,,,,,
365,454,216,,,,,,,,,,
368,463,381,,,,,,,,,,
273,351,360,,,,,,,,,,
276,322,557,,,,,,,,,,
279,255,261,,,,,,,,,,
176,258,390,,,,,,,,,,
186,510,272,,,,,,,,,,
118,283,245,,,,,,,,,,
118,286,243,,,,,,,,,,
158,238,243,,,,,,,,,,
159,246,226,,,,,,,,,,
118,356,227,,,,,,,,,,
110,311,243,,,,,,,,,,
75,314,347,,,,,,,,,,
76,290,243,,,,,,,,,,
77,317,128,,,,,,,,,,
57,322,257,,,,,,,,,,
110,324,258,,,,,,,,,,
231,247,275,,,,,,,,,,
233,228,284,,,,,,,,,,
125,232,279,,,,,,,,,,
126,232,301,,,,,,,,,,
295,276,337,,,,,,,,,,
296,278,301,,,,,,,,,,
297,79,400,,,,,,,,,,
107,460,336,,,,,,,,,,
108,476,553,,,,,,,,,,
109,418,275,,,,,,,,,,
105,263,283,,,,,,,,,,
105,319,260,,,,,,,,,,
168,321,503,,,,,,,,,,
205,268,309,,,,,,,,,,
266,272,407,,,,,,,,,,
268,241,295,,,,,,,,,,
142,437,301,,,,,,,,,,
143,333,333,,,,,,,,,,
160,370,353,,,,,,,,,,
160,343,453,,,,,,,,,,
160,240,455,,,,,,,,,,
141,242,442,,,,,,,,,,
74,444,266,,,,,,,,,,
75,364,271,,,,,,,,,,
76,291,155,,,,,,,,,,
156,302,147,,,,,,,,,,
159,302,440,,,,,,,,,,
161,193,269,,,,,,,,,,
79,185,372,,,,,,,,,,
77,101,390,,,,,,,,,,
77,312,333,,,,,,,,,,
96,315,333,,,,,,,,,,
97,317,335,,,,,,,,,,
98,50,223,,,,,,,,,,
99,233,225,,,,,,,,,,
134,364,277,,,,,,,,,,
261,306,281,,,,,,,,,,
134,322,287,,,,,,,,,,
71,228,277,,,,,,,,,,
109,230,296,,,,,,,,,,
71,304,303,,,,,,,,,,
108,290,615,,,,,,,,,,
109,606,618,,,,,,,,,,
110,290,377,,,,,,,,,,
98,321,472,,,,,,,,,,
88,322,634,,,,,,,,,,
119,325,244,,,,,,,,,,
117,525,250,,,,,,,,,,
114,231,256,,,,,,,,,,
114,370,282,,,,,,,,,,
115,204,306,,,,,,,,,,
104,205,332,,,,,,,,,,
106,207,233,,,,,,,,,,
107,242,471,,,,,,,,,,
138,244,471,,,,,,,,,,
195,256,267,,,,,,,,,,
196,204,275,,,,,,,,,,
198,259,272,,,,,,,,,,
148,275,375,,,,,,,,,,
208,279,728,,,,,,,,,,
209,245,728,,,,,,,,,,
134,185,589,,,,,,,,,,
136,113,651,,,,,,,,,,
137,99,242,,,,,,,,,,
114,216,183,,,,,,,,,,
115,218,233,,,,,,,,,,
115,219,208,,,,,,,,,,
122,134,208,,,,,,,,,,
204,135,226,,,,,,,,,,
111,334,248,,,,,,,,,,
112,340,243,,,,,,,,,,
117,316,252,,,,,,,,,,
117,245,176,,,,,,,,,,
118,245,254,,,,,,,,,,
123,234,281,,,,,,,,,,
126,329,279,,,,,,,,,,
127,332,550,,,,,,,,,,
129,334,550,,,,,,,,,,
344,91,605,,,,,,,,,,
346,233,246,,,,,,,,,,
347,301,246,,,,,,,,,,
194,360,244,,,,,,,,,,
150,362,202,,,,,,,,,,
124,264,404,,,,,,,,,,
125,265,501,,,,,,,,,,
120,259,476,,,,,,,,,,
180,615,284,,,,,,,,,,
112,645,285,,,,,,,,,,
113,253,246,,,,,,,,,,
142,278,412,,,,,,,,,,
144,252,209,,,,,,,,,,
71,252,209,,,,,,,,,,
130,253,210,,,,,,,,,,
148,288,526,,,,,,,,,,
124,576,385,,,,,,,,,,
125,582,387,,,,,,,,,,
123,326,313,,,,,,,,,,
155,256,279,,,,,,,,,,
157,281,280,,,,,,,,,,
136,281,361,,,,,,,,,,
111,270,552,,,,,,,,,,
112,229,258,,,,,,,,,,
44,180,264,,,,,,,,,,
45,180,269,,,,,,,,,,
45,203,233,,,,,,,,,,
43,222,898,,,,,,,,,,
44,216,590,,,,,,,,,,
44,246,202,,,,,,,,,,
41,267,202,,,,,,,,,,
44,267,312,,,,,,,,,,
40,267,226,,,,,,,,,,
41,342,365,,,,,,,,,,
42,356,371,,,,,,,,,,
129,357,272,,,,,,,,,,
123,183,281,,,,,,,,,,
131,184,266,,,,,,,,,,
132,266,301,,,,,,,,,,
99,346,294,,,,,,,,,,
100,303,206,,,,,,,,,,
143,305,57,,,,,,,,,,
146,314,418,,,,,,,,,,
146,315,212,,,,,,,,,,
174,434,221,,,,,,,,,,
174,703,223,,,,,,,,,,
115,291,230,,,,,,,,,,
115,297,229,,,,,,,,,,
167,298,212,,,,,,,,,,
268,299,219,,,,,,,,,,
80,273,808,,,,,,,,,,
81,276,321,,,,,,,,,,
81,319,311,,,,,,,,,,
164,322,189,,,,,,,,,,
167,294,196,,,,,,,,,,
119,294,633,,,,,,,,,,
121,431,568,,,,,,,,,,
116,431,528,,,,,,,,,,
109,433,882,,,,,,,,,,
109,243,263,,,,,,,,,,
162,244,257,,,,,,,,,,
166,245,229,,,,,,,,,,
287,238,220,,,,,,,,,,
279,239,221,,,,,,,,,,
281,241,572,,,,,,,,,,
72,274,322,,,,,,,,,,
72,275,330,,,,,,,,,,
92,296,325,,,,,,,,,,
92,310,163,,,,,,,,,,
92,229,238,,,,,,,,,,
206,231,213,,,,,,,,,,
185,342,229,,,,,,,,,,
183,247,232,,,,,,,,,,
101,248,248,,,,,,,,,,
101,233,256,,,,,,,,,,
142,246,262,,,,,,,,,,
142,253,440,,,,,,,,,,
142,513,455,,,,,,,,,,
254,556,458,,,,,,,,,,
93,150,295,,,,,,,,,,
156,283,322,,,,,,,,,,
157,308,333,,,,,,,,,,
189,351,335,,,,,,,,,,
192,351,264,,,,,,,,,,
194,351,269,,,,,,,,,,
70,225,256,,,,,,,,,,
72,227,268,,,,,,,,,,
72,221,252,,,,,,,,,,
87,312,435,,,,,,,,,,
90,315,452,,,,,,,,,,
124,317,452,,,,,,,,,,
127,273,482,,,,,,,,,,
128,264,484,,,,,,,,,,
101,224,475,,,,,,,,,,
109,173,251,,,,,,,,,,
119,221,209,,,,,,,,,,
102,305,216,,,,,,,,,,
111,289,216,,,,,,,,,,
248,279,252,,,,,,,,,,
250,252,259,,,,,,,,,,
258,218,271,,,,,,,,,,
71,213,261,,,,,,,,,,
118,225,263,,,,,,,,,,
119,282,275,,,,,,,,,,
108,292,197,,,,,,,,,,
105,298,298,,,,,,,,,,
106,303,298,,,,,,,,,,
44,304,295,,,,,,,,,,
45,263,209,,,,,,,,,,
45,267,266,,,,,,,,,,
102,268,276,,,,,,,,,,
124,297,271,,,,,,,,,,
126,289,270,,,,,,,,,,
127,260,277,,,,,,,,,,
179,305,278,,,,,,,,,,
181,248,270,,,,,,,,,,
183,246,270,,,,,,,,,,
105,238,279,,,,,,,,,,
165,232,201,,,,,,,,,,
311,234,259,,,,,,,,,,
128,443,306,,,,,,,,,,
93,445,315,,,,,,,,,,
97,447,312,,,,,,,,,,
98,351,186,,,,,,,,,,
99,177,192,,,,,,,,,,
128,349,196,,,,,,,,,,
128,349,201,,,,,,,,,,
149,350,280,,,,,,,,,,
150,357,285,,,,,,,,,,
151,359,267,,,,,,,,,,
137,361,214,,,,,,,,,,
144,245,219,,,,,,,,,,
144,248,209,,,,,,,,,,
144,263,210,,,,,,,,,,
126,263,699,,,,,,,,,,
189,269,618,,,,,,,,,,
190,299,621,,,,,,,,,,
191,294,205,,,,,,,,,,
122,322,225,,,,,,,,,,
123,340,232,,,,,,,,,,
106,340,230,,,,,,,,,,
120,322,249,,,,,,,,,,
122,327,254,,,,,,,,,,
123,328,251,,,,,,,,,,
124,466,192,,,,,,,,,,
308,466,198,,,,,,,,,,
301,265,269,,,,,,,,,,
289,211,276,,,,,,,,,,
126,213,272,,,,,,,,,,
130,214,313,,,,,,,,,,
133,243,319,,,,,,,,,,
154,244,316,,,,,,,,,,
121,251,260,,,,,,,,,,
155,254,260,,,,,,,,,,
109,233,236,,,,,,,,,,
128,340,201,,,,,,,,,,
131,343,206,,,,,,,,,,
132,289,162,,,,,,,,,,
103,270,222,,,,,,,,,,
360,270,266,,,,,,,,,,
164,294,266,,,,,,,,,,
165,216,263,,,,,,,,,,
166,222,307,,,,,,,,,,
192,225,314,,,,,,,,,,
193,172,316,,,,,,,,,,
195,209,303,,,,,,,,,,
191,264,267,,,,,,,,,,
191,267,252,,,,,,,,,,
146,269,246,,,,,,,,,,
148,248,265,,,,,,,,,,
150,356,266,,,,,,,,,,
174,365,262,,,,,,,,,,
138,368,276,,,,,,,,,,
138,479,276,,,,,,,,,,
83,302,273,,,,,,,,,,
143,299,261,,,,,,,,,,
146,300,269,,,,,,,,,,
148,249,269,,,,,,,,,,
163,250,279,,,,,,,,,,
167,247,285,,,,,,,,,,
168,237,229,,,,,,,,,,
147,239,308,,,,,,,,,,
148,224,310,,,,,,,,,,
87,230,236,,,,,,,,,,
79,231,253,,,,,,,,,,
80,382,258,,,,,,,,,,
81,397,255,,,,,,,,,,
260,543,218,,,,,,,,,,
262,741,261,,,,,,,,,,
359,309,265,,,,,,,,,,
362,312,260,,,,,,,,,,
115,349,282,,,,,,,,,,
158,307,291,,,,,,,,,,
137,269,288,,,,,,,,,,
138,161,341,,,,,,,,,,
131,225,229,,,,,,,,,,
129,239,234,,,,,,,,,,
167,393,234,,,,,,,,,,
135,403,585,,,,,,,,,,
125,516,530,,,,,,,,,,
119,186,361,,,,,,,,,,
189,174,220,,,,,,,,,,
198,292,206,,,,,,,,,,
201,295,243,,,,,,,,,,
327,292,245,,,,,,,,,,
105,304,242,,,,,,,,,,
474,301,337,,,,,,,,,,
139,300,237,,,,,,,,,,
121,315,243,,,,,,,,,,
125,334,295,,,,,,,,,,
126,336,249,,,,,,,,,,
112,374,257,,,,,,,,,,
112,376,258,,,,,,,,,,
113,313,367,,,,,,,,,,
107,317,357,,,,,,,,,,
232,262,710,,,,,,,,,,
234,281,231,,,,,,,,,,
145,493,238,,,,,,,,,,
129,533,239,,,,,,,,,,
166,285,240,,,,,,,,,,
191,252,232,,,,,,,,,,
192,273,239,,,,,,,,,,
196,299,239,,,,,,,,,,
161,276,373,,,,,,,,,,
106,252,886,,,,,,,,,,
107,204,770,,,,,,,,,,
108,256,297,,,,,,,,,,
157,235,391,,,,,,,,,,
150,237,372,,,,,,,,,,
170,262,373,,,,,,,,,,
157,277,212,,,,,,,,,,
159,220,283,,,,,,,,,,
195,256,279,,,,,,,,,,
198,298,285,,,,,,,,,,
200,299,185,,,,,,,,,,
184,302,191,,,,,,,,,,
192,160,193,,,,,,,,,,
225,175,196,,,,,,,,,,
227,118,304,,,,,,,,,,
231,294,307,,,,,,,,,,
123,274,302,,,,,,,,,,
127,353,261,,,,,,,,,,
128,278,269,,,,,,,,,,
173,281,269,,,,,,,,,,
112,566,305,,,,,,,,,,
130,275,356,,,,,,,,,,
136,502,420,,,,,,,,,,
239,385,209,,,,,,,,,,
71,352,313,,,,,,,,,,
72,286,135,,,,,,,,,,
125,278,373,,,,,,,,,,
125,257,249,,,,,,,,,,
126,246,256,,,,,,,,,,
116,53,254,,,,,,,,,,
259,202,218,,,,,,,,,,
261,99,344,,,,,,,,,,
264,282,210,,,,,,,,,,
134,206,211,,,,,,,,,,
117,207,204,,,,,,,,,,
159,202,214,,,,,,,,,,
159,226,195,,,,,,,,,,
155,228,238,,,,,,,,,,
83,280,220,,,,,,,,,,
84,282,223,,,,,,,,,,
83,269,223,,,,,,,,,,
100,354,244,,,,,,,,,,
106,358,231,,,,,,,,,,
173,360,228,,,,,,,,,,
175,249,201,,,,,,,,,,
147,308,307,,,,,,,,,,
171,313,225,,,,,,,,,,
172,316,173,,,,,,,,,,
132,219,217,,,,,,,,,,
131,210,221,,,,,,,,,,
104,211,230,,,,,,,,,,
367,273,244,,,,,,,,,,
369,273,244,,,,,,,,,,
53,274,242,,,,,,,,,,
54,264,212,,,,,,,,,,
108,266,218,,,,,,,,,,
149,161,221,,,,,,,,,,
144,239,633,,,,,,,,,,
146,188,633,,,,,,,,,,
131,359,636,,,,,,,,,,
134,359,242,,,,,,,,,,
186,360,242,,,,,,,,,,
235,276,243,,,,,,,,,,
129,232,348,,,,,,,,,,
120,234,350,,,,,,,,,,
84,230,219,,,,,,,,,,
73,244,222,,,,,,,,,,
183,227,243,,,,,,,,,,
184,191,416,,,,,,,,,,
123,226,384,,,,,,,,,,
186,285,207,,,,,,,,,,
181,272,210,,,,,,,,,,
196,272,211,,,,,,,,,,
113,274,219,,,,,,,,,,
113,240,281,,,,,,,,,,
229,240,281,,,,,,,,,,
232,241,286,,,,,,,,,,
176,245,283,,,,,,,,,,
198,687,539,,,,,,,,,,
200,297,309,,,,,,,,,,
155,298,303,,,,,,,,,,
155,268,210,,,,,,,,,,
155,241,217,,,,,,,,,,
115,242,218,,,,,,,,,,
82,281,201,,,,,,,,,,
130,285,206,,,,,,,,,,
132,288,792,,,,,,,,,,
59,290,816,,,,,,,,,,
190,283,253,,,,,,,,,,
160,286,249,,,,,,,,,,
162,287,234,,,,,,,,,,
164,265,571,,,,,,,,,,
153,277,240,,,,,,,,,,
122,211,247,,,,,,,,,,
123,211,243,,,,,,,,,,
113,203,825,,,,,,,,,,
117,234,899,,,,,,,,,,
118,306,234,,,,,,,,,,
119,324,246,,,,,,,,,,
123,343,246,,,,,,,,,,
88,345,247,,,,,,,,,,
125,347,257,,,,,,,,,,
130,257,694,,,,,,,,,,
132,286,210,,,,,,,,,,
191,331,213,,,,,,,,,,
186,312,218,,,,,,,,,,
757,248,251,,,,,,,,,,
757,241,257,,,,,,,,,,
132,234,255,,,,,,,,,,
137,335,316,,,,,,,,,,
136,335,325,,,,,,,,,,
139,337,322,,,,,,,,,,
41,349,377,,,,,,,,,,
41,352,289,,,,,,,,,,
42,354,239,,,,,,,,,,
196,571,244,,,,,,,,,,
132,577,244,,,,,,,,,,
168,348,363,,,,,,,,,,
169,214,380,,,,,,,,,,
115,221,222,,,,,,,,,,
117,273,223,,,,,,,,,,
157,240,265,,,,,,,,,,
159,244,264,,,,,,,,,,
160,245,265,,,,,,,,,,
157,575,289,,,,,,,,,,
122,731,290,,,,,,,,,,
123,757,264,,,,,,,,,,
160,658,296,,,,,,,,,,
161,261,302,,,,,,,,,,
162,367,302,,,,,,,,,,
110,378,217,,,,,,,,,,
111,325,212,,,,,,,,,,
87,270,209,,,,,,,,,,
122,270,294,,,,,,,,,,
123,272,297,,,,,,,,,,
116,241,291,,,,,,,,,,
175,227,275,,,,,,,,,,
130,229,275,,,,,,,,,,
444,357,275,,,,,,,,,,
128,417,208,,,,,,,,,,
306,441,212,,,,,,,,,,
158,723,213,,,,,,,,,,
160,282,294,,,,,,,,,,
165,300,289,,,,,,,,,,
166,300,239,,,,,,,,,,
168,343,840,,,,,,,,,,
102,340,616,,,,,,,,,,
104,251,285,,,,,,,,,,
105,242,557,,,,,,,,,,
102,228,579,,,,,,,,,,
145,310,347,,,,,,,,,,
146,328,363,,,,,,,,,,
148,341,440,,,,,,,,,,
55,424,244,,,,,,,,,,
60,272,245,,,,,,,,,,
43,277,262,,,,,,,,,,
43,278,236,,,,,,,,,,
165,278,329,,,,,,,,,,
168,273,333,,,,,,,,,,
210,274,326,,,,,,,,,,
212,313,247,,,,,,,,,,
143,318,236,,,,,,,,,,
145,321,244,,,,,,,,,,
157,241,248,,,,,,,,,,
158,244,353,,,,,,,,,,
132,244,223,,,,,,,,,,
133,256,225,,,,,,,,,,
134,262,223,,,,,,,,,,
205,264,209,,,,,,,,,,
136,290,214,,,,,,,,,,
111,289,288,,,,,,,,,,
167,289,267,,,,,,,,,,
168,401,267,,,,,,,,,,
170,401,266,,,,,,,,,,
171,407,313,,,,,,,,,,
143,339,319,,,,,,,,,,
144,342,316,,,,,,,,,,
258,342,257,,,,,,,,,,
261,362,451,,,,,,,,,,
168,344,234,,,,,,,,,,
168,239,302,,,,,,,,,,
108,264,233,,,,,,,,,,
109,258,231,,,,,,,,,,
110,326,129,,,,,,,,,,
130,323,510,,,,,,,,,,
123,324,267,,,,,,,,,,
409,240,275,,,,,,,,,,
,240,310,,,,,,,,,,
,244,318,,,,,,,,,,
,430,204,,,,,,,,,,
,341,263,,,,,,,,,,
,341,268,,,,,,,,,,
,475,256,,,,,,,,,,
,357,217,,,,,,,,,,
,358,238,,,,,,,,,,
,360,244,,,,,,,,,,
,374,253,,,,,,,,,,
,384,631,,,,,,,,,,
,391,637,,,,,,,,,,
,295,625,,,,,,,,,,
,411,291,,,,,,,,,,
,391,327,,,,,,,,,,
,324,339,,,,,,,,,,
,328,158,,,,,,,,,,
,330,243,,,,,,,,,,
,260,761,,,,,,,,,,
,271,373,,,,,,,,,,
,276,414,,,,,,,,,,
,397,365,,,,,,,,,,
,403,353,,,,,,,,,,
,190,365,,,,,,,,,,
,268,232,,,,,,,,,,
,209,298,,,,,,,,,,
,209,135,,,,,,,,,,
,298,269,,,,,,,,,,
,281,256,,,,,,,,,,
,272,244,,,,,,,,,,
,478,289,,,,,,,,,,
,246,289,,,,,,,,,,
,232,289,,,,,,,,,,
,227,288,,,,,,,,,,
,318,247,,,,,,,,,,
,342,247,,,,,,,,,,
,343,276,,,,,,,,,,
,266,218,,,,,,,,,,
,274,229,,,,,,,,,,
,274,234,,,,,,,,,,
,275,214,,,,,,,,,,
,276,221,,,,,,,,,,
,211,211,,,,,,,,,,
,211,209,,,,,,,,,,
,414,297,,,,,,,,,,
,414,262,,,,,,,,,,
,416,273,,,,,,,,,,
,317,270,,,,,,,,,,
,224,232,,,,,,,,,,
,225,241,,,,,,,,,,
,233,242,,,,,,,,,,
,234,350,,,,,,,,,,
,327,362,,,,,,,,,,
,327,399,,,,,,,,,,
,328,370,,,,,,,,,,
,257,365,,,,,,,,,,
,260,279,,,,,,,,,,
,261,285,,,,,,,,,,
,319,282,,,,,,,,,,
,301,252,,,,,,,,,,
,335,263,,,,,,,,,,
,342,262,,,,,,,,,,
,322,298,,,,,,,,,,
,334,288,,,,,,,,,,
,371,285,,,,,,,,,,
,234,236,,,,,,,,,,
,239,237,,,,,,,,,,
,241,232,,,,,,,,,,
,295,232,,,,,,,,,,
,296,255,,,,,,,,,,
,299,252,,,,,,,,,,
,323,230,,,,,,,,,,
,324,762,,,,,,,,,,
,331,662,,,,,,,,,,
,284,705,,,,,,,,,,
,319,205,,,,,,,,,,
,296,304,,,,,,,,,,
,320,306,,,,,,,,,,
,325,251,,,,,,,,,,
,336,257,,,,,,,,,,
,398,258,,,,,,,,,,
,400,304,,,,,,,,,,
,402,310,,,,,,,,,,
,331,307,,,,,,,,,,
,334,187,,,,,,,,,,
,574,256,,,,,,,,,,
,574,150,,,,,,,,,,
,574,242,,,,,,,,,,
,313,237,,,,,,,,,,
,242,243,,,,,,,,,,
,244,252,,,,,,,,,,
,249,209,,,,,,,,,,
,255,417,,,,,,,,,,
,257,411,,,,,,,,,,
,258,413,,,,,,,,,,
,353,505,,,,,,,,,,
,355,301,,,,,,,,,,
,357,310,,,,,,,,,,
,295,379,,,,,,,,,,
,259,465,,,,,,,,,,
,264,475,,,,,,,,,,
,267,234,,,,,,,,,,
,181,241,,,,,,,,,,
,236,243,,,,,,,,,,
,229,186,,,,,,,,,,
,227,191,,,,,,,,,,
,338,191,,,,,,,,,,
,338,293,,,,,,,,,,
,324,961,,,,,,,,,,
,353,235,,,,,,,,,,
,356,226,,,,,,,,,,
,196,434,,,,,,,,,,
,246,225,,,,,,,,,,
,246,252,,,,,,,,,,
,260,621,,,,,,,,,,
,262,471,,,,,,,,,,
,415,482,,,,,,,,,,
,488,477,,,,,,,,,,
,352,213,,,,,,,,,,
,355,221,,,,,,,,,,
,357,219,,,,,,,,,,
,270,251,,,,,,,,,,
,272,251,,,,,,,,,,
,269,263,,,,,,,,,,
,257,266,,,,,,,,,,
,292,269,,,,,,,,,,
,315,265,,,,,,,,,,
,204,267,,,,,,,,,,
,244,340,,,,,,,,,,
,248,340,,,,,,,,,,
,250,335,,,,,,,,,,
,387,179,,,,,,,,,,
,393,158,,,,,,,,,,
,383,258,,,,,,,,,,
,245,266,,,,,,,,,,
,327,267,,,,,,,,,,
,329,163,,,,,,,,,,
,334,167,,,,,,,,,,
,273,173,,,,,,,,,,
,273,253,,,,,,,,,,
,274,252,,,,,,,,,,
,243,253,,,,,,,,,,
,243,253,,,,,,,,,,
,243,258,,,,,,,,,,
,238,255,,,,,,,,,,
,249,234,,,,,,,,,,
,335,241,,,,,,,,,,
,421,238,,,,,,,,,,
,419,256,,,,,,,,,,
,165,337,,,,,,,,,,
,250,345,,,,,,,,,,
,251,340,,,,,,,,,,
,252,262,,,,,,,,,,
,279,259,,,,,,,,,,
,282,253,,,,,,,,,,
,284,230,,,,,,,,,,
,92,231,,,,,,,,,,
,276,257,,,,,,,,,,
,257,258,,,,,,,,,,
,245,258,,,,,,,,,,
,269,209,,,,,,,,,,
,308,199,,,,,,,,,,
,232,239,,,,,,,,,,
,235,246,,,,,,,,,,
,237,242,,,,,,,,,,
,273,212,,,,,,,,,,
,197,186,,,,,,,,,,
,327,230,,,,,,,,,,
,318,249,,,,,,,,,,
,332,271,,,,,,,,,,
,235,261,,,,,,,,,,
,233,260,,,,,,,,,,
,225,262,,,,,,,,,,
,341,257,,,,,,,,,,
,389,265,,,,,,,,,,
,354,262,,,,,,,,,,
,310,281,,,,,,,,,,
,310,273,,,,,,,,,,
,311,273,,,,,,,,,,
,329,274,,,,,,,,,,
,328,252,,,,,,,,,,
,332,212,,,,,,,,,,
,299,218,,,,,,,,,,
,305,341,,,,,,,,,,
,282,343,,,,,,,,,,
,227,319,,,,,,,,,,
,244,319,,,,,,,,,,
,262,237,,,,,,,,,,
,210,229,,,,,,,,,,
,211,226,,,,,,,,,,
,213,241,,,,,,,,,,
,341,309,,,,,,,,,,
,341,299,,,,,,,,,,
,346,301,,,,,,,,,,
,492,350,,,,,,,,,,
,497,359,,,,,,,,,,
,257,181,,,,,,,,,,
,257,271,,,,,,,,,,
,258,257,,,,,,,,,,
,267,255,,,,,,,,,,
,267,266,,,,,,,,,,
,271,430,,,,,,,,,,
,235,196,,,,,,,,,,
,225,531,,,,,,,,,,
,226,328,,,,,,,,,,
,230,331,,,,,,,,,,
,233,331,,,,,,,,,,
,437,139,,,,,,,,,,
,437,293,,,,,,,,,,
,444,298,,,,,,,,,,
,256,383,,,,,,,,,,
,305,249,,,,,,,,,,
,331,249,,,,,,,,,,
,334,526,,,,,,,,,,
,240,512,,,,,,,,,,
,402,424,,,,,,,,,,
,466,227,,,,,,,,,,
,552,226,,,,,,,,,,
,299,328,,,,,,,,,,
,748,229,,,,,,,,,,
,427,278,,,,,,,,,,
,429,254,,,,,,,,,,
,167,260,,,,,,,,,,
,457,257,,,,,,,,,,
,469,348,,,,,,,,,,
,616,249,,,,,,,,,,
,208,242,,,,,,,,,,
,212,242,,,,,,,,,,
,347,250,,,,,,,,,,
,348,243,,,,,,,,,,
,350,235,,,,,,,,,,
,336,231,,,,,,,,,,
,346,271,,,,,,,,,,
,348,268,,,,,,,,,,
,505,269,,,,,,,,,,
,638,293,,,,,,,,,,
,351,261,,,,,,,,,,
,353,265,,,,,,,,,,
,355,370,,,,,,,,,,
,416,253,,,,,,,,,,
,416,253,,,,,,,,,,
,528,386,,,,,,,,,,
,299,256,,,,,,,,,,
,567,269,,,,,,,,,,
,445,277,,,,,,,,,,
,503,273,,,,,,,,,,
,64,332,,,,,,,,,,
,418,321,,,,,,,,,,
,370,302,,,,,,,,,,
,396,332,,,,,,,,,,
,332,332,,,,,,,,,,
,280,333,,,,,,,,,,
,327,745,,,,,,,,,,
,327,1222,,,,,,,,,,
,316,369,,,,,,,,,,
,317,369,,,,,,,,,,
,305,365,,,,,,,,,,
,308,537,,,,,,,,,,
,310,537,,,,,,,,,,
,257,532,,,,,,,,,,
,217,460,,,,,,,,,,
,224,374,,,,,,,,,,
,226,385,,,,,,,,,,
,321,637,,,,,,,,,,
,379,487,,,,,,,,,,
,252,482,,,,,,,,,,
,254,259,,,,,,,,,,
,255,266,,,,,,,,,,
,272,262,,,,,,,,,,
,309,146,,,,,,,,,,
,311,197,,,,,,,,,,
,303,199,,,,,,,,,,
,361,200,,,,,,,,,,
,342,666,,,,,,,,,,
,381,642,,,,,,,,,,
,346,207,,,,,,,,,,
,348,210,,,,,,,,,,
,267,222,,,,,,,,,,
,271,217,,,,,,,,,,
,272,217,,,,,,,,,,
,346,259,,,,,,,,,,
,724,265,,,,,,,,,,
,623,265,,,,,,,,,,
,327,202,,,,,,,,,,
,500,207,,,,,,,,,,
,263,214,,,,,,,,,,
,399,374,,,,,,,,,,
,306,522,,,,,,,,,,
,330,476,,,,,,,,,,
,565,569,,,,,,,,,,
,262,507,,,,,,,,,,
,357,518,,,,,,,,,,
,267,211,,,,,,,,,,
,206,215,,,,,,,,,,
,220,209,,,,,,,,,,
,238,263,,,,,,,,,,
,186,313,,,,,,,,,,
,181,315,,,,,,,,,,
,150,201,,,,,,,,,,
,150,340,,,,,,,,,,
,149,683,,,,,,,,,,
,217,683,,,,,,,,,,
,223,644,,,,,,,,,,
,263,249,,,,,,,,,,
,265,250,,,,,,,,,,
,237,250,,,,,,,,,,
,262,391,,,,,,,,,,
,258,383,,,,,,,,,,
,302,358,,,,,,,,,,
,307,229,,,,,,,,,,
,247,339,,,,,,,,,,
,248,274,,,,,,,,,,
,231,284,,,,,,,,,,
,240,291,,,,,,,,,,
,242,475,,,,,,,,,,
,238,498,,,,,,,,,,
,364,475,,,,,,,,,,
,368,206,,,,,,,,,,
,106,276,,,,,,,,,,
,269,250,,,,,,,,,,
,411,447,,,,,,,,,,
,827,458,,,,,,,,,,
,835,460,,,,,,,,,,
,839,263,,,,,,,,,,
,412,260,,,,,,,,,,
,421,289,,,,,,,,,,
,423,372,,,,,,,,,,
,215,352,,,,,,,,,,
,217,317,,,,,,,,,,
,743,228,,,,,,,,,,
,862,337,,,,,,,,,,
,356,274,,,,,,,,,,
,358,282,,,,,,,,,,
,359,246,,,,,,,,,,
,336,245,,,,,,,,,,
,343,245,,,,,,,,,,
,345,241,,,,,,,,,,
,233,203,,,,,,,,,,
,240,284,,,,,,,,,,
,242,232,,,,,,,,,,
,325,233,,,,,,,,,,
,416,168,,,,,,,,,,
,431,354,,,,,,,,,,
,431,356,,,,,,,,,,
,659,229,,,,,,,,,,
,662,259,,,,,,,,,,
,691,267,,,,,,,,,,
,322,268,,,,,,,,,,
,325,228,,,,,,,,,,
,257,347,,,,,,,,,,
,262,208,,,,,,,,,,
,231,206,,,,,,,,,,
,231,266,,,,,,,,,,
,232,264,,,,,,,,,,
,294,178,,,,,,,,,,
,297,320,,,,,,,,,,
,299,304,,,,,,,,,,
,265,556,,,,,,,,,,
,270,315,,,,,,,,,,
,256,228,,,,,,,,,,
,311,259,,,,,,,,,,
,411,268,,,,,,,,,,
,270,186,,,,,,,,,,
,260,237,,,,,,,,,,
,260,551,,,,,,,,,,
,458,529,,,,,,,,,,
,462,426,,,,,,,,,,
,513,426,,,,,,,,,,
,518,302,,,,,,,,,,
,311,332,,,,,,,,,,
,321,211,,,,,,,,,,
,321,217,,,,,,,,,,
,322,218,,,,,,,,,,
,218,608,,,,,,,,,,
,222,609,,,,,,,,,,
,210,294,,,,,,,,,,
,486,256,,,,,,,,,,
,278,257,,,,,,,,,,
,339,293,,,,,,,,,,
,370,301,,,,,,,,,,
,342,303,,,,,,,,,,
,347,228,,,,,,,,,,
,348,238,,,,,,,,,,
,287,236,,,,,,,,,,
,225,287,,,,,,,,,,
,225,295,,,,,,,,,,
,277,316,,,,,,,,,,
,290,601,,,,,,,,,,
,290,301,,,,,,,,,,
,291,308,,,,,,,,,,
,296,310,,,,,,,,,,
,451,349,,,,,,,,,,
,282,244,,,,,,,,,,
,299,245,,,,,,,,,,
,268,218,,,,,,,,,,
,278,286,,,,,,,,,,
,271,752,,,,,,,,,,
,320,109,,,,,,,,,,
,362,600,,,,,,,,,,
,372,339,,,,,,,,,,
,374,344,,,,,,,,,,
,254,337,,,,,,,,,,
,256,183,,,,,,,,,,
,231,188,,,,,,,,,,
,274,188,,,,,,,,,,
,440,186,,,,,,,,,,
,276,268,,,,,,,,,,
,263,277,,,,,,,,,,
,267,183,,,,,,,,,,
,282,343,,,,,,,,,,
,339,358,,,,,,,,,,
,261,184,,,,,,,,,,
,203,195,,,,,,,,,,
,204,196,,,,,,,,,,
,267,370,,,,,,,,,,
,355,268,,,,,,,,,,
,308,276,,,,,,,,,,
,228,278,,,,,,,,,,
,227,179,,,,,,,,,,
,228,180,,,,,,,,,,
,329,248,,,,,,,,,,
,381,448,,,,,,,,,,
,440,175,,,,,,,,,,
,444,238,,,,,,,,,,
,228,233,,,,,,,,,,
,230,234,,,,,,,,,,
,310,244,,,,,,,,,,
,321,248,,,,,,,,,,
,323,255,,,,,,,,,,
,310,539,,,,,,,,,,
,310,542,,,,,,,,,,
,282,542,,,,,,,,,,
,304,274,,,,,,,,,,
,309,274,,,,,,,,,,
,311,223,,,,,,,,,,
,390,230,,,,,,,,,,
,394,445,,,,,,,,,,
,215,489,,,,,,,,,,
,176,368,,,,,,,,,,
,177,558,,,,,,,,,,
,178,294,,,,,,,,,,
,271,270,,,,,,,,,,
,308,220,,,,,,,,,,
,305,226,,,,,,,,,,
,326,227,,,,,,,,,,
,356,457,,,,,,,,,,
,470,324,,,,,,,,,,
,451,282,,,,,,,,,,
,453,203,,,,,,,,,,
,458,242,,,,,,,,,,
,490,243,,,,,,,,,,
,216,316,,,,,,,,,,
,336,323,,,,,,,,,,
,346,310,,,,,,,,,,
,348,316,,,,,,,,,,
,350,307,,,,,,,,,,
,260,227,,,,,,,,,,
,146,234,,,,,,,,,,
,281,306,,,,,,,,,,
,366,226,,,,,,,,,,
,390,313,,,,,,,,,,
,386,317,,,,,,,,,,
,215,210,,,,,,,,,,
,309,211,,,,,,,,,,
,253,396,,,,,,,,,,
,258,406,,,,,,,,,,
,246,392,,,,,,,,,,
,223,259,,,,,,,,,,
,59,259,,,,,,,,,,
,237,259,,,,,,,,,,
,241,259,,,,,,,,,,
,236,255,,,,,,,,,,
,233,408,,,,,,,,,,
,237,414,,,,,,,,,,
,484,405,,,,,,,,,,
,457,281,,,,,,,,,,
,456,292,,,,,,,,,,
,264,269,,,,,,,,,,
,254,267,,,,,,,,,,
,255,277,,,,,,,,,,
,260,225,,,,,,,,,,
,279,225,,,,,,,,,,
,279,237,,,,,,,,,,
,281,283,,,,,,,,,,
,418,213,,,,,,,,,,
,413,330,,,,,,,,,,
,415,209,,,,,,,,,,
,419,214,,,,,,,,,,
,262,317,,,,,,,,,,
,308,324,,,,,,,,,,
,228,390,,,,,,,,,,
,237,421,,,,,,,,,,
,258,463,,,,,,,,,,
,308,235,,,,,,,,,,
,308,205,,,,,,,,,,
,308,199,,,,,,,,,,
,309,217,,,,,,,,,,
,198,251,,,,,,,,,,
,269,302,,,,,,,,,,
,298,310,,,,,,,,,,
,291,314,,,,,,,,,,
,454,232,,,,,,,,,,
,445,287,,,,,,,,,,
,431,284,,,,,,,,,,
,260,851,,,,,,,,,,
,264,856,,,,,,,,,,
,265,219,,,,,,,,,,
,408,225,,,,,,,,,,
,412,315,,,,,,,,,,
,414,315,,,,,,,,,,
,328,314,,,,,,,,,,
,542,246,,,,,,,,,,
,266,252,,,,,,,,,,
,266,250,,,,,,,,,,
,268,717,,,,,,,,,,
,382,434,,,,,,,,,,
,277,430,,,,,,,,,,
,280,364,,,,,,,,,,
,281,368,,,,,,,,,,
,209,337,,,,,,,,,,
,213,259,,,,,,,,,,
,214,367,,,,,,,,,,
,384,367,,,,,,,,,,
,388,232,,,,,,,,,,
,390,227,,,,,,,,,,
,474,231,,,,,,,,,,
,453,267,,,,,,,,,,
,233,227,,,,,,,,,,
,237,230,,,,,,,,,,
,238,568,,,,,,,,,,
,236,261,,,,,,,,,,
,241,242,,,,,,,,,,
,241,236,,,,,,,,,,
,236,240,,,,,,,,,,
,300,245,,,,,,,,,,
,213,246,,,,,,,,,,
,216,352,,,,,,,,,,
,200,253,,,,,,,,,,
,479,270,,,,,,,,,,
,582,253,,,,,,,,,,
,355,272,,,,,,,,,,
,514,200,,,,,,,,,,
,558,212,,,,,,,,,,
,377,256,,,,,,,,,,
,379,298,,,,,,,,,,
,373,205,,,,,,,,,,
,219,285,,,,,,,,,,
,389,341,,,,,,,,,,
,269,343,,,,,,,,,,
,302,344,,,,,,,,,,
,311,265,,,,,,,,,,
,326,287,,,,,,,,,,
,328,366,,,,,,,,,,
,333,223,,,,,,,,,,
,172,454,,,,,,,,,,
,324,454,,,,,,,,,,
,324,439,,,,,,,,,,
,250,235,,,,,,,,,,
,253,236,,,,,,,,,,
,344,644,,,,,,,,,,
,344,467,,,,,,,,,,
,295,733,,,,,,,,,,
,280,333,,,,,,,,,,
,280,325,,,,,,,,,,
,285,198,,,,,,,,,,
,314,201,,,,,,,,,,
,314,202,,,,,,,,,,
,315,183,,,,,,,,,,
,580,184,,,,,,,,,,
,207,206,,,,,,,,,,
,207,242,,,,,,,,,,
,194,248,,,,,,,,,,
,205,562,,,,,,,,,,
,206,565,,,,,,,,,,
,213,1078,,,,,,,,,,
,217,1078,,,,,,,,,,
,219,195,,,,,,,,,,
,270,200,,,,,,,,,,
,335,207,,,,,,,,,,
,337,271,,,,,,,,,,
,340,278,,,,,,,,,,
,260,275,,,,,,,,,,
,262,333,,,,,,,,,,
,265,333,,,,,,,,,,
,293,333,,,,,,,,,,
,287,286,,,,,,,,,,
,288,717,,,,,,,,,,
,260,738,,,,,,,,,,
,287,207,,,,,,,,,,
,291,218,,,,,,,,,,
,293,215,,,,,,,,,,
,296,289,,,,,,,,,,
,493,223,,,,,,,,,,
,250,288,,,,,,,,,,
,269,288,,,,,,,,,,
,269,311,,,,,,,,,,
,310,273,,,,,,,,,,
,292,257,,,,,,,,,,
,452,245,,,,,,,,,,
,355,302,,,,,,,,,,
,326,302,,,,,,,,,,
,329,286,,,,,,,,,,
,272,52,,,,,,,,,,
,274,305,,,,,,,,,,
,252,66,,,,,,,,,,
,232,204,,,,,,,,,,
,214,243,,,,,,,,,,
,305,397,,,,,,,,,,
,311,404,,,,,,,,,,
,314,289,,,,,,,,,,
,278,291,,,,,,,,,,
,281,295,,,,,,,,,,
,307,874,,,,,,,,,,
,313,227,,,,,,,,,,
,314,228,,,,,,,,,,
,412,229,,,,,,,,,,
,447,208,,,,,,,,,,
,488,654,,,,,,,,,,
,141,420,,,,,,,,,,
,352,420,,,,,,,,,,
,330,324,,,,,,,,,,
,307,330,,,,,,,,,,
,258,328,,,,,,,,,,
,387,189,,,,,,,,,,
,709,275,,,,,,,,,,
,770,283,,,,,,,,,,
,292,256,,,,,,,,,,
,356,256,,,,,,,,,,
,438,257,,,,,,,,,,
,453,189,,,,,,,,,,
,229,194,,,,,,,,,,
,354,178,,,,,,,,,,
,375,216,,,,,,,,,,
,358,346,,,,,,,,,,
,359,277,,,,,,,,,,
,363,303,,,,,,,,,,
,475,307,,,,,,,,,,
,217,307,,,,,,,,,,
,221,211,,,,,,,,,,
,214,326,,,,,,,,,,
,283,358,,,,,,,,,,
,280,357,,,,,,,,,,
,283,353,,,,,,,,,,
,316,401,,,,,,,,,,
,333,496,,,,,,,,,,
,358,339,,,,,,,,,,
,274,232,,,,,,,,,,
,284,754,,,,,,,,,,
,355,754,,,,,,,,,,
,358,286,,,,,,,,,,
,333,296,,,,,,,,,,
,414,270,,,,,,,,,,
,414,315,,,,,,,,,,
,371,316,,,,,,,,,,
,376,275,,,,,,,,,,
,302,273,,,,,,,,,,
,307,226,,,,,,,,,,
,307,270,,,,,,,,,,
,279,269,,,,,,,,,,
,301,265,,,,,,,,,,
,300,250,,,,,,,,,,
,301,220,,,,,,,,,,
,302,204,,,,,,,,,,
,278,333,,,,,,,,,,
,353,345,,,,,,,,,,
,381,295,,,,,,,,,,
,332,266,,,,,,,,,,
,250,266,,,,,,,,,,
,251,268,,,,,,,,,,
,226,214,,,,,,,,,,
,231,215,,,,,,,,,,
,292,215,,,,,,,,,,
,285,319,,,,,,,,,,
,314,513,,,,,,,,,,
,303,357,,,,,,,,,,
,297,347,,,,,,,,,,
,280,344,,,,,,,,,,
,368,208,,,,,,,,,,
,351,413,,,,,,,,,,
,315,419,,,,,,,,,,
,240,409,,,,,,,,,,
,242,237,,,,,,,,,,
,371,244,,,,,,,,,,
,214,245,,,,,,,,,,
,414,315,,,,,,,,,,
,303,315,,,,,,,,,,
,304,318,,,,,,,,,,
,309,247,,,,,,,,,,
,310,246,,,,,,,,,,
,283,259,,,,,,,,,,
,291,266,,,,,,,,,,
,296,166,,,,,,,,,,
,302,883,,,,,,,,,,
,396,883,,,,,,,,,,
,280,288,,,,,,,,,,
,288,300,,,,,,,,,,
,376,418,,,,,,,,,,
,377,221,,,,,,,,,,
,154,227,,,,,,,,,,
,270,235,,,,,,,,,,
,295,279,,,,,,,,,,
,361,286,,,,,,,,,,
,441,284,,,,,,,,,,
,278,540,,,,,,,,,,
,562,543,,,,,,,,,,
,287,285,,,,,,,,,,
,301,262,,,,,,,,,,
,306,260,,,,,,,,,,
,309,259,,,,,,,,,,
,299,255,,,,,,,,,,
,214,252,,,,,,,,,,
,243,288,,,,,,,,,,
,242,275,,,,,,,,,,
,274,272,,,,,,,,,,
,290,902,,,,,,,,,,
,295,383,,,,,,,,,,
,297,207,,,,,,,,,,
,479,211,,,,,,,,,,
,463,211,,,,,,,,,,
,165,199,,,,,,,,,,
,338,166,,,,,,,,,,
,338,241,,,,,,,,,,
,275,243,,,,,,,,,,
,265,216,,,,,,,,,,
,312,221,,,,,,,,,,
,325,222,,,,,,,,,,
,296,169,,,,,,,,,,
,319,174,,,,,,,,,,
,325,178,,,,,,,,,,
,291,175,,,,,,,,,,
,255,191,,,,,,,,,,
,250,187,,,,,,,,,,
,338,186,,,,,,,,,,
,343,232,,,,,,,,,,
,344,225,,,,,,,,,,
,416,228,,,,,,,,,,
,510,285,,,,,,,,,,
,229,286,,,,,,,,,,
,189,276,,,,,,,,,,
,189,272,,,,,,,,,,
,190,264,,,,,,,,,,
,409,271,,,,,,,,,,
,409,268,,,,,,,,,,
,461,218,,,,,,,,,,
,372,226,,,,,,,,,,
,298,259,,,,,,,,,,
,301,267,,,,,,,,,,
,415,215,,,,,,,,,,
,381,222,,,,,,,,,,
,282,274,,,,,,,,,,
,363,282,,,,,,,,,,
,413,283,,,,,,,,,,
,256,558,,,,,,,,,,
,255,609,,,,,,,,,,
,246,286,,,,,,,,,,
,363,293,,,,,,,,,,
,385,289,,,,,,,,,,
,389,286,,,,,,,,,,
,285,259,,,,,,,,,,
,288,246,,,,,,,,,,
,291,301,,,,,,,,,,
,294,241,,,,,,,,,,
,298,521,,,,,,,,,,
,375,693,,,,,,,,,,
,361,696,,,,,,,,,,
,361,258,,,,,,,,,,
,365,254,,,,,,,,,,
,360,241,,,,,,,,,,
,372,284,,,,,,,,,,
,372,290,,,,,,,,,,
,374,258,,,,,,,,,,
,384,266,,,,,,,,,,
,390,262,,,,,,,,,,
,394,240,,,,,,,,,,
,348,247,,,,,,,,,,
,273,178,,,,,,,,,,
,356,182,,,,,,,,,,
,345,209,,,,,,,,,,
,286,221,,,,,,,,,,
,297,395,,,,,,,,,,
,272,408,,,,,,,,,,
,277,408,,,,,,,,,,
,309,410,,,,,,,,,,
,312,213,,,,,,,,,,
,278,229,,,,,,,,,,
,659,249,,,,,,,,,,
,672,264,,,,,,,,,,
,362,288,,,,,,,,,,
,291,361,,,,,,,,,,
,270,367,,,,,,,,,,
,261,359,,,,,,,,,,
,300,354,,,,,,,,,,
,306,199,,,,,,,,,,
,298,252,,,,,,,,,,
,260,259,,,,,,,,,,
,304,255,,,,,,,,,,
,297,226,,,,,,,,,,
,297,226,,,,,,,,,,
,306,227,,,,,,,,,,
,309,372,,,,,,,,,,
,309,547,,,,,,,,,,
,312,547,,,,,,,,,,
,129,299,,,,,,,,,,
,252,297,,,,,,,,,,
,258,302,,,,,,,,,,
,357,314,,,,,,,,,,
,302,554,,,,,,,,,,
,295,574,,,,,,,,,,
,325,530,,,,,,,,,,
,413,540,,,,,,,,,,
,417,335,,,,,,,,,,
,302,338,,,,,,,,,,
,304,245,,,,,,,,,,
,305,241,,,,,,,,,,
,235,209,,,,,,,,,,
,463,619,,,,,,,,,,
,231,619,,,,,,,,,,
,232,1128,,,,,,,,,,
,237,487,,,,,,,,,,
,559,324,,,,,,,,,,
,199,324,,,,,,,,,,
,199,324,,,,,,,,,,
,444,268,,,,,,,,,,
,361,268,,,,,,,,,,
,230,280,,,,,,,,,,
,454,287,,,,,,,,,,
,459,504,,,,,,,,,,
,250,552,,,,,,,,,,
,253,567,,,,,,,,,,
,247,623,,,,,,,,,,
,297,265,,,,,,,,,,
,280,259,,,,,,,,,,
,248,259,,,,,,,,,,
,257,255,,,,,,,,,,
,207,263,,,,,,,,,,
,204,472,,,,,,,,,,
,207,490,,,,,,,,,,
,351,285,,,,,,,,,,
,650,213,,,,,,,,,,
,634,220,,,,,,,,,,
,451,221,,,,,,,,,,
,451,290,,,,,,,,,,
,453,290,,,,,,,,,,
,251,363,,,,,,,,,,
,231,318,,,,,,,,,,
,292,175,,,,,,,,,,
,295,211,,,,,,,,,,
,351,210,,,,,,,,,,
,355,216,,,,,,,,,,
,443,215,,,,,,,,,,
,536,296,,,,,,,,,,
,582,316,,,,,,,,,,
,227,335,,,,,,,,,,
,472,333,,,,,,,,,,
,427,306,,,,,,,,,,
,612,296,,,,,,,,,,
,615,334,,,,,,,,,,
,261,336,,,,,,,,,,
,265,333,,,,,,,,,,
,268,227,,,,,,,,,,
,222,306,,,,,,,,,,
,439,308,,,,,,,,,,
,326,255,,,,,,,,,,
,299,499,,,,,,,,,,
,301,523,,,,,,,,,,
,304,573,,,,,,,,,,
,303,325,,,,,,,,,,
,306,344,,,,,,,,,,
,294,346,,,,,,,,,,
,310,616,,,,,,,,,,
,189,638,,,,,,,,,,
,347,641,,,,,,,,,,
,336,199,,,,,,,,,,
,248,204,,,,,,,,,,
,252,304,,,,,,,,,,
,329,312,,,,,,,,,,
,247,313,,,,,,,,,,
,249,198,,,,,,,,,,
,250,221,,,,,,,,,,
,254,222,,,,,,,,,,
,276,266,,,,,,,,,,
,299,275,,,,,,,,,,
,334,232,,,,,,,,,,
,340,236,,,,,,,,,,
,344,236,,,,,,,,,,
,281,318,,,,,,,,,,
,276,309,,,,,,,,,,
,260,279,,,,,,,,,,
,328,229,,,,,,,,,,
,329,726,,,,,,,,,,
,522,751,,,,,,,,,,
,175,751,,,,,,,,,,
,291,239,,,,,,,,,,
,290,302,,,,,,,,,,
,291,298,,,,,,,,,,
,259,271,,,,,,,,,,
,260,278,,,,,,,,,,
,264,286,,,,,,,,,,
,259,277,,,,,,,,,,
,379,186,,,,,,,,,,
,411,259,,,,,,,,,,
,288,264,,,,,,,,,,
,291,278,,,,,,,,,,
,278,427,,,,,,,,,,
,318,214,,,,,,,,,,
,320,221,,,,,,,,,,
,349,221,,,,,,,,,,
,358,422,,,,,,,,,,
,344,422,,,,,,,,,,
,309,422,,,,,,,,,,
,263,213,,,,,,,,,,
,284,214,,,,,,,,,,
,312,280,,,,,,,,,,
,277,196,,,,,,,,,,
,284,415,,,,,,,,,,
,286,309,,,,,,,,,,
,279,408,,,,,,,,,,
,281,418,,,,,,,,,,
,282,364,,,,,,,,,,
,222,389,,,,,,,,,,
,270,230,,,,,,,,,,
,271,231,,,,,,,,,,
,272,232,,,,,,,,,,
,300,227,,,,,,,,,,
,303,235,,,,,,,,,,
,313,246,,,,,,,,,,
,316,186,,,,,,,,,,
,356,360,,,,,,,,,,
,358,209,,,,,,,,,,
,240,210,,,,,,,,,,
,278,223,,,,,,,,,,
,334,225,,,,,,,,,,
,327,307,,,,,,,,,,
,293,291,,,,,,,,,,
,316,289,,,,,,,,,,
,258,215,,,,,,,,,,
,259,221,,,,,,,,,,
,254,218,,,,,,,,,,
,257,210,,,,,,,,,,
,261,160,,,,,,,,,,
,267,235,,,,,,,,,,
,261,258,,,,,,,,,,
,247,243,,,,,,,,,,
,241,238,,,,,,,,,,
,205,238,,,,,,,,,,
,323,335,,,,,,,,,,
,323,393,,,,,,,,,,
,328,264,,,,,,,,,,
,245,264,,,,,,,,,,
,350,194,,,,,,,,,,
,366,194,,,,,,,,,,
,364,260,,,,,,,,,,
,500,260,,,,,,,,,,
,543,258,,,,,,,,,,
,405,294,,,,,,,,,,
,410,500,,,,,,,,,,
,435,560,,,,,,,,,,
,266,539,,,,,,,,,,
,361,241,,,,,,,,,,
,320,229,,,,,,,,,,
,244,247,,,,,,,,,,
,245,233,,,,,,,,,,
,242,241,,,,,,,,,,
,251,239,,,,,,,,,,
,251,226,,,,,,,,,,
,251,233,,,,,,,,,,
,345,229,,,,,,,,,,
,346,219,,,,,,,,,,
,348,277,,,,,,,,,,
,291,462,,,,,,,,,,
,342,355,,,,,,,,,,
,347,355,,,,,,,,,,
,350,221,,,,,,,,,,
,374,226,,,,,,,,,,
,397,225,,,,,,,,,,
,399,298,,,,,,,,,,
,403,298,,,,,,,,,,
,333,243,,,,,,,,,,
,361,318,,,,,,,,,,
,393,204,,,,,,,,,,
,299,209,,,,,,,,,,
,251,385,,,,,,,,,,
,321,288,,,,,,,,,,
,353,288,,,,,,,,,,
,388,225,,,,,,,,,,
,334,226,,,,,,,,,,
,357,430,,,,,,,,,,
,772,434,,,,,,,,,,
,772,46,,,,,,,,,,
,334,295,,,,,,,,,,
,365,303,,,,,,,,,,
,371,265,,,,,,,,,,
,400,216,,,,,,,,,,
,277,221,,,,,,,,,,
,398,194,,,,,,,,,,
,463,192,,,,,,,,,,
,272,273,,,,,,,,,,
,275,251,,,,,,,,,,
,275,163,,,,,,,,,,
,244,164,,,,,,,,,,
,723,169,,,,,,,,,,
,730,170,,,,,,,,,,
,734,208,,,,,,,,,,
,173,142,,,,,,,,,,
,278,220,,,,,,,,,,
,283,305,,,,,,,,,,
,230,311,,,,,,,,,,
,232,222,,,,,,,,,,
,279,386,,,,,,,,,,
,285,278,,,,,,,,,,
,217,240,,,,,,,,,,
,268,273,,,,,,,,,,
,269,279,,,,,,,,,,
,260,371,,,,,,,,,,
,550,406,,,,,,,,,,
,334,415,,,,,,,,,,
,338,415,,,,,,,,,,
,364,417,,,,,,,,,,
,338,245,,,,,,,,,,
,366,252,,,,,,,,,,
,562,199,,,,,,,,,,
,568,285,,,,,,,,,,
,315,329,,,,,,,,,,
,329,304,,,,,,,,,,
,331,301,,,,,,,,,,
,334,234,,,,,,,,,,
,306,239,,,,,,,,,,
,317,240,,,,,,,,,,
,293,486,,,,,,,,,,
,394,262,,,,,,,,,,
,417,187,,,,,,,,,,
,452,243,,,,,,,,,,
,318,244,,,,,,,,,,
,337,283,,,,,,,,,,
,346,304,,,,,,,,,,
,323,330,,,,,,,,,,
,327,245,,,,,,,,,,
,246,244,,,,,,,,,,
,252,230,,,,,,,,,,
,255,156,,,,,,,,,,
,241,210,,,,,,,,,,
,243,171,,,,,,,,,,
,236,174,,,,,,,,,,
,335,218,,,,,,,,,,
,314,344,,,,,,,,,,
,314,318,,,,,,,,,,
,293,237,,,,,,,,,,
,295,231,,,,,,,,,,
,320,211,,,,,,,,,,
,323,84,,,,,,,,,,
,351,260,,,,,,,,,,
,355,403,,,,,,,,,,
,303,272,,,,,,,,,,
,261,277,,,,,,,,,,
,215,269,,,,,,,,,,
,188,318,,,,,,,,,,
,374,324,,,,,,,,,,
,268,324,,,,,,,,,,
,317,312,,,,,,,,,,
,318,119,,,,,,,,,,
,393,273,,,,,,,,,,
,157,275,,,,,,,,,,
,322,271,,,,,,,,,,
,338,240,,,,,,,,,,
,85,206,,,,,,,,,,
,236,209,,,,,,,,,,
,367,202,,,,,,,,,,
,427,234,,,,,,,,,,
,433,197,,,,,,,,,,
,357,203,,,,,,,,,,
,362,204,,,,,,,,,,
,364,246,,,,,,,,,,
,435,250,,,,,,,,,,
,583,218,,,,,,,,,,
,307,172,,,,,,,,,,
,314,176,,,,,,,,,,
,316,232,,,,,,,,,,
,155,281,,,,,,,,,,
,279,322,,,,,,,,,,
,255,322,,,,,,,,,,
,259,306,,,,,,,,,,
,259,139,,,,,,,,,,
,270,1025,,,,,,,,,,
,270,1010,,,,,,,,,,
,365,411,,,,,,,,,,
,393,285,,,,,,,,,,
,428,275,,,,,,,,,,
,537,271,,,,,,,,,,
,274,208,,,,,,,,,,
,276,215,,,,,,,,,,
,372,296,,,,,,,,,,
,370,280,,,,,,,,,,
,347,281,,,,,,,,,,
,351,348,,,,,,,,,,
,315,377,,,,,,,,,,
,315,411,,,,,,,,,,
,324,710,,,,,,,,,,
,374,351,,,,,,,,,,
,410,258,,,,,,,,,,
,443,251,,,,,,,,,,
,376,230,,,,,,,,,,
,603,241,,,,,,,,,,
,241,228,,,,,,,,,,
,274,201,,,,,,,,,,
,265,206,,,,,,,,,,
,266,213,,,,,,,,,,
,361,238,,,,,,,,,,
,364,239,,,,,,,,,,
,427,237,,,,,,,,,,
,294,215,,,,,,,,,,
,292,216,,,,,,,,,,
,208,220,,,,,,,,,,
,209,264,,,,,,,,,,
,201,264,,,,,,,,,,
,257,305,,,,,,,,,,
,296,215,,,,,,,,,,
,418,257,,,,,,,,,,
,420,313,,,,,,,,,,
,422,1128,,,,,,,,,,
,277,1139,,,,,,,,,,
,279,1111,,,,,,,,,,
,282,218,,,,,,,,,,
,295,297,,,,,,,,,,
,333,303,,,,,,,,,,
,378,380,,,,,,,,,,
,304,380,,,,,,,,,,
,307,378,,,,,,,,,,
,212,396,,,,,,,,,,
,389,258,,,,,,,,,,
,550,259,,,,,,,,,,
,353,259,,,,,,,,,,
,208,421,,,,,,,,,,
,252,423,,,,,,,,,,
,254,416,,,,,,,,,,
,337,370,,,,,,,,,,
,340,316,,,,,,,,,,
,439,228,,,,,,,,,,
,411,448,,,,,,,,,,
,411,227,,,,,,,,,,
,351,343,,,,,,,,,,
,319,243,,,,,,,,,,
,277,261,,,,,,,,,,
,280,303,,,,,,,,,,
,281,304,,,,,,,,,,
,328,395,,,,,,,,,,
,331,406,,,,,,,,,,
,233,547,,,,,,,,,,
,224,278,,,,,,,,,,
,201,241,,,,,,,,,,
,344,312,,,,,,,,,,
,386,293,,,,,,,,,,
,386,292,,,,,,,,,,
,390,449,,,,,,,,,,
,251,276,,,,,,,,,,
,330,263,,,,,,,,,,
,240,259,,,,,,,,,,
,241,240,,,,,,,,,,
,714,247,,,,,,,,,,
,285,245,,,,,,,,,,
,286,204,,,,,,,,,,
,289,213,,,,,,,,,,
,291,214,,,,,,,,,,
,297,151,,,,,,,,,,
,489,700,,,,,,,,,,
,568,318,,,,,,,,,,
,599,242,,,,,,,,,,
,376,435,,,,,,,,,,
,266,445,,,,,,,,,,
,310,256,,,,,,,,,,
,311,253,,,,,,,,,,
,306,147,,,,,,,,,,
,316,247,,,,,,,,,,
,310,247,,,,,,,,,,
,290,252,,,,,,,,,,
,230,172,,,,,,,,,,
,229,304,,,,,,,,,,
,266,262,,,,,,,,,,
,260,271,,,,,,,,,,
,260,273,,,,,,,,,,
,262,230,,,,,,,,,,
,370,510,,,,,,,,,,
,377,353,,,,,,,,,,
,257,361,,,,,,,,,,
,253,281,,,,,,,,,,
,246,288,,,,,,,,,,
,283,304,,,,,,,,,,
,295,322,,,,,,,,,,
,262,103,,,,,,,,,,
,249,205,,,,,,,,,,
,306,189,,,,,,,,,,
,307,208,,,,,,,,,,
,310,223,,,,,,,,,,
,579,354,,,,,,,,,,
,628,376,,,,,,,,,,
,634,259,,,,,,,,,,
,271,250,,,,,,,,,,
,248,328,,,,,,,,,,
,251,338,,,,,,,,,,
,350,229,,,,,,,,,,
,351,342,,,,,,,,,,
,353,349,,,,,,,,,,
,342,343,,,,,,,,,,
,553,242,,,,,,,,,,
,555,242,,,,,,,,,,
,558,202,,,,,,,,,,
,350,219,,,,,,,,,,
,255,225,,,,,,,,,,
,255,225,,,,,,,,,,
,258,217,,,,,,,,,,
,272,223,,,,,,,,,,
,302,209,,,,,,,,,,
,368,264,,,,,,,,,,
,399,266,,,,,,,,,,
,302,192,,,,,,,,,,
,247,265,,,,,,,,,,
,340,298,,,,,,,,,,
,284,316,,,,,,,,,,
,227,225,,,,,,,,,,
,246,388,,,,,,,,,,
,260,225,,,,,,,,,,
,261,239,,,,,,,,,,
,280,260,,,,,,,,,,
,265,380,,,,,,,,,,
,349,372,,,,,,,,,,
,308,367,,,,,,,,,,
,306,205,,,,,,,,,,
,322,272,,,,,,,,,,
,317,267,,,,,,,,,,
,264,268,,,,,,,,,,
,269,269,,,,,,,,,,
,228,209,,,,,,,,,,
,305,243,,,,,,,,,,
,331,245,,,,,,,,,,
,299,317,,,,,,,,,,
,299,313,,,,,,,,,,
,300,288,,,,,,,,,,
,281,278,,,,,,,,,,
,282,252,,,,,,,,,,
,283,258,,,,,,,,,,
,262,304,,,,,,,,,,
,137,216,,,,,,,,,,
,246,219,,,,,,,,,,
,355,219,,,,,,,,,,
,252,210,,,,,,,,,,
,258,80,,,,,,,,,,
,260,236,,,,,,,,,,
,306,207,,,,,,,,,,
,296,274,,,,,,,,,,
,299,225,,,,,,,,,,
,300,554,,,,,,,,,,
,571,388,,,,,,,,,,
,565,423,,,,,,,,,,
,850,232,,,,,,,,,,
,876,239,,,,,,,,,,
,880,238,,,,,,,,,,
,283,328,,,,,,,,,,
,241,351,,,,,,,,,,
,525,379,,,,,,,,,,
,409,580,,,,,,,,,,
,391,325,,,,,,,,,,
,397,278,,,,,,,,,,
,366,347,,,,,,,,,,
,368,340,,,,,,,,,,
,370,340,,,,,,,,,,
,272,334,,,,,,,,,,
,400,204,,,,,,,,,,
,350,362,,,,,,,,,,
,327,277,,,,,,,,,,
,203,56,,,,,,,,,,
,366,258,,,,,,,,,,
,357,386,,,,,,,,,,
,257,360,,,,,,,,,,
,241,209,,,,,,,,,,
,238,215,,,,,,,,,,
,281,215,,,,,,,,,,
,284,216,,,,,,,,,,
,346,266,,,,,,,,,,
,261,275,,,,,,,,,,
,263,578,,,,,,,,,,
,556,573,,,,,,,,,,
,241,380,,,,,,,,,,
,242,489,,,,,,,,,,
,244,491,,,,,,,,,,
,364,270,,,,,,,,,,
,297,328,,,,,,,,,,
,120,332,,,,,,,,,,
,343,509,,,,,,,,,,
,305,509,,,,,,,,,,
,439,293,,,,,,,,,,
,306,293,,,,,,,,,,
,307,284,,,,,,,,,,
,236,378,,,,,,,,,,
,342,257,,,,,,,,,,
,417,257,,,,,,,,,,
,117,306,,,,,,,,,,
,361,249,,,,,,,,,,
,362,243,,,,,,,,,,
,350,233,,,,,,,,,,
,364,234,,,,,,,,,,
,388,163,,,,,,,,,,
,320,364,,,,,,,,,,
,321,515,,,,,,,,,,
,362,659,,,,,,,,,,
,365,682,,,,,,,,,,
,273,547,,,,,,,,,,
,798,252,,,,,,,,,,
,770,245,,,,,,,,,,
,774,642,,,,,,,,,,
,297,761,,,,,,,,,,
,325,729,,,,,,,,,,
,321,250,,,,,,,,,,
,227,237,,,,,,,,,,
,622,238,,,,,,,,,,
,621,258,,,,,,,,,,
,312,275,,,,,,,,,,
,313,272,,,,,,,,,,
,315,445,,,,,,,,,,
,363,456,,,,,,,,,,
,366,450,,,,,,,,,,
,326,450,,,,,,,,,,
,329,450,,,,,,,,,,
,246,450,,,,,,,,,,
,332,204,,,,,,,,,,
,412,204,,,,,,,,,,
,198,207,,,,,,,,,,
,254,296,,,,,,,,,,
,283,305,,,,,,,,,,
,308,305,,,,,,,,,,
,253,460,,,,,,,,,,
,314,754,,,,,,,,,,
,279,257,,,,,,,,,,
,284,258,,,,,,,,,,
,301,305,,,,,,,,,,
,259,280,,,,,,,,,,
,320,287,,,,,,,,,,
,323,266,,,,,,,,,,
,222,265,,,,,,,,,,
,481,266,,,,,,,,,,
,265,290,,,,,,,,,,
,356,266,,,,,,,,,,
,296,355,,,,,,,,,,
,297,210,,,,,,,,,,
,404,456,,,,,,,,,,
,408,224,,,,,,,,,,
,231,262,,,,,,,,,,
,227,263,,,,,,,,,,
,302,260,,,,,,,,,,
,239,253,,,,,,,,,,
,682,237,,,,,,,,,,
,689,244,,,,,,,,,,
,393,387,,,,,,,,,,
,281,331,,,,,,,,,,
,437,331,,,,,,,,,,
,254,256,,,,,,,,,,
,250,261,,,,,,,,,,
,243,258,,,,,,,,,,
,284,350,,,,,,,,,,
,961,321,,,,,,,,,,
,970,405,,,,,,,,,,
,302,421,,,,,,,,,,
,305,396,,,,,,,,,,
,628,282,,,,,,,,,,
,628,273,,,,,,,,,,
,628,273,,,,,,,,,,
,312,140,,,,,,,,,,
,324,304,,,,,,,,,,
,241,305,,,,,,,,,,
,261,254,,,,,,,,,,
,263,246,,,,,,,,,,
,246,230,,,,,,,,,,
,349,671,,,,,,,,,,
,369,678,,,,,,,,,,
,373,618,,,,,,,,,,
,375,245,,,,,,,,,,
,284,245,,,,,,,,,,
,253,258,,,,,,,,,,
,497,258,,,,,,,,,,
,502,345,,,,,,,,,,
,463,716,,,,,,,,,,
,342,684,,,,,,,,,,
,353,870,,,,,,,,,,
,233,1158,,,,,,,,,,
,340,295,,,,,,,,,,
,,346,,,,,,,,,,
,,256,,,,,,,,,,
,,270,,,,,,,,,,
,,272,,,,,,,,,,
,,258,,,,,,,,,,
,,247,,,,,,,,,,
,,252,,,,,,,,,,
,,245,,,,,,,,,,
,,245,,,,,,,,,,
,,246,,,,,,,,,,
,,226,,,,,,,,,,
,,223,,,,,,,,,,
,,205,,,,,,,,,,
,,306,,,,,,,,,,
,,331,,,,,,,,,,
,,332,,,,,,,,,,
,,240,,,,,,,,,,
,,238,,,,,,,,,,
,,226,,,,,,,,,,
,,289,,,,,,,,,,
,,293,,,,,,,,,,
,,289,,,,,,,,,,
,,286,,,,,,,,,,
,,278,,,,,,,,,,
,,266,,,,,,,,,,
,,250,,,,,,,,,,
,,251,,,,,,,,,,
,,210,,,,,,,,,,
,,240,,,,,,,,,,
,,224,,,,,,,,,,
,,225,,,,,,,,,,
,,408,,,,,,,,,,
,,438,,,,,,,,,,
,,221,,,,,,,,,,
,,255,,,,,,,,,,
,,234,,,,,,,,,,
,,231,,,,,,,,,,
,,225,,,,,,,,,,
,,247,,,,,,,,,,
,,307,,,,,,,,,,
,,95,,,,,,,,,,
,,372,,,,,,,,,,
,,367,,,,,,,,,,
,,250,,,,,,,,,,
,,221,,,,,,,,,,
,,228,,,,,,,,,,
,,228,,,,,,,,,,
,,204,,,,,,,,,,
,,204,,,,,,,,,,
,,211,,,,,,,,,,
,,209,,,,,,,,,,
,,216,,,,,,,,,,
,,217,,,,,,,,,,
,,256,,,,,,,,,,
,,207,,,,,,,,,,
,,215,,,,,,,,,,
,,235,,,,,,,,,,
,,449,,,,,,,,,,
,,1209,,,,,,,,,,
,,342,,,,,,,,,,
,,425,,,,,,,,,,
,,400,,,,,,,,,,
,,258,,,,,,,,,,
,,267,,,,,,,,,,
,,264,,,,,,,,,,
,,431,,,,,,,,,,
,,465,,,,,,,,,,
,,479,,,,,,,,,,
,,258,,,,,,,,,,
,,247,,,,,,,,,,
,,223,,,,,,,,,,
,,929,,,,,,,,,,
,,303,,,,,,,,,,
,,248,,,,,,,,,,
,,615,,,,,,,,,,
,,615,,,,,,,,,,
,,602,,,,,,,,,,
,,477,,,,,,,,,,
,,477,,,,,,,,,,
,,477,,,,,,,,,,
,,243,,,,,,,,,,
,,252,,,,,,,,,,
,,249,,,,,,,,,,
,,293,,,,,,,,,,
,,341,,,,,,,,,,
,,276,,,,,,,,,,
,,287,,,,,,,,,,
,,292,,,,,,,,,,
,,314,,,,,,,,,,
,,316,,,,,,,,,,
,,309,,,,,,,,,,
,,249,,,,,,,,,,
,,114,,,,,,,,,,
,,366,,,,,,,,,,
,,373,,,,,,,,,,
,,257,,,,,,,,,,
,,262,,,,,,,,,,
,,706,,,,,,,,,,
,,284,,,,,,,,,,
,,280,,,,,,,,,,
,,277,,,,,,,,,,
,,446,,,,,,,,,,
,,460,,,,,,,,,,
,,462,,,,,,,,,,
,,357,,,,,,,,,,
,,398,,,,,,,,,,
,,631,,,,,,,,,,
,,290,,,,,,,,,,
,,290,,,,,,,,,,
,,296,,,,,,,,,,
,,607,,,,,,,,,,
,,561,,,,,,,,,,
,,526,,,,,,,,,,
,,528,,,,,,,,,,
,,300,,,,,,,,,,
,,346,,,,,,,,,,
,,257,,,,,,,,,,
,,230,,,,,,,,,,
,,327,,,,,,,,,,
,,284,,,,,,,,,,
,,266,,,,,,,,,,
,,358,,,,,,,,,,
,,364,,,,,,,,,,
,,365,,,,,,,,,,
,,219,,,,,,,,,,
,,289,,,,,,,,,,
,,520,,,,,,,,,,
,,301,,,,,,,,,,
,,325,,,,,,,,,,
,,350,,,,,,,,,,
,,531,,,,,,,,,,
,,531,,,,,,,,,,
,,520,,,,,,,,,,
,,279,,,,,,,,,,
,,298,,,,,,,,,,
,,276,,,,,,,,,,
,,679,,,,,,,,,,
,,645,,,,,,,,,,
,,609,,,,,,,,,,
,,421,,,,,,,,,,
,,300,,,,,,,,,,
,,881,,,,,,,,,,
,,601,,,,,,,,,,
,,306,,,,,,,,,,
,,316,,,,,,,,,,
,,345,,,,,,,,,,
,,335,,,,,,,,,,
,,761,,,,,,,,,,
,,747,,,,,,,,,,
,,747,,,,,,,,,,
,,174,,,,,,,,,,
,,169,,,,,,,,,,
,,169,,,,,,,,,,
,,321,,,,,,,,,,
,,342,,,,,,,,,,
,,263,,,,,,,,,,
,,264,,,,,,,,,,
,,219,,,,,,,,,,
,,504,,,,,,,,,,
,,586,,,,,,,,,,
,,302,,,,,,,,,,
,,285,,,,,,,,,,
,,194,,,,,,,,,,
,,375,,,,,,,,,,
,,251,,,,,,,,,,
,,256,,,,,,,,,,
,,256,,,,,,,,,,
,,343,,,,,,,,,,
,,346,,,,,,,,,,
,,298,,,,,,,,,,
,,298,,,,,,,,,,
,,253,,,,,,,,,,
,,261,,,,,,,,,,
,,258,,,,,,,,,,
,,267,,,,,,,,,,
,,307,,,,,,,,,,
,,315,,,,,,,,,,
,,311,,,,,,,,,,
,,223,,,,,,,,,,
,,222,,,,,,,,,,
,,223,,,,,,,,,,
,,175,,,,,,,,,,
,,246,,,,,,,,,,
,,248,,,,,,,,,,
,,248,,,,,,,,,,
,,252,,,,,,,,,,
,,257,,,,,,,,,,
,,266,,,,,,,,,,
,,271,,,,,,,,,,
,,265,,,,,,,,,,
,,230,,,,,,,,,,
,,249,,,,,,,,,,
,,255,,,,,,,,,,
,,254,,,,,,,,,,
,,260,,,,,,,,,,
,,269,,,,,,,,,,
,,320,,,,,,,,,,
,,340,,,,,,,,,,
,,368,,,,,,,,,,
,,320,,,,,,,,,,
,,233,,,,,,,,,,
,,240,,,,,,,,,,
,,257,,,,,,,,,,
,,273,,,,,,,,,,
,,300,,,,,,,,,,
,,306,,,,,,,,,,
,,276,,,,,,,,,,
,,42,,,,,,,,,,
,,143,,,,,,,,,,
,,147,,,,,,,,,,
,,255,,,,,,,,,,
,,260,,,,,,,,,,
,,256,,,,,,,,,,
,,227,,,,,,,,,,
,,233,,,,,,,,,,
,,228,,,,,,,,,,
,,260,,,,,,,,,,
,,208,,,,,,,,,,
,,225,,,,,,,,,,
,,379,,,,,,,,,,
,,241,,,,,,,,,,
,,229,,,,,,,,,,
,,234,,,,,,,,,,
,,242,,,,,,,,,,
,,343,,,,,,,,,,
,,370,,,,,,,,,,
,,343,,,,,,,,,,
,,246,,,,,,,,,,
,,252,,,,,,,,,,
,,253,,,,,,,,,,
,,240,,,,,,,,,,
,,272,,,,,,,,,,
,,258,,,,,,,,,,
,,256,,,,,,,,,,
,,240,,,,,,,,,,
,,89,,,,,,,,,,
,,241,,,,,,,,,,
,,265,,,,,,,,,,
,,271,,,,,,,,,,
,,252,,,,,,,,,,
,,250,,,,,,,,,,
,,254,,,,,,,,,,
,,254,,,,,,,,,,
,,243,,,,,,,,,,
,,294,,,,,,,,,,
,,298,,,,,,,,,,
,,294,,,,,,,,,,
,,291,,,,,,,,,,
,,256,,,,,,,,,,
,,248,,,,,,,,,,
,,232,,,,,,,,,,
,,321,,,,,,,,,,
,,266,,,,,,,,,,
,,269,,,,,,,,,,
,,243,,,,,,,,,,
,,231,,,,,,,,,,
,,217,,,,,,,,,,
,,326,,,,,,,,,,
,,312,,,,,,,,,,
,,311,,,,,,,,,,
,,272,,,,,,,,,,
,,273,,,,,,,,,,
,,348,,,,,,,,,,
,,362,,,,,,,,,,
,,218,,,,,,,,,,
,,219,,,,,,,,,,
,,217,,,,,,,,,,
,,228,,,,,,,,,,
,,440,,,,,,,,,,
,,267,,,,,,,,,,
,,246,,,,,,,,,,
,,253,,,,,,,,,,
,,433,,,,,,,,,,
,,453,,,,,,,,,,
,,221,,,,,,,,,,
,,210,,,,,,,,,,
,,260,,,,,,,,,,
,,270,,,,,,,,,,
,,286,,,,,,,,,,
,,279,,,,,,,,,,
,,222,,,,,,,,,,
,,225,,,,,,,,,,
,,180,,,,,,,,,,
,,292,,,,,,,,,,
,,294,,,,,,,,,,
,,283,,,,,,,,,,
,,284,,,,,,,,,,
,,507,,,,,,,,,,
,,517,,,,,,,,,,
,,480,,,,,,,,,,
,,476,,,,,,,,,,
,,235,,,,,,,,,,
,,240,,,,,,,,,,
,,257,,,,,,,,,,
,,264,,,,,,,,,,
,,261,,,,,,,,,,
,,204,,,,,,,,,,
,,210,,,,,,,,,,
,,211,,,,,,,,,,
,,344,,,,,,,,,,
,,351,,,,,,,,,,
,,206,,,,,,,,,,
,,418,,,,,,,,,,
,,467,,,,,,,,,,
,,233,,,,,,,,,,
,,237,,,,,,,,,,
,,353,,,,,,,,,,
,,360,,,,,,,,,,
,,355,,,,,,,,,,
,,342,,,,,,,,,,
,,336,,,,,,,,,,
,,345,,,,,,,,,,
,,347,,,,,,,,,,
,,318,,,,,,,,,,
,,307,,,,,,,,,,
,,277,,,,,,,,,,
,,528,,,,,,,,,,
,,662,,,,,,,,,,
,,665,,,,,,,,,,
,,252,,,,,,,,,,
,,259,,,,,,,,,,
,,278,,,,,,,,,,
,,299,,,,,,,,,,
,,447,,,,,,,,,,
,,299,,,,,,,,,,
,,263,,,,,,,,,,
,,268,,,,,,,,,,
,,265,,,,,,,,,,
,,306,,,,,,,,,,
,,318,,,,,,,,,,
,,320,,,,,,,,,,
,,276,,,,,,,,,,
,,173,,,,,,,,,,
,,256,,,,,,,,,,
,,265,,,,,,,,,,
,,288,,,,,,,,,,
,,289,,,,,,,,,,
,,287,,,,,,,,,,
,,383,,,,,,,,,,
,,385,,,,,,,,,,
,,379,,,,,,,,,,
,,314,,,,,,,,,,
,,483,,,,,,,,,,
,,250,,,,,,,,,,
,,248,,,,,,,,,,
,,225,,,,,,,,,,
,,219,,,,,,,,,,
,,407,,,,,,,,,,
,,385,,,,,,,,,,
,,377,,,,,,,,,,
,,222,,,,,,,,,,
,,225,,,,,,,,,,
,,220,,,,,,,,,,
,,262,,,,,,,,,,
,,390,,,,,,,,,,
,,150,,,,,,,,,,
,,331,,,,,,,,,,
,,356,,,,,,,,,,
,,348,,,,,,,,,,
,,398,,,,,,,,,,
,,412,,,,,,,,,,
,,414,,,,,,,,,,
,,208,,,,,,,,,,
,,289,,,,,,,,,,
,,298,,,,,,,,,,
,,294,,,,,,,,,,
,,291,,,,,,,,,,
,,307,,,,,,,,,,
,,234,,,,,,,,,,
,,234,,,,,,,,,,
,,235,,,,,,,,,,
,,376,,,,,,,,,,
,,253,,,,,,,,,,
,,249,,,,,,,,,,
,,353,,,,,,,,,,
,,282,,,,,,,,,,
,,300,,,,,,,,,,
,,332,,,,,,,,,,
,,280,,,,,,,,,,
,,301,,,,,,,,,,
,,328,,,,,,,,,,
,,188,,,,,,,,,,
,,191,,,,,,,,,,
,,265,,,,,,,,,,
,,271,,,,,,,,,,
,,285,,,,,,,,,,
,,277,,,,,,,,,,
,,272,,,,,,,,,,
,,178,,,,,,,,,,
,,211,,,,,,,,,,
,,303,,,,,,,,,,
,,306,,,,,,,,,,
,,290,,,,,,,,,,
,,94,,,,,,,,,,
,,276,,,,,,,,,,
,,332,,,,,,,,,,
,,332,,,,,,,,,,
,,227,,,,,,,,,,
,,228,,,,,,,,,,
,,228,,,,,,,,,,
,,272,,,,,,,,,,
,,221,,,,,,,,,,
,,226,,,,,,,,,,
,,376,,,,,,,,,,
,,378,,,,,,,,,,
,,299,,,,,,,,,,
,,307,,,,,,,,,,
,,282,,,,,,,,,,
,,241,,,,,,,,,,
,,212,,,,,,,,,,
,,308,,,,,,,,,,
,,293,,,,,,,,,,
,,290,,,,,,,,,,
,,979,,,,,,,,,,
,,703,,,,,,,,,,
,,429,,,,,,,,,,
,,371,,,,,,,,,,
,,372,,,,,,,,,,
,,366,,,,,,,,,,
,,86,,,,,,,,,,
,,251,,,,,,,,,,
,,247,,,,,,,,,,
,,258,,,,,,,,,,
,,274,,,,,,,,,,
,,283,,,,,,,,,,
,,318,,,,,,,,,,
,,319,,,,,,,,,,
,,344,,,,,,,,,,
,,302,,,,,,,,,,
,,300,,,,,,,,,,
,,273,,,,,,,,,,
,,309,,,,,,,,,,
,,442,,,,,,,,,,
,,645,,,,,,,,,,
,,251,,,,,,,,,,
,,247,,,,,,,,,,
,,265,,,,,,,,,,
,,269,,,,,,,,,,
,,260,,,,,,,,,,
,,227,,,,,,,,,,
,,231,,,,,,,,,,
,,227,,,,,,,,,,
,,820,,,,,,,,,,
,,246,,,,,,,,,,
,,238,,,,,,,,,,
,,235,,,,,,,,,,
,,207,,,,,,,,,,
,,211,,,,,,,,,,
,,228,,,,,,,,,,
,,218,,,,,,,,,,
,,164,,,,,,,,,,
,,326,,,,,,,,,,
,,308,,,,,,,,,,
,,305,,,,,,,,,,
,,262,,,,,,,,,,
,,288,,,,,,,,,,
,,297,,,,,,,,,,
,,246,,,,,,,,,,
,,257,,,,,,,,,,
,,173,,,,,,,,,,
,,376,,,,,,,,,,
,,376,,,,,,,,,,
,,374,,,,,,,,,,
,,243,,,,,,,,,,
,,261,,,,,,,,,,
,,285,,,,,,,,,,
,,241,,,,,,,,,,
,,248,,,,,,,,,,
,,357,,,,,,,,,,
,,204,,,,,,,,,,
,,287,,,,,,,,,,
,,287,,,,,,,,,,
,,244,,,,,,,,,,
,,229,,,,,,,,,,
,,223,,,,,,,,,,
,,189,,,,,,,,,,
,,283,,,,,,,,,,
,,285,,,,,,,,,,
,,285,,,,,,,,,,
,,594,,,,,,,,,,
,,647,,,,,,,,,,
,,315,,,,,,,,,,
,,499,,,,,,,,,,
,,301,,,,,,,,,,
,,303,,,,,,,,,,
,,265,,,,,,,,,,
,,266,,,,,,,,,,
,,305,,,,,,,,,,
,,713,,,,,,,,,,
,,766,,,,,,,,,,
,,793,,,,,,,,,,
,,307,,,,,,,,,,
,,307,,,,,,,,,,
,,282,,,,,,,,,,
,,293,,,,,,,,,,
,,294,,,,,,,,,,
,,233,,,,,,,,,,
,,277,,,,,,,,,,
,,285,,,,,,,,,,
,,285,,,,,,,,,,
,,204,,,,,,,,,,
,,208,,,,,,,,,,
,,358,,,,,,,,,,
,,258,,,,,,,,,,
,,266,,,,,,,,,,
,,320,,,,,,,,,,
,,329,,,,,,,,,,
,,309,,,,,,,,,,
,,275,,,,,,,,,,
,,310,,,,,,,,,,
,,310,,,,,,,,,,
,,639,,,,,,,,,,
,,575,,,,,,,,,,
,,566,,,,,,,,,,
,,435,,,,,,,,,,
,,552,,,,,,,,,,
,,126,,,,,,,,,,
,,237,,,,,,,,,,
,,230,,,,,,,,,,
,,273,,,,,,,,,,
,,280,,,,,,,,,,
,,276,,,,,,,,,,
,,247,,,,,,,,,,
,,251,,,,,,,,,,
,,249,,,,,,,,,,
,,302,,,,,,,,,,
,,286,,,,,,,,,,
,,292,,,,,,,,,,
,,466,,,,,,,,,,
,,482,,,,,,,,,,
,,484,,,,,,,,,,
,,316,,,,,,,,,,
,,319,,,,,,,,,,
,,316,,,,,,,,,,
,,215,,,,,,,,,,
,,390,,,,,,,,,,
,,258,,,,,,,,,,
,,278,,,,,,,,,,
,,324,,,,,,,,,,
,,324,,,,,,,,,,
,,300,,,,,,,,,,
,,383,,,,,,,,,,
,,395,,,,,,,,,,
,,389,,,,,,,,,,
,,380,,,,,,,,,,
,,225,,,,,,,,,,
,,225,,,,,,,,,,
,,380,,,,,,,,,,
,,369,,,,,,,,,,
,,345,,,,,,,,,,
,,671,,,,,,,,,,
,,229,,,,,,,,,,
,,223,,,,,,,,,,
,,252,,,,,,,,,,
,,246,,,,,,,,,,
,,247,,,,,,,,,,
,,246,,,,,,,,,,
,,246,,,,,,,,,,
,,238,,,,,,,,,,
,,244,,,,,,,,,,
,,350,,,,,,,,,,
,,350,,,,,,,,,,
,,332,,,,,,,,,,
,,227,,,,,,,,,,
,,299,,,,,,,,,,
,,320,,,,,,,,,,
,,344,,,,,,,,,,
,,44,,,,,,,,,,
,,422,,,,,,,,,,
,,253,,,,,,,,,,
,,255,,,,,,,,,,
,,246,,,,,,,,,,
,,305,,,,,,,,,,
,,229,,,,,,,,,,
,,233,,,,,,,,,,
,,239,,,,,,,,,,
,,493,,,,,,,,,,
,,555,,,,,,,,,,
,,534,,,,,,,,,,
,,263,,,,,,,,,,
,,289,,,,,,,,,,
,,270,,,,,,,,,,
,,272,,,,,,,,,,
,,274,,,,,,,,,,
,,274,,,,,,,,,,
,,270,,,,,,,,,,
,,1117,,,,,,,,,,
,,1173,,,,,,,,,,
,,1566,,,,,,,,,,
,,507,,,,,,,,,,
,,507,,,,,,,,,,
,,279,,,,,,,,,,
,,283,,,,,,,,,,
,,283,,,,,,,,,,
,,578,,,,,,,,,,
,,254,,,,,,,,,,
,,252,,,,,,,,,,
,,253,,,,,,,,,,
,,454,,,,,,,,,,
,,208,,,,,,,,,,
,,208,,,,,,,,,,
,,209,,,,,,,,,,
,,240,,,,,,,,,,
,,240,,,,,,,,,,
,,721,,,,,,,,,,
,,736,,,,,,,,,,
,,215,,,,,,,,,,
,,225,,,,,,,,,,
,,246,,,,,,,,,,
,,284,,,,,,,,,,
,,271,,,,,,,,,,
,,279,,,,,,,,,,
,,280,,,,,,,,,,
,,231,,,,,,,,,,
,,232,,,,,,,,,,
,,232,,,,,,,,,,
,,318,,,,,,,,,,
,,318,,,,,,,,,,
,,414,,,,,,,,,,
,,453,,,,,,,,,,
,,454,,,,,,,,,,
,,399,,,,,,,,,,
,,298,,,,,,,,,,
,,409,,,,,,,,,,
,,248,,,,,,,,,,
,,246,,,,,,,,,,
,,244,,,,,,,,,,
,,536,,,,,,,,,,
,,256,,,,,,,,,,
,,322,,,,,,,,,,
,,311,,,,,,,,,,
,,350,,,,,,,,,,
,,344,,,,,,,,,,
,,296,,,,,,,,,,
,,248,,,,,,,,,,
,,224,,,,,,,,,,
,,225,,,,,,,,,,
,,446,,,,,,,,,,
,,318,,,,,,,,,,
,,329,,,,,,,,,,
,,356,,,,,,,,,,
,,356,,,,,,,,,,
,,290,,,,,,,,,,
,,341,,,,,,,,,,
,,307,,,,,,,,,,
,,316,,,,,,,,,,
,,313,,,,,,,,,,
,,249,,,,,,,,,,
,,202,,,,,,,,,,
,,202,,,,,,,,,,
,,147,,,,,,,,,,
,,252,,,,,,,,,,
,,254,,,,,,,,,,
,,254,,,,,,,,,,
,,337,,,,,,,,,,
,,337,,,,,,,,,,
,,334,,,,,,,,,,
,,334,,,,,,,,,,
,,337,,,,,,,,,,
,,100,,,,,,,,,,
,,232,,,,,,,,,,
,,156,,,,,,,,,,
,,273,,,,,,,,,,
,,258,,,,,,,,,,
,,266,,,,,,,,,,
,,267,,,,,,,,,,
,,268,,,,,,,,,,
,,269,,,,,,,,,,
,,263,,,,,,,,,,
,,269,,,,,,,,,,
,,236,,,,,,,,,,
,,256,,,,,,,,,,
,,262,,,,,,,,,,
,,215,,,,,,,,,,
,,216,,,,,,,,,,
,,216,,,,,,,,,,
,,285,,,,,,,,,,
,,260,,,,,,,,,,
,,265,,,,,,,,,,
,,251,,,,,,,,,,
,,389,,,,,,,,,,
,,376,,,,,,,,,,
,,344,,,,,,,,,,
,,314,,,,,,,,,,
,,288,,,,,,,,,,
,,307,,,,,,,,,,
,,232,,,,,,,,,,
,,232,,,,,,,,,,
,,234,,,,,,,,,,
,,227,,,,,,,,,,
,,233,,,,,,,,,,
,,233,,,,,,,,,,
,,234,,,,,,,,,,
,,454,,,,,,,,,,
,,570,,,,,,,,,,
,,602,,,,,,,,,,
,,706,,,,,,,,,,
,,391,,,,,,,,,,
,,290,,,,,,,,,,
,,285,,,,,,,,,,
,,282,,,,,,,,,,
,,253,,,,,,,,,,
,,249,,,,,,,,,,
,,251,,,,,,,,,,
,,249,,,,,,,,,,
,,664,,,,,,,,,,
,,684,,,,,,,,,,
,,665,,,,,,,,,,
,,262,,,,,,,,,,
,,272,,,,,,,,,,
,,256,,,,,,,,,,
,,263,,,,,,,,,,
,,263,,,,,,,,,,
,,313,,,,,,,,,,
,,318,,,,,,,,,,
,,304,,,,,,,,,,
,,387,,,,,,,,,,
,,555,,,,,,,,,,
,,292,,,,,,,,,,
,,301,,,,,,,,,,
,,405,,,,,,,,,,
,,243,,,,,,,,,,
,,244,,,,,,,,,,
,,186,,,,,,,,,,
,,293,,,,,,,,,,
,,258,,,,,,,,,,
,,277,,,,,,,,,,
,,343,,,,,,,,,,
,,204,,,,,,,,,,
,,189,,,,,,,,,,
,,189,,,,,,,,,,
,,373,,,,,,,,,,
,,380,,,,,,,,,,
,,376,,,,,,,,,,
,,222,,,,,,,,,,
,,382,,,,,,,,,,
,,479,,,,,,,,,,
,,491,,,,,,,,,,
,,413,,,,,,,,,,
,,487,,,,,,,,,,
,,334,,,,,,,,,,
,,338,,,,,,,,,,
,,340,,,,,,,,,,
,,172,,,,,,,,,,
,,328,,,,,,,,,,
,,331,,,,,,,,,,
,,326,,,,,,,,,,
,,258,,,,,,,,,,
,,388,,,,,,,,,,
,,320,,,,,,,,,,
,,291,,,,,,,,,,
,,300,,,,,,,,,,
,,301,,,,,,,,,,
,,361,,,,,,,,,,
,,392,,,,,,,,,,
,,394,,,,,,,,,,
,,260,,,,,,,,,,
,,261,,,,,,,,,,
,,262,,,,,,,,,,
,,425,,,,,,,,,,
,,432,,,,,,,,,,
,,427,,,,,,,,,,
,,856,,,,,,,,,,
,,303,,,,,,,,,,
,,309,,,,,,,,,,
,,278,,,,,,,,,,
,,502,,,,,,,,,,
,,500,,,,,,,,,,
,,281,,,,,,,,,,
,,287,,,,,,,,,,
,,295,,,,,,,,,,
,,292,,,,,,,,,,
,,303,,,,,,,,,,
,,302,,,,,,,,,,
,,275,,,,,,,,,,
,,225,,,,,,,,,,
,,228,,,,,,,,,,
,,299,,,,,,,,,,
,,325,,,,,,,,,,
,,364,,,,,,,,,,
,,370,,,,,,,,,,
,,366,,,,,,,,,,
,,275,,,,,,,,,,
,,273,,,,,,,,,,
,,242,,,,,,,,,,
,,242,,,,,,,,,,
,,252,,,,,,,,,,
,,346,,,,,,,,,,
,,435,,,,,,,,,,
,,265,,,,,,,,,,
,,271,,,,,,,,,,
,,281,,,,,,,,,,
,,59,,,,,,,,,,
,,308,,,,,,,,,,
,,281,,,,,,,,,,
,,261,,,,,,,,,,
,,253,,,,,,,,,,
,,296,,,,,,,,,,
,,301,,,,,,,,,,
,,303,,,,,,,,,,
,,244,,,,,,,,,,
,,251,,,,,,,,,,
,,228,,,,,,,,,,
,,520,,,,,,,,,,
,,580,,,,,,,,,,
,,620,,,,,,,,,,
,,224,,,,,,,,,,
,,228,,,,,,,,,,
,,259,,,,,,,,,,
,,264,,,,,,,,,,
,,269,,,,,,,,,,
,,783,,,,,,,,,,
,,783,,,,,,,,,,
,,496,,,,,,,,,,
,,496,,,,,,,,,,
,,499,,,,,,,,,,
,,210,,,,,,,,,,
,,210,,,,,,,,,,
,,210,,,,,,,,,,
,,688,,,,,,,,,,
,,661,,,,,,,,,,
,,267,,,,,,,,,,
,,261,,,,,,,,,,
,,316,,,,,,,,,,
,,353,,,,,,,,,,
,,238,,,,,,,,,,
,,245,,,,,,,,,,
,,227,,,,,,,,,,
,,373,,,,,,,,,,
,,246,,,,,,,,,,
,,246,,,,,,,,,,
,,254,,,,,,,,,,
,,644,,,,,,,,,,
,,232,,,,,,,,,,
,,251,,,,,,,,,,
,,310,,,,,,,,,,
,,316,,,,,,,,,,
,,282,,,,,,,,,,
,,226,,,,,,,,,,
,,206,,,,,,,,,,
,,238,,,,,,,,,,
,,247,,,,,,,,,,
,,270,,,,,,,,,,
,,278,,,,,,,,,,
,,274,,,,,,,,,,
,,275,,,,,,,,,,
,,221,,,,,,,,,,
,,222,,,,,,,,,,
,,222,,,,,,,,,,
,,232,,,,,,,,,,
,,232,,,,,,,,,,
,,228,,,,,,,,,,
,,356,,,,,,,,,,
,,345,,,,,,,,,,
,,343,,,,,,,,,,
,,870,,,,,,,,,,
,,680,,,,,,,,,,
,,694,,,,,,,,,,
,,666,,,,,,,,,,
,,640,,,,,,,,,,
,,640,,,,,,,,,,
,,643,,,,,,,,,,
,,299,,,,,,,,,,
,,296,,,,,,,,,,
,,444,,,,,,,,,,
,,262,,,,,,,,,,
,,262,,,,,,,,,,
,,265,,,,,,,,,,
,,266,,,,,,,,,,
,,262,,,,,,,,,,
,,306,,,,,,,,,,
,,557,,,,,,,,,,
,,545,,,,,,,,,,
,,218,,,,,,,,,,
,,219,,,,,,,,,,
,,217,,,,,,,,,,
,,288,,,,,,,,,,
,,297,,,,,,,,,,
,,294,,,,,,,,,,
,,383,,,,,,,,,,
,,286,,,,,,,,,,
,,275,,,,,,,,,,
,,212,,,,,,,,,,
,,220,,,,,,,,,,
,,217,,,,,,,,,,
,,379,,,,,,,,,,
,,383,,,,,,,,,,
,,253,,,,,,,,,,
,,262,,,,,,,,,,
,,268,,,,,,,,,,
,,221,,,,,,,,,,
,,219,,,,,,,,,,
,,213,,,,,,,,,,
,,378,,,,,,,,,,
,,345,,,,,,,,,,
,,357,,,,,,,,,,
,,387,,,,,,,,,,
,,313,,,,,,,,,,
,,384,,,,,,,,,,
,,385,,,,,,,,,,
,,379,,,,,,,,,,
,,462,,,,,,,,,,
,,461,,,,,,,,,,
,,460,,,,,,,,,,
,,371,,,,,,,,,,
,,285,,,,,,,,,,
,,295,,,,,,,,,,
,,292,,,,,,,,,,
,,192,,,,,,,,,,
,,198,,,,,,,,,,
,,233,,,,,,,,,,
,,339,,,,,,,,,,
,,344,,,,,,,,,,
,,344,,,,,,,,,,
,,316,,,,,,,,,,
,,299,,,,,,,,,,
,,283,,,,,,,,,,
,,195,,,,,,,,,,
,,205,,,,,,,,,,
,,223,,,,,,,,,,
,,291,,,,,,,,,,
,,303,,,,,,,,,,
,,304,,,,,,,,,,
,,264,,,,,,,,,,
,,252,,,,,,,,,,
,,254,,,,,,,,,,
,,286,,,,,,,,,,
,,294,,,,,,,,,,
,,294,,,,,,,,,,
,,247,,,,,,,,,,
,,257,,,,,,,,,,
,,266,,,,,,,,,,
,,268,,,,,,,,,,
,,226,,,,,,,,,,
,,228,,,,,,,,,,
,,228,,,,,,,,,,
,,202,,,,,,,,,,
,,200,,,,,,,,,,
,,200,,,,,,,,,,
,,276,,,,,,,,,,
,,282,,,,,,,,,,
,,364,,,,,,,,,,
,,371,,,,,,,,,,
,,247,,,,,,,,,,
,,220,,,,,,,,,,
,,183,,,,,,,,,,
,,146,,,,,,,,,,
,,274,,,,,,,,,,
,,274,,,,,,,,,,
,,270,,,,,,,,,,
,,302,,,,,,,,,,
,,302,,,,,,,,,,
,,281,,,,,,,,,,
,,530,,,,,,,,,,
,,536,,,,,,,,,,
,,537,,,,,,,,,,
,,276,,,,,,,,,,
,,357,,,,,,,,,,
,,324,,,,,,,,,,
,,318,,,,,,,,,,
,,313,,,,,,,,,,
,,269,,,,,,,,,,
,,265,,,,,,,,,,
,,264,,,,,,,,,,
,,338,,,,,,,,,,
,,328,,,,,,,,,,
,,264,,,,,,,,,,
,,250,,,,,,,,,,
,,259,,,,,,,,,,
,,279,,,,,,,,,,
,,191,,,,,,,,,,
,,190,,,,,,,,,,
,,369,,,,,,,,,,
,,374,,,,,,,,,,
,,367,,,,,,,,,,
,,343,,,,,,,,,,
,,369,,,,,,,,,,
,,369,,,,,,,,,,
,,433,,,,,,,,,,
,,201,,,,,,,,,,
,,264,,,,,,,,,,
,,309,,,,,,,,,,
,,318,,,,,,,,,,
,,340,,,,,,,,,,
,,549,,,,,,,,,,
,,340,,,,,,,,,,
,,325,,,,,,,,,,
,,175,,,,,,,,,,
,,187,,,,,,,,,,
,,221,,,,,,,,,,
,,228,,,,,,,,,,
,,242,,,,,,,,,,
,,248,,,,,,,,,,
,,267,,,,,,,,,,
,,292,,,,,,,,,,
,,301,,,,,,,,,,
,,297,,,,,,,,,,
,,287,,,,,,,,,,
,,286,,,,,,,,,,
,,289,,,,,,,,,,
,,248,,,,,,,,,,
,,235,,,,,,,,,,
,,236,,,,,,,,,,
,,246,,,,,,,,,,
,,253,,,,,,,,,,
,,251,,,,,,,,,,
,,224,,,,,,,,,,
,,218,,,,,,,,,,
,,170,,,,,,,,,,
,,245,,,,,,,,,,
,,277,,,,,,,,,,
,,253,,,,,,,,,,
,,253,,,,,,,,,,
,,277,,,,,,,,,,
,,277,,,,,,,,,,
,,264,,,,,,,,,,
,,299,,,,,,,,,,
,,305,,,,,,,,,,
,,303,,,,,,,,,,
,,276,,,,,,,,,,
,,264,,,,,,,,,,
,,350,,,,,,,,,,
,,245,,,,,,,,,,
,,271,,,,,,,,,,
,,273,,,,,,,,,,
,,240,,,,,,,,,,
,,250,,,,,,,,,,
,,247,,,,,,,,,,
,,244,,,,,,,,,,
,,280,,,,,,,,,,
,,280,,,,,,,,,,
,,378,,,,,,,,,,
,,337,,,,,,,,,,
,,244,,,,,,,,,,
,,275,,,,,,,,,,
,,271,,,,,,,,,,
,,261,,,,,,,,,,
,,327,,,,,,,,,,
,,232,,,,,,,,,,
,,242,,,,,,,,,,
,,388,,,,,,,,,,
,,359,,,,,,,,,,
,,355,,,,,,,,,,
,,333,,,,,,,,,,
,,343,,,,,,,,,,
,,337,,,,,,,,,,
,,378,,,,,,,,,,
,,351,,,,,,,,,,
,,327,,,,,,,,,,
,,309,,,,,,,,,,
,,309,,,,,,,,,,
,,241,,,,,,,,,,
,,99,,,,,,,,,,
,,194,,,,,,,,,,
,,209,,,,,,,,,,
,,267,,,,,,,,,,
,,269,,,,,,,,,,
,,270,,,,,,,,,,
,,318,,,,,,,,,,
,,261,,,,,,,,,,
,,261,,,,,,,,,,
,,262,,,,,,,,,,
,,253,,,,,,,,,,
,,275,,,,,,,,,,
,,275,,,,,,,,,,
,,275,,,,,,,,,,
,,322,,,,,,,,,,
,,322,,,,,,,,,,
,,324,,,,,,,,,,
,,236,,,,,,,,,,
,,243,,,,,,,,,,
,,224,,,,,,,,,,
,,65,,,,,,,,,,
,,248,,,,,,,,,,
,,246,,,,,,,,,,
,,318,,,,,,,,,,
,,289,,,,,,,,,,
,,305,,,,,,,,,,
,,305,,,,,,,,,,
,,231,,,,,,,,,,
,,442,,,,,,,,,,
,,186,,,,,,,,,,
,,260,,,,,,,,,,
,,272,,,,,,,,,,
,,393,,,,,,,,,,
,,395,,,,,,,,,,
,,215,,,,,,,,,,
,,215,,,,,,,,,,
,,252,,,,,,,,,,
,,293,,,,,,,,,,
,,275,,,,,,,,,,
,,240,,,,,,,,,,
,,239,,,,,,,,,,
,,235,,,,,,,,,,
,,298,,,,,,,,,,
,,297,,,,,,,,,,
,,276,,,,,,,,,,
,,408,,,,,,,,,,
,,414,,,,,,,,,,
,,397,,,,,,,,,,
,,391,,,,,,,,,,
,,311,,,,,,,,,,
,,324,,,,,,,,,,
,,324,,,,,,,,,,
,,320,,,,,,,,,,
,,417,,,,,,,,,,
,,193,,,,,,,,,,
,,738,,,,,,,,,,
,,793,,,,,,,,,,
,,864,,,,,,,,,,
,,328,,,,,,,,,,
,,331,,,,,,,,,,
,,328,,,,,,,,,,
,,340,,,,,,,,,,
,,344,,,,,,,,,,
,,340,,,,,,,,,,
,,286,,,,,,,,,,
,,277,,,,,,,,,,
,,278,,,,,,,,,,
,,259,,,,,,,,,,
,,262,,,,,,,,,,
,,258,,,,,,,,,,
,,247,,,,,,,,,,
,,247,,,,,,,,,,
,,247,,,,,,,,,,
,,229,,,,,,,,,,
,,63,,,,,,,,,,
,,233,,,,,,,,,,
,,363,,,,,,,,,,
,,287,,,,,,,,,,
,,245,,,,,,,,,,
,,234,,,,,,,,,,
,,212,,,,,,,,,,
,,281,,,,,,,,,,
,,237,,,,,,,,,,
,,237,,,,,,,,,,
,,237,,,,,,,,,,
,,603,,,,,,,,,,
,,603,,,,,,,,,,
,,266,,,,,,,,,,
,,251,,,,,,,,,,
,,258,,,,,,,,,,
,,259,,,,,,,,,,
,,288,,,,,,,,,,
,,265,,,,,,,,,,
,,265,,,,,,,,,,
,,263,,,,,,,,,,
,,253,,,,,,,,,,
,,255,,,,,,,,,,
,,256,,,,,,,,,,
,,268,,,,,,,,,,
,,274,,,,,,,,,,
,,272,,,,,,,,,,
,,262,,,,,,,,,,
,,252,,,,,,,,,,
,,705,,,,,,,,,,
,,262,,,,,,,,,,
,,268,,,,,,,,,,
,,263,,,,,,,,,,
,,274,,,,,,,,,,
,,282,,,,,,,,,,
,,282,,,,,,,,,,
,,234,,,,,,,,,,
,,242,,,,,,,,,,
,,242,,,,,,,,,,
,,251,,,,,,,,,,
,,372,,,,,,,,,,
,,325,,,,,,,,,,
,,258,,,,,,,,,,
,,41,,,,,,,,,,
,,248,,,,,,,,,,
,,262,,,,,,,,,,
,,276,,,,,,,,,,
,,283,,,,,,,,,,
,,259,,,,,,,,,,
,,441,,,,,,,,,,
,,232,,,,,,,,,,
,,233,,,,,,,,,,
,,231,,,,,,,,,,
,,290,,,,,,,,,,
,,296,,,,,,,,,,
,,278,,,,,,,,,,
,,264,,,,,,,,,,
,,199,,,,,,,,,,
,,189,,,,,,,,,,
,,497,,,,,,,,,,
,,502,,,,,,,,,,
,,237,,,,,,,,,,
,,236,,,,,,,,,,
,,236,,,,,,,,,,
,,237,,,,,,,,,,
,,302,,,,,,,,,,
,,94,,,,,,,,,,
,,464,,,,,,,,,,
,,464,,,,,,,,,,
,,449,,,,,,,,,,
,,221,,,,,,,,,,
,,215,,,,,,,,,,
,,273,,,,,,,,,,
,,276,,,,,,,,,,
,,352,,,,,,,,,,
,,359,,,,,,,,,,
,,355,,,,,,,,,,
,,318,,,,,,,,,,
,,239,,,,,,,,,,
,,265,,,,,,,,,,
,,200,,,,,,,,,,
,,206,,,,,,,,,,
,,204,,,,,,,,,,
,,140,,,,,,,,,,
,,141,,,,,,,,,,
,,138,,,,,,,,,,
,,139,,,,,,,,,,
,,253,,,,,,,,,,
,,250,,,,,,,,,,
,,250,,,,,,,,,,
,,253,,,,,,,,,,
,,251,,,,,,,,,,
,,523,,,,,,,,,,
,,503,,,,,,,,,,
,,256,,,,,,,,,,
,,256,,,,,,,,,,
,,252,,,,,,,,,,
,,193,,,,,,,,,,
,,199,,,,,,,,,,
,,217,,,,,,,,,,
,,275,,,,,,,,,,
,,275,,,,,,,,,,
,,260,,,,,,,,,,
,,364,,,,,,,,,,
,,295,,,,,,,,,,
,,281,,,,,,,,,,
,,270,,,,,,,,,,
,,900,,,,,,,,,,
,,882,,,,,,,,,,
,,236,,,,,,,,,,
,,225,,,,,,,,,,
,,205,,,,,,,,,,
,,43,,,,,,,,,,
,,216,,,,,,,,,,
,,214,,,,,,,,,,
,,296,,,,,,,,,,
,,599,,,,,,,,,,
,,756,,,,,,,,,,
,,235,,,,,,,,,,
,,242,,,,,,,,,,
,,242,,,,,,,,,,
,,224,,,,,,,,,,
,,227,,,,,,,,,,
,,228,,,,,,,,,,
,,254,,,,,,,,,,
,,277,,,,,,,,,,
,,248,,,,,,,,,,
,,251,,,,,,,,,,
,,245,,,,,,,,,,
,,398,,,,,,,,,,
,,259,,,,,,,,,,
,,260,,,,,,,,,,
,,259,,,,,,,,,,
,,313,,,,,,,,,,
,,405,,,,,,,,,,
,,439,,,,,,,,,,
,,123,,,,,,,,,,
,,345,,,,,,,,,,
,,346,,,,,,,,,,
,,362,,,,,,,,,,
,,281,,,,,,,,,,
,,267,,,,,,,,,,
,,267,,,,,,,,,,
,,308,,,,,,,,,,
,,308,,,,,,,,,,
,,294,,,,,,,,,,
,,260,,,,,,,,,,
,,244,,,,,,,,,,
,,207,,,,,,,,,,
,,437,,,,,,,,,,
,,450,,,,,,,,,,
,,543,,,,,,,,,,
,,270,,,,,,,,,,
,,257,,,,,,,,,,
,,253,,,,,,,,,,
,,328,,,,,,,,,,
,,328,,,,,,,,,,
,,311,,,,,,,,,,
,,250,,,,,,,,,,
,,253,,,,,,,,,,
,,255,,,,,,,,,,
,,275,,,,,,,,,,
,,275,,,,,,,,,,
,,258,,,,,,,,,,
,,216,,,,,,,,,,
,,214,,,,,,,,,,
,,217,,,,,,,,,,
,,217,,,,,,,,,,
,,212,,,,,,,,,,
,,509,,,,,,,,,,
,,468,,,,,,,,,,
,,296,,,,,,,,,,
,,239,,,,,,,,,,
,,241,,,,,,,,,,
,,238,,,,,,,,,,
,,161,,,,,,,,,,
,,149,,,,,,,,,,
,,237,,,,,,,,,,
,,229,,,,,,,,,,
,,230,,,,,,,,,,
,,315,,,,,,,,,,
,,321,,,,,,,,,,
,,289,,,,,,,,,,
,,337,,,,,,,,,,
,,408,,,,,,,,,,
,,213,,,,,,,,,,
,,269,,,,,,,,,,
,,278,,,,,,,,,,
,,280,,,,,,,,,,
,,178,,,,,,,,,,
,,316,,,,,,,,,,
,,365,,,,,,,,,,
,,365,,,,,,,,,,
,,346,,,,,,,,,,
,,257,,,,,,,,,,
,,293,,,,,,,,,,
,,289,,,,,,,,,,
,,289,,,,,,,,,,
,,286,,,,,,,,,,
,,222,,,,,,,,,,
,,223,,,,,,,,,,
,,223,,,,,,,,,,
,,370,,,,,,,,,,
,,372,,,,,,,,,,
,,287,,,,,,,,,,
,,255,,,,,,,,,,
,,253,,,,,,,,,,
,,253,,,,,,,,,,
,,137,,,,,,,,,,
,,235,,,,,,,,,,
,,361,,,,,,,,,,
,,220,,,,,,,,,,
,,222,,,,,,,,,,
,,569,,,,,,,,,,
,,597,,,,,,,,,,
,,547,,,,,,,,,,
,,369,,,,,,,,,,
,,360,,,,,,,,,,
,,330,,,,,,,,,,
,,285,,,,,,,,,,
,,289,,,,,,,,,,
,,288,,,,,,,,,,
,,285,,,,,,,,,,
,,280,,,,,,,,,,
,,259,,,,,,,,,,
,,343,,,,,,,,,,
,,317,,,,,,,,,,
,,298,,,,,,,,,,
,,524,,,,,,,,,,
,,493,,,,,,,,,,
,,268,,,,,,,,,,
,,275,,,,,,,,,,
,,266,,,,,,,,,,
,,331,,,,,,,,,,
,,333,,,,,,,,,,
,,302,,,,,,,,,,
,,373,,,,,,,,,,
,,313,,,,,,,,,,
,,319,,,,,,,,,,
,,385,,,,,,,,,,
,,233,,,,,,,,,,
,,266,,,,,,,,,,
,,283,,,,,,,,,,
,,248,,,,,,,,,,
,,298,,,,,,,,,,
,,299,,,,,,,,,,
,,296,,,,,,,,,,
,,288,,,,,,,,,,
,,293,,,,,,,,,,
,,278,,,,,,,,,,
,,299,,,,,,,,,,
,,283,,,,,,,,,,
,,280,,,,,,,,,,
,,268,,,,,,,,,,
,,267,,,,,,,,,,
,,268,,,,,,,,,,
,,268,,,,,,,,,,
,,214,,,,,,,,,,
,,312,,,,,,,,,,
,,277,,,,,,,,,,
,,233,,,,,,,,,,
,,253,,,,,,,,,,
,,268,,,,,,,,,,
,,268,,,,,,,,,,
,,268,,,,,,,,,,
,,643,,,,,,,,,,
,,289,,,,,,,,,,
,,343,,,,,,,,,,
,,345,,,,,,,,,,
,,348,,,,,,,,,,
,,347,,,,,,,,,,
,,209,,,,,,,,,,
,,215,,,,,,,,,,
,,216,,,,,,,,,,
,,294,,,,,,,,,,
,,435,,,,,,,,,,
,,433,,,,,,,,,,
,,402,,,,,,,,,,
,,251,,,,,,,,,,
,,257,,,,,,,,,,
,,253,,,,,,,,,,
,,593,,,,,,,,,,
,,655,,,,,,,,,,
,,379,,,,,,,,,,
,,293,,,,,,,,,,
,,289,,,,,,,,,,
,,287,,,,,,,,,,
,,335,,,,,,,,,,
,,345,,,,,,,,,,
,,308,,,,,,,,,,
,,244,,,,,,,,,,
,,246,,,,,,,,,,
,,247,,,,,,,,,,
,,363,,,,,,,,,,
,,218,,,,,,,,,,
,,218,,,,,,,,,,
,,247,,,,,,,,,,
,,234,,,,,,,,,,
,,232,,,,,,,,,,
,,232,,,,,,,,,,
,,204,,,,,,,,,,
,,211,,,,,,,,,,
,,209,,,,,,,,,,
,,493,,,,,,,,,,
,,502,,,,,,,,,,
,,564,,,,,,,,,,
,,277,,,,,,,,,,
,,286,,,,,,,,,,
,,295,,,,,,,,,,
,,198,,,,,,,,,,
,,258,,,,,,,,,,
,,258,,,,,,,,,,
,,250,,,,,,,,,,
,,222,,,,,,,,,,
,,231,,,,,,,,,,
,,239,,,,,,,,,,
,,207,,,,,,,,,,
,,595,,,,,,,,,,
,,344,,,,,,,,,,
,,237,,,,,,,,,,
,,247,,,,,,,,,,
,,330,,,,,,,,,,
,,335,,,,,,,,,,
,,299,,,,,,,,,,
,,275,,,,,,,,,,
,,262,,,,,,,,,,
,,261,,,,,,,,,,
,,261,,,,,,,,,,
,,288,,,,,,,,,,
,,289,,,,,,,,,,
,,274,,,,,,,,,,
,,304,,,,,,,,,,
,,329,,,,,,,,,,
,,327,,,,,,,,,,
,,251,,,,,,,,,,
,,264,,,,,,,,,,
,,258,,,,,,,,,,
,,243,,,,,,,,,,
,,225,,,,,,,,,,
,,234,,,,,,,,,,
,,226,,,,,,,,,,
,,381,,,,,,,,,,
,,381,,,,,,,,,,
,,370,,,,,,,,,,
,,379,,,,,,,,,,
,,248,,,,,,,,,,
,,566,,,,,,,,,,
,,558,,,,,,,,,,
,,230,,,,,,,,,,
,,321,,,,,,,,,,
,,324,,,,,,,,,,
,,267,,,,,,,,,,
,,273,,,,,,,,,,
,,349,,,,,,,,,,
,,348,,,,,,,,,,
,,376,,,,,,,,,,
,,440,,,,,,,,,,
,,447,,,,,,,,,,
,,263,,,,,,,,,,
,,254,,,,,,,,,,
,,249,,,,,,,,,,
,,248,,,,,,,,,,
,,315,,,,,,,,,,
,,317,,,,,,,,,,
,,294,,,,,,,,,,
,,329,,,,,,,,,,
,,257,,,,,,,,,,
,,266,,,,,,,,,,
,,206,,,,,,,,,,
,,207,,,,,,,,,,
,,276,,,,,,,,,,
,,277,,,,,,,,,,
,,255,,,,,,,,,,
,,255,,,,,,,,,,
,,380,,,,,,,,,,
,,298,,,,,,,,,,
,,360,,,,,,,,,,
,,365,,,,,,,,,,
,,360,,,,,,,,,,
,,140,,,,,,,,,,
,,250,,,,,,,,,,
,,252,,,,,,,,,,
,,251,,,,,,,,,,
,,411,,,,,,,,,,
,,413,,,,,,,,,,
,,409,,,,,,,,,,
,,409,,,,,,,,,,
,,255,,,,,,,,,,
,,256,,,,,,,,,,
,,253,,,,,,,,,,
,,244,,,,,,,,,,
,,246,,,,,,,,,,
,,305,,,,,,,,,,
,,219,,,,,,,,,,
,,305,,,,,,,,,,
,,289,,,,,,,,,,
,,114,,,,,,,,,,
,,393,,,,,,,,,,
,,395,,,,,,,,,,
,,355,,,,,,,,,,
,,305,,,,,,,,,,
,,620,,,,,,,,,,
,,310,,,,,,,,,,
,,272,,,,,,,,,,
,,390,,,,,,,,,,
,,391,,,,,,,,,,
,,389,,,,,,,,,,
,,185,,,,,,,,,,
,,349,,,,,,,,,,
,,370,,,,,,,,,,
,,304,,,,,,,,,,
,,190,,,,,,,,,,
,,248,,,,,,,,,,
,,246,,,,,,,,,,
,,165,,,,,,,,,,
,,207,,,,,,,,,,
,,239,,,,,,,,,,
,,280,,,,,,,,,,
,,284,,,,,,,,,,
,,271,,,,,,,,,,
,,331,,,,,,,,,,
,,331,,,,,,,,,,
,,318,,,,,,,,,,
,,349,,,,,,,,,,
,,343,,,,,,,,,,
,,336,,,,,,,,,,
,,333,,,,,,,,,,
,,337,,,,,,,,,,
,,325,,,,,,,,,,
,,276,,,,,,,,,,
,,265,,,,,,,,,,
,,264,,,,,,,,,,
,,261,,,,,,,,,,
,,240,,,,,,,,,,
,,237,,,,,,,,,,
,,246,,,,,,,,,,
,,271,,,,,,,,,,
,,253,,,,,,,,,,
,,242,,,,,,,,,,
,,310,,,,,,,,,,
,,300,,,,,,,,,,
,,295,,,,,,,,,,
,,300,,,,,,,,,,
,,300,,,,,,,,,,
,,300,,,,,,,,,,
,,233,,,,,,,,,,
,,233,,,,,,,,,,
,,253,,,,,,,,,,
,,254,,,,,,,,,,
,,251,,,,,,,,,,
,,385,,,,,,,,,,
,,394,,,,,,,,,,
,,216,,,,,,,,,,
,,205,,,,,,,,,,
,,1031,,,,,,,,,,
,,284,,,,,,,,,,
,,145,,,,,,,,,,
,,180,,,,,,,,,,
,,480,,,,,,,,,,
,,564,,,,,,,,,,
,,646,,,,,,,,,,
,,646,,,,,,,,,,
,,639,,,,,,,,,,
,,285,,,,,,,,,,
,,285,,,,,,,,,,
,,619,,,,,,,,,,
,,350,,,,,,,,,,
,,345,,,,,,,,,,
,,315,,,,,,,,,,
,,317,,,,,,,,,,
,,281,,,,,,,,,,
,,419,,,,,,,,,,
,,376,,,,,,,,,,
,,438,,,,,,,,,,
,,408,,,,,,,,,,
,,257,,,,,,,,,,
,,258,,,,,,,,,,
,,257,,,,,,,,,,
,,495,,,,,,,,,,
,,271,,,,,,,,,,
,,304,,,,,,,,,,
,,337,,,,,,,,,,
,,362,,,,,,,,,,
,,395,,,,,,,,,,
,,134,,,,,,,,,,
,,282,,,,,,,,,,
,,303,,,,,,,,,,
,,275,,,,,,,,,,
,,164,,,,,,,,,,
,,164,,,,,,,,,,
,,196,,,,,,,,,,
,,284,,,,,,,,,,
,,290,,,,,,,,,,
,,281,,,,,,,,,,
,,362,,,,,,,,,,
,,231,,,,,,,,,,
,,251,,,,,,,,,,
,,259,,,,,,,,,,
,,257,,,,,,,,,,
,,277,,,,,,,,,,
,,223,,,,,,,,,,
,,228,,,,,,,,,,
,,224,,,,,,,,,,
,,227,,,,,,,,,,
,,124,,,,,,,,,,
,,540,,,,,,,,,,
,,311,,,,,,,,,,
,,234,,,,,,,,,,
,,386,,,,,,,,,,
,,386,,,,,,,,,,
,,388,,,,,,,,,,
,,236,,,,,,,,,,
,,897,,,,,,,,,,
,,489,,,,,,,,,,
,,452,,,,,,,,,,
,,280,,,,,,,,,,
,,268,,,,,,,,,,
,,268,,,,,,,,,,
,,249,,,,,,,,,,
,,279,,,,,,,,,,
,,297,,,,,,,,,,
,,345,,,,,,,,,,
,,372,,,,,,,,,,
,,441,,,,,,,,,,
,,601,,,,,,,,,,
,,352,,,,,,,,,,
,,288,,,,,,,,,,
,,546,,,,,,,,,,
,,502,,,,,,,,,,
,,505,,,,,,,,,,
,,192,,,,,,,,,,
,,196,,,,,,,,,,
,,632,,,,,,,,,,
,,632,,,,,,,,,,
,,344,,,,,,,,,,
,,330,,,,,,,,,,
,,277,,,,,,,,,,
,,238,,,,,,,,,,
,,238,,,,,,,,,,
,,111,,,,,,,,,,
,,416,,,,,,,,,,
,,221,,,,,,,,,,
,,351,,,,,,,,,,
,,268,,,,,,,,,,
,,254,,,,,,,,,,
,,252,,,,,,,,,,
,,251,,,,,,,,,,
,,182,,,,,,,,,,
,,186,,,,,,,,,,
,,225,,,,,,,,,,
,,214,,,,,,,,,,
,,906,,,,,,,,,,
,,241,,,,,,,,,,
,,284,,,,,,,,,,
,,452,,,,,,,,,,
,,508,,,,,,,,,,
,,329,,,,,,,,,,
,,705,,,,,,,,,,
,,271,,,,,,,,,,
,,430,,,,,,,,,,
,,384,,,,,,,,,,
,,362,,,,,,,,,,
,,559,,,,,,,,,,
,,406,,,,,,,,,,
,,491,,,,,,,,,,
,,304,,,,,,,,,,
,,288,,,,,,,,,,
,,462,,,,,,,,,,
,,451,,,,,,,,,,
,,449,,,,,,,,,,
,,487,,,,,,,,,,
,,505,,,,,,,,,,
,,295,,,,,,,,,,
,,223,,,,,,,,,,
,,247,,,,,,,,,,
,,255,,,,,,,,,,
,,293,,,,,,,,,,
,,299,,,,,,,,,,
,,238,,,,,,,,,,
,,242,,,,,,,,,,
,,269,,,,,,,,,,
,,374,,,,,,,,,,
,,374,,,,,,,,,,
,,565,,,,,,,,,,
,,672,,,,,,,,,,
,,233,,,,,,,,,,
,,240,,,,,,,,,,
,,238,,,,,,,,,,
,,221,,,,,,,,,,
,,240,,,,,,,,,,
,,246,,,,,,,,,,
,,351,,,,,,,,,,
,,354,,,,,,,,,,
,,354,,,,,,,,,,
,,435,,,,,,,,,,
,,551,,,,,,,,,,
,,376,,,,,,,,,,
,,223,,,,,,,,,,
,,296,,,,,,,,,,
,,305,,,,,,,,,,
,,324,,,,,,,,,,
,,332,,,,,,,,,,
,,293,,,,,,,,,,
,,301,,,,,,,,,,
,,301,,,,,,,,,,
,,301,,,,,,,,,,
,,243,,,,,,,,,,
,,263,,,,,,,,,,
,,235,,,,,,,,,,
,,201,,,,,,,,,,
,,322,,,,,,,,,,
,,139,,,,,,,,,,
,,212,,,,,,,,,,
,,180,,,,,,,,,,
,,207,,,,,,,,,,
,,207,,,,,,,,,,
,,141,,,,,,,,,,
,,266,,,,,,,,,,
,,198,,,,,,,,,,
,,340,,,,,,,,,,
,,245,,,,,,,,,,
,,246,,,,,,,,,,
,,368,,,,,,,,,,
,,368,,,,,,,,,,
,,319,,,,,,,,,,
,,232,,,,,,,,,,
,,273,,,,,,,,,,
,,497,,,,,,,,,,
,,511,,,,,,,,,,
,,504,,,,,,,,,,
,,559,,,,,,,,,,
,,280,,,,,,,,,,
,,286,,,,,,,,,,
,,295,,,,,,,,,,
,,262,,,,,,,,,,
,,237,,,,,,,,,,
,,237,,,,,,,,,,
,,237,,,,,,,,,,
,,233,,,,,,,,,,
,,376,,,,,,,,,,
,,350,,,,,,,,,,
,,352,,,,,,,,,,
,,305,,,,,,,,,,
,,284,,,,,,,,,,
,,265,,,,,,,,,,
,,243,,,,,,,,,,
,,244,,,,,,,,,,
,,248,,,,,,,,,,
,,310,,,,,,,,,,
,,467,,,,,,,,,,
,,310,,,,,,,,,,
,,252,,,,,,,,,,
,,258,,,,,,,,,,
,,534,,,,,,,,,,
,,595,,,,,,,,,,
,,336,,,,,,,,,,
,,309,,,,,,,,,,
,,326,,,,,,,,,,
,,257,,,,,,,,,,
,,276,,,,,,,,,,
,,290,,,,,,,,,,
,,496,,,,,,,,,,
,,496,,,,,,,,,,
,,491,,,,,,,,,,
,,450,,,,,,,,,,
,,306,,,,,,,,,,
,,312,,,,,,,,,,
,,340,,,,,,,,,,
,,336,,,,,,,,,,
,,367,,,,,,,,,,
,,674,,,,,,,,,,
,,367,,,,,,,,,,
,,420,,,,,,,,,,
,,403,,,,,,,,,,
,,301,,,,,,,,,,
,,305,,,,,,,,,,
,,301,,,,,,,,,,
,,298,,,,,,,,,,
,,316,,,,,,,,,,
,,316,,,,,,,,,,
,,318,,,,,,,,,,
,,226,,,,,,,,,,
,,233,,,,,,,,,,
,,238,,,,,,,,,,
,,249,,,,,,,,,,
,,358,,,,,,,,,,
,,367,,,,,,,,,,
,,509,,,,,,,,,,
,,512,,,,,,,,,,
,,544,,,,,,,,,,
,,554,,,,,,,,,,
,,543,,,,,,,,,,
,,479,,,,,,,,,,
,,489,,,,,,,,,,
,,496,,,,,,,,,,
,,309,,,,,,,,,,
,,295,,,,,,,,,,
,,298,,,,,,,,,,
,,294,,,,,,,,,,
,,303,,,,,,,,,,
,,218,,,,,,,,,,
,,254,,,,,,,,,,
,,261,,,,,,,,,,
,,259,,,,,,,,,,
,,235,,,,,,,,,,
,,240,,,,,,,,,,
,,238,,,,,,,,,,
,,244,,,,,,,,,,
,,246,,,,,,,,,,
,,178,,,,,,,,,,
,,474,,,,,,,,,,
,,416,,,,,,,,,,
,,418,,,,,,,,,,
,,412,,,,,,,,,,
,,194,,,,,,,,,,
,,197,,,,,,,,,,
,,206,,,,,,,,,,
,,266,,,,,,,,,,
,,253,,,,,,,,,,
,,250,,,,,,,,,,
,,356,,,,,,,,,,
,,372,,,,,,,,,,
,,374,,,,,,,,,,
,,309,,,,,,,,,,
,,325,,,,,,,,,,
,,210,,,,,,,,,,
,,186,,,,,,,,,,
,,182,,,,,,,,,,
,,310,,,,,,,,,,
,,311,,,,,,,,,,
,,354,,,,,,,,,,
,,222,,,,,,,,,,
,,215,,,,,,,,,,
,,215,,,,,,,,,,
,,191,,,,,,,,,,
,,77,,,,,,,,,,
,,544,,,,,,,,,,
,,257,,,,,,,,,,
,,471,,,,,,,,,,
,,492,,,,,,,,,,
,,495,,,,,,,,,,
,,195,,,,,,,,,,
,,200,,,,,,,,,,
,,198,,,,,,,,,,
,,279,,,,,,,,,,
,,267,,,,,,,,,,
,,301,,,,,,,,,,
,,307,,,,,,,,,,
,,330,,,,,,,,,,
,,330,,,,,,,,,,
,,287,,,,,,,,,,
,,287,,,,,,,,,,
,,293,,,,,,,,,,
,,228,,,,,,,,,,
,,425,,,,,,,,,,
,,427,,,,,,,,,,
,,420,,,,,,,,,,
,,260,,,,,,,,,,
,,247,,,,,,,,,,
,,256,,,,,,,,,,
,,240,,,,,,,,,,
,,247,,,,,,,,,,
,,251,,,,,,,,,,
,,248,,,,,,,,,,
,,229,,,,,,,,,,
,,174,,,,,,,,,,
,,243,,,,,,,,,,
,,250,,,,,,,,,,
,,237,,,,,,,,,,
,,251,,,,,,,,,,
,,241,,,,,,,,,,
,,248,,,,,,,,,,
,,229,,,,,,,,,,
,,368,,,,,,,,,,
,,213,,,,,,,,,,
,,219,,,,,,,,,,
,,226,,,,,,,,,,
,,223,,,,,,,,,,
,,251,,,,,,,,,,
,,248,,,,,,,,,,
,,239,,,,,,,,,,
,,237,,,,,,,,,,
,,323,,,,,,,,,,
,,305,,,,,,,,,,
,,306,,,,,,,,,,
,,1585,,,,,,,,,,
,,450,,,,,,,,,,
,,452,,,,,,,,,,
,,244,,,,,,,,,,
,,245,,,,,,,,,,
,,249,,,,,,,,,,
,,90,,,,,,,,,,
,,94,,,,,,,,,,
,,94,,,,,,,,,,
,,193,,,,,,,,,,
,,201,,,,,,,,,,
,,202,,,,,,,,,,
,,184,,,,,,,,,,
,,185,,,,,,,,,,
,,296,,,,,,,,,,
,,302,,,,,,,,,,
,,286,,,,,,,,,,
,,254,,,,,,,,,,
,,251,,,,,,,,,,
,,393,,,,,,,,,,
,,262,,,,,,,,,,
,,289,,,,,,,,,,
,,281,,,,,,,,,,
,,270,,,,,,,,,,
,,270,,,,,,,,,,
,,220,,,,,,,,,,
,,309,,,,,,,,,,
,,535,,,,,,,,,,
,,559,,,,,,,,,,
,,137,,,,,,,,,,
,,376,,,,,,,,,,
,,349,,,,,,,,,,
,,346,,,,,,,,,,
,,706,,,,,,,,,,
,,362,,,,,,,,,,
,,356,,,,,,,,,,
,,276,,,,,,,,,,
,,226,,,,,,,,,,
,,233,,,,,,,,,,
,,234,,,,,,,,,,
,,238,,,,,,,,,,
,,244,,,,,,,,,,
,,331,,,,,,,,,,
,,336,,,,,,,,,,
,,331,,,,,,,,,,
,,273,,,,,,,,,,
,,277,,,,,,,,,,
,,274,,,,,,,,,,
,,316,,,,,,,,,,
,,172,,,,,,,,,,
,,255,,,,,,,,,,
,,237,,,,,,,,,,
,,246,,,,,,,,,,
,,229,,,,,,,,,,
,,237,,,,,,,,,,
,,340,,,,,,,,,,
,,160,,,,,,,,,,
,,165,,,,,,,,,,
,,165,,,,,,,,,,
,,534,,,,,,,,,,
,,162,,,,,,,,,,
,,311,,,,,,,,,,
,,240,,,,,,,,,,
,,247,,,,,,,,,,
,,245,,,,,,,,,,
,,166,,,,,,,,,,
,,169,,,,,,,,,,
,,280,,,,,,,,,,
,,289,,,,,,,,,,
,,373,,,,,,,,,,
,,384,,,,,,,,,,
,,379,,,,,,,,,,
,,221,,,,,,,,,,
,,228,,,,,,,,,,
,,229,,,,,,,,,,
,,232,,,,,,,,,,
,,232,,,,,,,,,,
,,232,,,,,,,,,,
,,190,,,,,,,,,,
,,304,,,,,,,,,,
,,224,,,,,,,,,,
,,294,,,,,,,,,,
,,336,,,,,,,,,,
,,346,,,,,,,,,,
,,316,,,,,,,,,,
,,392,,,,,,,,,,
,,250,,,,,,,,,,
,,255,,,,,,,,,,
,,253,,,,,,,,,,
,,112,,,,,,,,,,
,,242,,,,,,,,,,
,,217,,,,,,,,,,
,,184,,,,,,,,,,
,,185,,,,,,,,,,
,,204,,,,,,,,,,
,,270,,,,,,,,,,
,,249,,,,,,,,,,
,,408,,,,,,,,,,
,,276,,,,,,,,,,
,,279,,,,,,,,,,
,,259,,,,,,,,,,
,,352,,,,,,,,,,
,,348,,,,,,,,,,
,,301,,,,,,,,,,
,,268,,,,,,,,,,
,,269,,,,,,,,,,
,,337,,,,,,,,,,
,,362,,,,,,,,,,
,,362,,,,,,,,,,
,,244,,,,,,,,,,
,,252,,,,,,,,,,
,,252,,,,,,,,,,
,,251,,,,,,,,,,
,,227,,,,,,,,,,
,,232,,,,,,,,,,
,,212,,,,,,,,,,
,,204,,,,,,,,,,
,,200,,,,,,,,,,
,,515,,,,,,,,,,
,,241,,,,,,,,,,
,,249,,,,,,,,,,
,,257,,,,,,,,,,
,,226,,,,,,,,,,
,,543,,,,,,,,,,
,,559,,,,,,,,,,
,,551,,,,,,,,,,
,,344,,,,,,,,,,
,,351,,,,,,,,,,
,,346,,,,,,,,,,
,,347,,,,,,,,,,
,,226,,,,,,,,,,
,,232,,,,,,,,,,
,,240,,,,,,,,,,
,,207,,,,,,,,,,
,,263,,,,,,,,,,
,,270,,,,,,,,,,
,,267,,,,,,,,,,
,,239,,,,,,,,,,
,,240,,,,,,,,,,
,,240,,,,,,,,,,
,,220,,,,,,,,,,
,,263,,,,,,,,,,
,,271,,,,,,,,,,
,,271,,,,,,,,,,
,,267,,,,,,,,,,
,,262,,,,,,,,,,
,,339,,,,,,,,,,
,,339,,,,,,,,,,
,,136,,,,,,,,,,
,,140,,,,,,,,,,
,,129,,,,,,,,,,
,,258,,,,,,,,,,
,,253,,,,,,,,,,
,,254,,,,,,,,,,
,,255,,,,,,,,,,
,,304,,,,,,,,,,
,,248,,,,,,,,,,
,,238,,,,,,,,,,
,,236,,,,,,,,,,
,,465,,,,,,,,,,
,,297,,,,,,,,,,
,,332,,,,,,,,,,
,,343,,,,,,,,,,
,,388,,,,,,,,,,
,,221,,,,,,,,,,
,,676,,,,,,,,,,
,,680,,,,,,,,,,
,,283,,,,,,,,,,
,,291,,,,,,,,,,
,,270,,,,,,,,,,
,,247,,,,,,,,,,
,,253,,,,,,,,,,
,,251,,,,,,,,,,
,,340,,,,,,,,,,
,,345,,,,,,,,,,
,,340,,,,,,,,,,
,,337,,,,,,,,,,
,,253,,,,,,,,,,
,,255,,,,,,,,,,
,,255,,,,,,,,,,
,,255,,,,,,,,,,
,,302,,,,,,,,,,
,,246,,,,,,,,,,
,,980,,,,,,,,,,
,,995,,,,,,,,,,
,,990,,,,,,,,,,
,,297,,,,,,,,,,
,,344,,,,,,,,,,
,,343,,,,,,,,,,
,,327,,,,,,,,,,
,,210,,,,,,,,,,
,,218,,,,,,,,,,
,,218,,,,,,,,,,
,,219,,,,,,,,,,
,,172,,,,,,,,,,
,,176,,,,,,,,,,
,,341,,,,,,,,,,
,,350,,,,,,,,,,
,,346,,,,,,,,,,
,,359,,,,,,,,,,
,,359,,,,,,,,,,
,,367,,,,,,,,,,
,,372,,,,,,,,,,
,,369,,,,,,,,,,
,,235,,,,,,,,,,
,,242,,,,,,,,,,
,,242,,,,,,,,,,
,,240,,,,,,,,,,
,,343,,,,,,,,,,
,,250,,,,,,,,,,
,,255,,,,,,,,,,
,,295,,,,,,,,,,
,,302,,,,,,,,,,
,,301,,,,,,,,,,
,,254,,,,,,,,,,
,,249,,,,,,,,,,
,,259,,,,,,,,,,
,,242,,,,,,,,,,
,,230,,,,,,,,,,
,,198,,,,,,,,,,
,,254,,,,,,,,,,
,,274,,,,,,,,,,
,,241,,,,,,,,,,
,,251,,,,,,,,,,
,,252,,,,,,,,,,
,,260,,,,,,,,,,
,,303,,,,,,,,,,
,,268,,,,,,,,,,
,,277,,,,,,,,,,
,,274,,,,,,,,,,
,,205,,,,,,,,,,
,,324,,,,,,,,,,
,,319,,,,,,,,,,
,,296,,,,,,,,,,
,,303,,,,,,,,,,
,,266,,,,,,,,,,
,,265,,,,,,,,,,
,,263,,,,,,,,,,
,,249,,,,,,,,,,
,,284,,,,,,,,,,
,,288,,,,,,,,,,
,,266,,,,,,,,,,
,,267,,,,,,,,,,
,,261,,,,,,,,,,
,,202,,,,,,,,,,
,,202,,,,,,,,,,
,,188,,,,,,,,,,
,,188,,,,,,,,,,
,,283,,,,,,,,,,
,,287,,,,,,,,,,
,,281,,,,,,,,,,
,,277,,,,,,,,,,
,,263,,,,,,,,,,
,,259,,,,,,,,,,
,,257,,,,,,,,,,
,,285,,,,,,,,,,
,,279,,,,,,,,,,
,,279,,,,,,,,,,
,,381,,,,,,,,,,
,,394,,,,,,,,,,
,,354,,,,,,,,,,
,,334,,,,,,,,,,
,,338,,,,,,,,,,
,,232,,,,,,,,,,
,,240,,,,,,,,,,
,,241,,,,,,,,,,
,,221,,,,,,,,,,
,,134,,,,,,,,,,
,,293,,,,,,,,,,
,,295,,,,,,,,,,
,,292,,,,,,,,,,
,,230,,,,,,,,,,
,,235,,,,,,,,,,
,,345,,,,,,,,,,
,,434,,,,,,,,,,
,,429,,,,,,,,,,
,,241,,,,,,,,,,
,,248,,,,,,,,,,
,,248,,,,,,,,,,
,,248,,,,,,,,,,
,,266,,,,,,,,,,
,,254,,,,,,,,,,
,,255,,,,,,,,,,
,,382,,,,,,,,,,
,,385,,,,,,,,,,
,,391,,,,,,,,,,
,,285,,,,,,,,,,
,,288,,,,,,,,,,
,,285,,,,,,,,,,
,,429,,,,,,,,,,
,,429,,,,,,,,,,
,,238,,,,,,,,,,
,,272,,,,,,,,,,
,,280,,,,,,,,,,
,,277,,,,,,,,,,
,,125,,,,,,,,,,
,,321,,,,,,,,,,
,,360,,,,,,,,,,
,,232,,,,,,,,,,
,,235,,,,,,,,,,
,,326,,,,,,,,,,
,,381,,,,,,,,,,
,,416,,,,,,,,,,
,,353,,,,,,,,,,
,,360,,,,,,,,,,
,,357,,,,,,,,,,
,,409,,,,,,,,,,
,,233,,,,,,,,,,
,,220,,,,,,,,,,
,,222,,,,,,,,,,
,,222,,,,,,,,,,
,,228,,,,,,,,,,
,,282,,,,,,,,,,
,,290,,,,,,,,,,
,,292,,,,,,,,,,
,,258,,,,,,,,,,
,,282,,,,,,,,,,
,,292,,,,,,,,,,
,,289,,,,,,,,,,
,,327,,,,,,,,,,
,,337,,,,,,,,,,
,,334,,,,,,,,,,
,,274,,,,,,,,,,
,,324,,,,,,,,,,
,,486,,,,,,,,,,
,,672,,,,,,,,,,
,,249,,,,,,,,,,
,,251,,,,,,,,,,
,,251,,,,,,,,,,
,,252,,,,,,,,,,
,,275,,,,,,,,,,
,,264,,,,,,,,,,
,,265,,,,,,,,,,
,,262,,,,,,,,,,
,,252,,,,,,,,,,
,,252,,,,,,,,,,
,,251,,,,,,,,,,
,,258,,,,,,,,,,
,,255,,,,,,,,,,
,,263,,,,,,,,,,
,,250,,,,,,,,,,
,,251,,,,,,,,,,
,,251,,,,,,,,,,
,,258,,,,,,,,,,
,,245,,,,,,,,,,
,,242,,,,,,,,,,
,,324,,,,,,,,,,
,,269,,,,,,,,,,
,,270,,,,,,,,,,
,,470,,,,,,,,,,
,,487,,,,,,,,,,
,,348,,,,,,,,,,
,,367,,,,,,,,,,
,,369,,,,,,,,,,
,,267,,,,,,,,,,
,,269,,,,,,,,,,
,,293,,,,,,,,,,
,,289,,,,,,,,,,
,,273,,,,,,,,,,
,,251,,,,,,,,,,
,,378,,,,,,,,,,
,,262,,,,,,,,,,
,,271,,,,,,,,,,
,,268,,,,,,,,,,
,,245,,,,,,,,,,
,,226,,,,,,,,,,
,,223,,,,,,,,,,
,,288,,,,,,,,,,
,,295,,,,,,,,,,
,,285,,,,,,,,,,
,,286,,,,,,,,,,
,,295,,,,,,,,,,
,,295,,,,,,,,,,
,,351,,,,,,,,,,
,,429,,,,,,,,,,
,,436,,,,,,,,,,
,,533,,,,,,,,,,
,,326,,,,,,,,,,
,,220,,,,,,,,,,
,,228,,,,,,,,,,
,,275,,,,,,,,,,
,,279,,,,,,,,,,
,,274,,,,,,,,,,
,,305,,,,,,,,,,
,,293,,,,,,,,,,
,,288,,,,,,,,,,
,,454,,,,,,,,,,
,,324,,,,,,,,,,
,,325,,,,,,,,,,
,,404,,,,,,,,,,
,,252,,,,,,,,,,
,,224,,,,,,,,,,
,,463,,,,,,,,,,
,,479,,,,,,,,,,
,,479,,,,,,,,,,
,,388,,,,,,,,,,
,,341,,,,,,,,,,
,,113,,,,,,,,,,
,,264,,,,,,,,,,
,,346,,,,,,,,,,
,,356,,,,,,,,,,
,,351,,,,,,,,,,
,,203,,,,,,,,,,
,,209,,,,,,,,,,
,,209,,,,,,,,,,
,,210,,,,,,,,,,
,,310,,,,,,,,,,
,,319,,,,,,,,,,
,,202,,,,,,,,,,
,,193,,,,,,,,,,
,,194,,,,,,,,,,
,,473,,,,,,,,,,
,,485,,,,,,,,,,
,,230,,,,,,,,,,
,,231,,,,,,,,,,
,,228,,,,,,,,,,
,,296,,,,,,,,,,
,,330,,,,,,,,,,
,,336,,,,,,,,,,
,,329,,,,,,,,,,
,,324,,,,,,,,,,
,,506,,,,,,,,,,
,,506,,,,,,,,,,
,,360,,,,,,,,,,
,,358,,,,,,,,,,
,,378,,,,,,,,,,
,,483,,,,,,,,,,
,,304,,,,,,,,,,
,,310,,,,,,,,,,
,,306,,,,,,,,,,
,,357,,,,,,,,,,
,,357,,,,,,,,,,
,,351,,,,,,,,,,
,,255,,,,,,,,,,
,,260,,,,,,,,,,
,,284,,,,,,,,,,
,,425,,,,,,,,,,
,,444,,,,,,,,,,
,,429,,,,,,,,,,
,,452,,,,,,,,,,
,,460,,,,,,,,,,
,,426,,,,,,,,,,
,,458,,,,,,,,,,
,,313,,,,,,,,,,
,,313,,,,,,,,,,
,,364,,,,,,,,,,
,,297,,,,,,,,,,
,,298,,,,,,,,,,
,,300,,,,,,,,,,
,,259,,,,,,,,,,
,,246,,,,,,,,,,
,,244,,,,,,,,,,
,,279,,,,,,,,,,
,,214,,,,,,,,,,
,,221,,,,,,,,,,
,,226,,,,,,,,,,
,,196,,,,,,,,,,
,,280,,,,,,,,,,
,,284,,,,,,,,,,
,,266,,,,,,,,,,
,,250,,,,,,,,,,
,,604,,,,,,,,,,
,,116,,,,,,,,,,
,,294,,,,,,,,,,
,,302,,,,,,,,,,
,,239,,,,,,,,,,
,,240,,,,,,,,,,
,,237,,,,,,,,,,
,,330,,,,,,,,,,
,,338,,,,,,,,,,
,,335,,,,,,,,,,
,,218,,,,,,,,,,
,,220,,,,,,,,,,
,,253,,,,,,,,,,
,,257,,,,,,,,,,
,,257,,,,,,,,,,
,,358,,,,,,,,,,
,,356,,,,,,,,,,
,,365,,,,,,,,,,
,,392,,,,,,,,,,
,,533,,,,,,,,,,
,,136,,,,,,,,,,
,,245,,,,,,,,,,
,,223,,,,,,,,,,
,,263,,,,,,,,,,
,,330,,,,,,,,,,
,,278,,,,,,,,,,
,,279,,,,,,,,,,
,,279,,,,,,,,,,
,,309,,,,,,,,,,
,,321,,,,,,,,,,
,,323,,,,,,,,,,
,,253,,,,,,,,,,
,,300,,,,,,,,,,
,,306,,,,,,,,,,
,,301,,,,,,,,,,
,,302,,,,,,,,,,
,,322,,,,,,,,,,
,,332,,,,,,,,,,
,,187,,,,,,,,,,
,,243,,,,,,,,,,
,,271,,,,,,,,,,
,,321,,,,,,,,,,
,,331,,,,,,,,,,
,,306,,,,,,,,,,
,,530,,,,,,,,,,
,,202,,,,,,,,,,
,,206,,,,,,,,,,
,,114,,,,,,,,,,
,,270,,,,,,,,,,
,,270,,,,,,,,,,
,,541,,,,,,,,,,
,,551,,,,,,,,,,
,,273,,,,,,,,,,
,,400,,,,,,,,,,
,,458,,,,,,,,,,
,,341,,,,,,,,,,
,,550,,,,,,,,,,
,,295,,,,,,,,,,
,,313,,,,,,,,,,
,,292,,,,,,,,,,
,,277,,,,,,,,,,
,,263,,,,,,,,,,
,,267,,,,,,,,,,
,,405,,,,,,,,,,
,,270,,,,,,,,,,
,,277,,,,,,,,,,
,,246,,,,,,,,,,
,,253,,,,,,,,,,
,,237,,,,,,,,,,
,,254,,,,,,,,,,
,,259,,,,,,,,,,
,,410,,,,,,,,,,
,,397,,,,,,,,,,
,,395,,,,,,,,,,
,,324,,,,,,,,,,
,,644,,,,,,,,,,
,,276,,,,,,,,,,
,,265,,,,,,,,,,
,,271,,,,,,,,,,
,,312,,,,,,,,,,
,,309,,,,,,,,,,
,,268,,,,,,,,,,
,,276,,,,,,,,,,
,,278,,,,,,,,,,
,,230,,,,,,,,,,
,,234,,,,,,,,,,
,,221,,,,,,,,,,
,,229,,,,,,,,,,
,,361,,,,,,,,,,
,,363,,,,,,,,,,
,,363,,,,,,,,,,
,,263,,,,,,,,,,
,,263,,,,,,,,,,
,,263,,,,,,,,,,
,,220,,,,,,,,,,
,,211,,,,,,,,,,
,,211,,,,,,,,,,
,,258,,,,,,,,,,
,,264,,,,,,,,,,
,,262,,,,,,,,,,
,,487,,,,,,,,,,
,,501,,,,,,,,,,
,,504,,,,,,,,,,
,,320,,,,,,,,,,
,,320,,,,,,,,,,
,,320,,,,,,,,,,
,,288,,,,,,,,,,
,,295,,,,,,,,,,
,,482,,,,,,,,,,
,,283,,,,,,,,,,
,,285,,,,,,,,,,
,,286,,,,,,,,,,
,,235,,,,,,,,,,
,,222,,,,,,,,,,
,,253,,,,,,,,,,
,,184,,,,,,,,,,
,,201,,,,,,,,,,
,,208,,,,,,,,,,
,,373,,,,,,,,,,
,,382,,,,,,,,,,
,,273,,,,,,,,,,
,,275,,,,,,,,,,
,,264,,,,,,,,,,
,,210,,,,,,,,,,
,,216,,,,,,,,,,
,,203,,,,,,,,,,
,,236,,,,,,,,,,
,,242,,,,,,,,,,
,,242,,,,,,,,,,
,,600,,,,,,,,,,
,,583,,,,,,,,,,
,,219,,,,,,,,,,
,,228,,,,,,,,,,
,,222,,,,,,,,,,
,,272,,,,,,,,,,
,,245,,,,,,,,,,
,,243,,,,,,,,,,
,,274,,,,,,,,,,
,,259,,,,,,,,,,
,,221,,,,,,,,,,
,,250,,,,,,,,,,
,,257,,,,,,,,,,
,,282,,,,,,,,,,
,,334,,,,,,,,,,
,,391,,,,,,,,,,
,,342,,,,,,,,,,
,,342,,,,,,,,,,
,,337,,,,,,,,,,
,,254,,,,,,,,,,
,,242,,,,,,,,,,
,,242,,,,,,,,,,
,,283,,,,,,,,,,
,,288,,,,,,,,,,
,,290,,,,,,,,,,
,,420,,,,,,,,,,
,,253,,,,,,,,,,
,,285,,,,,,,,,,
,,237,,,,,,,,,,
,,243,,,,,,,,,,
,,237,,,,,,,,,,
,,245,,,,,,,,,,
,,286,,,,,,,,,,
,,261,,,,,,,,,,
,,306,,,,,,,,,,
,,306,,,,,,,,,,
,,442,,,,,,,,,,
,,291,,,,,,,,,,
,,275,,,,,,,,,,
,,275,,,,,,,,,,
,,215,,,,,,,,,,
,,236,,,,,,,,,,
,,309,,,,,,,,,,
,,234,,,,,,,,,,
,,272,,,,,,,,,,
,,281,,,,,,,,,,
,,281,,,,,,,,,,
,,283,,,,,,,,,,
,,229,,,,,,,,,,
,,233,,,,,,,,,,
,,242,,,,,,,,,,
,,241,,,,,,,,,,
,,242,,,,,,,,,,
,,217,,,,,,,,,,
,,415,,,,,,,,,,
,,276,,,,,,,,,,
,,271,,,,,,,,,,
,,273,,,,,,,,,,
,,267,,,,,,,,,,
,,267,,,,,,,,,,
,,252,,,,,,,,,,
,,58,,,,,,,,,,
,,271,,,,,,,,,,
,,154,,,,,,,,,,
,,323,,,,,,,,,,
,,246,,,,,,,,,,
,,244,,,,,,,,,,
,,246,,,,,,,,,,
,,375,,,,,,,,,,
,,379,,,,,,,,,,
,,401,,,,,,,,,,
,,415,,,,,,,,,,
,,380,,,,,,,,,,
,,392,,,,,,,,,,
,,388,,,,,,,,,,
,,533,,,,,,,,,,
,,264,,,,,,,,,,
,,265,,,,,,,,,,
,,267,,,,,,,,,,
,,260,,,,,,,,,,
,,245,,,,,,,,,,
,,246,,,,,,,,,,
,,250,,,,,,,,,,
,,254,,,,,,,,,,
,,254,,,,,,,,,,
,,295,,,,,,,,,,
,,295,,,,,,,,,,
,,221,,,,,,,,,,
,,217,,,,,,,,,,
,,219,,,,,,,,,,
,,267,,,,,,,,,,
,,275,,,,,,,,,,
,,283,,,,,,,,,,
,,235,,,,,,,,,,
,,306,,,,,,,,,,
,,559,,,,,,,,,,
,,366,,,,,,,,,,
,,373,,,,,,,,,,
,,369,,,,,,,,,,
,,249,,,,,,,,,,
,,306,,,,,,,,,,
,,304,,,,,,,,,,
,,275,,,,,,,,,,
,,250,,,,,,,,,,
,,402,,,,,,,,,,
,,360,,,,,,,,,,
,,305,,,,,,,,,,
,,228,,,,,,,,,,
,,250,,,,,,,,,,
,,261,,,,,,,,,,
,,209,,,,,,,,,,
,,209,,,,,,,,,,
,,214,,,,,,,,,,
,,221,,,,,,,,,,
,,239,,,,,,,,,,
,,247,,,,,,,,,,
,,253,,,,,,,,,,
,,254,,,,,,,,,,
,,377,,,,,,,,,,
,,328,,,,,,,,,,
,,323,,,,,,,,,,
,,656,,,,,,,,,,
,,296,,,,,,,,,,
,,805,,,,,,,,,,
,,809,,,,,,,,,,
,,801,,,,,,,,,,
,,205,,,,,,,,,,
,,208,,,,,,,,,,
,,488,,,,,,,,,,
,,488,,,,,,,,,,
,,491,,,,,,,,,,
,,329,,,,,,,,,,
,,336,,,,,,,,,,
,,331,,,,,,,,,,
,,251,,,,,,,,,,
,,256,,,,,,,,,,
,,257,,,,,,,,,,
,,418,,,,,,,,,,
,,430,,,,,,,,,,
,,216,,,,,,,,,,
,,231,,,,,,,,,,
,,247,,,,,,,,,,
,,235,,,,,,,,,,
,,243,,,,,,,,,,
,,247,,,,,,,,,,
,,236,,,,,,,,,,
,,252,,,,,,,,,,
,,405,,,,,,,,,,
,,409,,,,,,,,,,
,,388,,,,,,,,,,
,,348,,,,,,,,,,
,,368,,,,,,,,,,
,,402,,,,,,,,,,
,,406,,,,,,,,,,
,,410,,,,,,,,,,
,,415,,,,,,,,,,
,,429,,,,,,,,,,
,,221,,,,,,,,,,
,,221,,,,,,,,,,
,,338,,,,,,,,,,
,,342,,,,,,,,,,
,,342,,,,,,,,,,
,,235,,,,,,,,,,
,,282,,,,,,,,,,
,,369,,,,,,,,,,
,,373,,,,,,,,,,
,,386,,,,,,,,,,
,,276,,,,,,,,,,
,,283,,,,,,,,,,
,,241,,,,,,,,,,
,,248,,,,,,,,,,
,,257,,,,,,,,,,
,,363,,,,,,,,,,
,,369,,,,,,,,,,
,,396,,,,,,,,,,
,,366,,,,,,,,,,
,,396,,,,,,,,,,
,,245,,,,,,,,,,
,,251,,,,,,,,,,
,,247,,,,,,,,,,
,,452,,,,,,,,,,
,,408,,,,,,,,,,
,,412,,,,,,,,,,
,,343,,,,,,,,,,
,,248,,,,,,,,,,
,,271,,,,,,,,,,
,,280,,,,,,,,,,
,,297,,,,,,,,,,
,,306,,,,,,,,,,
,,300,,,,,,,,,,
,,273,,,,,,,,,,
,,259,,,,,,,,,,
,,257,,,,,,,,,,
,,466,,,,,,,,,,
,,482,,,,,,,,,,
,,482,,,,,,,,,,
,,278,,,,,,,,,,
,,272,,,,,,,,,,
,,323,,,,,,,,,,
,,323,,,,,,,,,,
,,500,,,,,,,,,,
,,500,,,,,,,,,,
,,503,,,,,,,,,,
,,294,,,,,,,,,,
,,289,,,,,,,,,,
,,286,,,,,,,,,,
,,219,,,,,,,,,,
,,226,,,,,,,,,,
,,231,,,,,,,,,,
,,450,,,,,,,,,,
,,305,,,,,,,,,,
,,295,,,,,,,,,,
,,342,,,,,,,,,,
,,307,,,,,,,,,,
,,337,,,,,,,,,,
,,366,,,,,,,,,,
,,431,,,,,,,,,,
,,439,,,,,,,,,,
,,284,,,,,,,,,,
,,290,,,,,,,,,,
,,287,,,,,,,,,,
,,306,,,,,,,,,,
,,279,,,,,,,,,,
,,288,,,,,,,,,,
,,457,,,,,,,,,,
,,479,,,,,,,,,,
,,469,,,,,,,,,,
,,612,,,,,,,,,,
,,219,,,,,,,,,,
,,219,,,,,,,,,,
,,219,,,,,,,,,,
,,193,,,,,,,,,,
,,193,,,,,,,,,,
,,196,,,,,,,,,,
,,254,,,,,,,,,,
,,267,,,,,,,,,,
,,266,,,,,,,,,,
,,263,,,,,,,,,,
,,406,,,,,,,,,,
,,303,,,,,,,,,,
,,304,,,,,,,,,,
,,245,,,,,,,,,,
,,252,,,,,,,,,,
,,364,,,,,,,,,,
,,371,,,,,,,,,,
,,364,,,,,,,,,,
,,258,,,,,,,,,,
,,258,,,,,,,,,,
,,255,,,,,,,,,,
,,349,,,,,,,,,,
,,343,,,,,,,,,,
,,340,,,,,,,,,,
,,297,,,,,,,,,,
,,202,,,,,,,,,,
,,189,,,,,,,,,,
,,304,,,,,,,,,,
,,305,,,,,,,,,,
,,312,,,,,,,,,,
,,339,,,,,,,,,,
,,558,,,,,,,,,,
,,567,,,,,,,,,,
,,570,,,,,,,,,,
,,232,,,,,,,,,,
,,229,,,,,,,,,,
,,230,,,,,,,,,,
,,225,,,,,,,,,,
,,226,,,,,,,,,,
,,327,,,,,,,,,,
,,349,,,,,,,,,,
,,379,,,,,,,,,,
,,274,,,,,,,,,,
,,106,,,,,,,,,,
,,327,,,,,,,,,,
,,327,,,,,,,,,,
,,327,,,,,,,,,,
,,318,,,,,,,,,,
,,339,,,,,,,,,,
,,351,,,,,,,,,,
,,188,,,,,,,,,,
,,363,,,,,,,,,,
,,249,,,,,,,,,,
,,255,,,,,,,,,,
,,416,,,,,,,,,,
,,430,,,,,,,,,,
,,426,,,,,,,,,,
,,254,,,,,,,,,,
,,90,,,,,,,,,,
,,289,,,,,,,,,,
,,257,,,,,,,,,,
,,264,,,,,,,,,,
,,266,,,,,,,,,,
,,424,,,,,,,,,,
,,430,,,,,,,,,,
,,270,,,,,,,,,,
,,283,,,,,,,,,,
,,305,,,,,,,,,,
,,321,,,,,,,,,,
,,199,,,,,,,,,,
,,200,,,,,,,,,,
,,200,,,,,,,,,,
,,621,,,,,,,,,,
,,631,,,,,,,,,,
,,401,,,,,,,,,,
,,385,,,,,,,,,,
,,296,,,,,,,,,,
,,264,,,,,,,,,,
,,269,,,,,,,,,,
,,270,,,,,,,,,,
,,258,,,,,,,,,,
,,266,,,,,,,,,,
,,267,,,,,,,,,,
,,443,,,,,,,,,,
,,893,,,,,,,,,,
,,205,,,,,,,,,,
,,362,,,,,,,,,,
,,64,,,,,,,,,,
,,336,,,,,,,,,,
,,336,,,,,,,,,,
,,274,,,,,,,,,,
,,274,,,,,,,,,,
,,272,,,,,,,,,,
,,575,,,,,,,,,,
,,581,,,,,,,,,,
,,581,,,,,,,,,,
,,436,,,,,,,,,,
,,436,,,,,,,,,,
,,442,,,,,,,,,,
,,164,,,,,,,,,,
,,167,,,,,,,,,,
,,174,,,,,,,,,,
,,283,,,,,,,,,,
,,388,,,,,,,,,,
,,392,,,,,,,,,,
,,384,,,,,,,,,,
,,454,,,,,,,,,,
,,454,,,,,,,,,,
,,457,,,,,,,,,,
,,256,,,,,,,,,,
,,255,,,,,,,,,,
,,256,,,,,,,,,,
,,661,,,,,,,,,,
,,717,,,,,,,,,,
,,240,,,,,,,,,,
,,284,,,,,,,,,,
,,292,,,,,,,,,,
,,276,,,,,,,,,,
,,301,,,,,,,,,,
,,242,,,,,,,,,,
,,261,,,,,,,,,,
,,270,,,,,,,,,,
,,324,,,,,,,,,,
,,335,,,,,,,,,,
,,395,,,,,,,,,,
,,399,,,,,,,,,,
,,395,,,,,,,,,,
,,351,,,,,,,,,,
,,351,,,,,,,,,,
,,501,,,,,,,,,,
,,501,,,,,,,,,,
,,236,,,,,,,,,,
,,240,,,,,,,,,,
,,238,,,,,,,,,,
,,255,,,,,,,,,,
,,263,,,,,,,,,,
,,244,,,,,,,,,,
,,320,,,,,,,,,,
,,322,,,,,,,,,,
,,331,,,,,,,,,,
,,336,,,,,,,,,,
,,331,,,,,,,,,,
,,438,,,,,,,,,,
,,433,,,,,,,,,,
,,444,,,,,,,,,,
,,289,,,,,,,,,,
,,322,,,,,,,,,,
,,525,,,,,,,,,,
,,577,,,,,,,,,,
,,473,,,,,,,,,,
,,478,,,,,,,,,,
,,213,,,,,,,,,,
,,205,,,,,,,,,,
,,247,,,,,,,,,,
,,255,,,,,,,,,,
,,249,,,,,,,,,,
,,250,,,,,,,,,,
,,250,,,,,,,,,,
,,279,,,,,,,,,,
,,265,,,,,,,,,,
,,262,,,,,,,,,,
,,289,,,,,,,,,,
,,294,,,,,,,,,,
,,294,,,,,,,,,,
,,365,,,,,,,,,,
,,433,,,,,,,,,,
,,431,,,,,,,,,,
,,288,,,,,,,,,,
,,289,,,,,,,,,,
,,253,,,,,,,,,,
,,247,,,,,,,,,,
,,248,,,,,,,,,,
,,307,,,,,,,,,,
,,364,,,,,,,,,,
,,331,,,,,,,,,,
,,317,,,,,,,,,,
,,331,,,,,,,,,,
,,315,,,,,,,,,,
,,267,,,,,,,,,,
,,273,,,,,,,,,,
,,279,,,,,,,,,,
,,202,,,,,,,,,,
,,208,,,,,,,,,,
,,407,,,,,,,,,,
,,411,,,,,,,,,,
,,404,,,,,,,,,,
,,447,,,,,,,,,,
,,451,,,,,,,,,,
,,447,,,,,,,,,,
,,587,,,,,,,,,,
,,286,,,,,,,,,,
,,288,,,,,,,,,,
,,333,,,,,,,,,,
,,252,,,,,,,,,,
,,271,,,,,,,,,,
,,270,,,,,,,,,,
,,678,,,,,,,,,,
,,664,,,,,,,,,,
,,651,,,,,,,,,,
,,260,,,,,,,,,,
,,303,,,,,,,,,,
,,305,,,,,,,,,,
,,394,,,,,,,,,,
,,406,,,,,,,,,,
,,198,,,,,,,,,,
,,69,,,,,,,,,,
,,296,,,,,,,,,,
,,296,,,,,,,,,,
,,287,,,,,,,,,,
,,352,,,,,,,,,,
,,469,,,,,,,,,,
,,355,,,,,,,,,,
,,383,,,,,,,,,,
,,301,,,,,,,,,,
,,258,,,,,,,,,,
,,265,,,,,,,,,,
,,263,,,,,,,,,,
,,228,,,,,,,,,,
,,236,,,,,,,,,,
,,237,,,,,,,,,,
,,402,,,,,,,,,,
,,408,,,,,,,,,,
,,314,,,,,,,,,,
,,211,,,,,,,,,,
,,422,,,,,,,,,,
,,431,,,,,,,,,,
,,450,,,,,,,,,,
,,473,,,,,,,,,,
,,477,,,,,,,,,,
,,354,,,,,,,,,,
,,396,,,,,,,,,,
,,303,,,,,,,,,,
,,312,,,,,,,,,,
,,312,,,,,,,,,,
,,612,,,,,,,,,,
,,615,,,,,,,,,,
,,544,,,,,,,,,,
,,325,,,,,,,,,,
,,325,,,,,,,,,,
,,325,,,,,,,,,,
,,614,,,,,,,,,,
,,614,,,,,,,,,,
,,608,,,,,,,,,,
,,533,,,,,,,,,,
,,549,,,,,,,,,,
,,515,,,,,,,,,,
,,231,,,,,,,,,,
,,253,,,,,,,,,,
,,291,,,,,,,,,,
,,299,,,,,,,,,,
,,219,,,,,,,,,,
,,236,,,,,,,,,,
,,286,,,,,,,,,,
,,279,,,,,,,,,,
,,276,,,,,,,,,,
,,287,,,,,,,,,,
,,292,,,,,,,,,,
,,244,,,,,,,,,,
,,247,,,,,,,,,,
,,244,,,,,,,,,,
,,308,,,,,,,,,,
,,273,,,,,,,,,,
,,258,,,,,,,,,,
,,228,,,,,,,,,,
,,237,,,,,,,,,,
,,260,,,,,,,,,,
,,314,,,,,,,,,,
,,319,,,,,,,,,,
,,312,,,,,,,,,,
,,309,,,,,,,,,,
,,447,,,,,,,,,,
,,243,,,,,,,,,,
,,310,,,,,,,,,,
,,295,,,,,,,,,,
,,289,,,,,,,,,,
,,291,,,,,,,,,,
,,297,,,,,,,,,,
,,293,,,,,,,,,,
,,365,,,,,,,,,,
,,367,,,,,,,,,,
,,263,,,,,,,,,,
,,181,,,,,,,,,,
,,558,,,,,,,,,,
,,558,,,,,,,,,,
,,280,,,,,,,,,,
,,284,,,,,,,,,,
,,279,,,,,,,,,,
,,277,,,,,,,,,,
,,224,,,,,,,,,,
,,231,,,,,,,,,,
,,229,,,,,,,,,,
,,279,,,,,,,,,,
,,282,,,,,,,,,,
,,277,,,,,,,,,,
,,322,,,,,,,,,,
,,325,,,,,,,,,,
,,379,,,,,,,,,,
,,739,,,,,,,,,,
,,689,,,,,,,,,,
,,675,,,,,,,,,,
,,315,,,,,,,,,,
,,314,,,,,,,,,,
,,314,,,,,,,,,,
,,387,,,,,,,,,,
,,338,,,,,,,,,,
,,342,,,,,,,,,,
,,329,,,,,,,,,,
,,215,,,,,,,,,,
,,526,,,,,,,,,,
,,523,,,,,,,,,,
,,450,,,,,,,,,,
,,392,,,,,,,,,,
,,391,,,,,,,,,,
,,386,,,,,,,,,,
,,408,,,,,,,,,,
,,395,,,,,,,,,,
,,463,,,,,,,,,,
,,741,,,,,,,,,,
,,748,,,,,,,,,,
,,408,,,,,,,,,,
,,530,,,,,,,,,,
,,551,,,,,,,,,,
,,554,,,,,,,,,,
,,356,,,,,,,,,,
,,324,,,,,,,,,,
,,298,,,,,,,,,,
,,392,,,,,,,,,,
,,266,,,,,,,,,,
,,257,,,,,,,,,,
,,211,,,,,,,,,,
,,212,,,,,,,,,,
,,539,,,,,,,,,,
,,309,,,,,,,,,,
,,364,,,,,,,,,,
,,214,,,,,,,,,,
,,340,,,,,,,,,,
,,705,,,,,,,,,,
,,366,,,,,,,,,,
,,298,,,,,,,,,,
,,288,,,,,,,,,,
,,297,,,,,,,,,,
,,297,,,,,,,,,,
,,300,,,,,,,,,,
,,297,,,,,,,,,,
,,366,,,,,,,,,,
,,213,,,,,,,,,,
,,214,,,,,,,,,,
,,390,,,,,,,,,,
,,266,,,,,,,,,,
,,267,,,,,,,,,,
,,269,,,,,,,,,,
,,341,,,,,,,,,,
,,349,,,,,,,,,,
,,472,,,,,,,,,,
,,362,,,,,,,,,,
,,438,,,,,,,,,,
,,243,,,,,,,,,,
,,252,,,,,,,,,,
,,252,,,,,,,,,,
,,222,,,,,,,,,,
,,254,,,,,,,,,,
,,255,,,,,,,,,,
,,255,,,,,,,,,,
,,392,,,,,,,,,,
,,372,,,,,,,,,,
,,300,,,,,,,,,,
,,307,,,,,,,,,,
,,304,,,,,,,,,,
,,274,,,,,,,,,,
,,283,,,,,,,,,,
,,263,,,,,,,,,,
,,415,,,,,,,,,,
,,415,,,,,,,,,,
,,268,,,,,,,,,,
,,268,,,,,,,,,,
,,306,,,,,,,,,,
,,317,,,,,,,,,,
,,298,,,,,,,,,,
,,295,,,,,,,,,,
,,350,,,,,,,,,,
,,312,,,,,,,,,,
,,312,,,,,,,,,,
,,186,,,,,,,,,,
,,328,,,,,,,,,,
,,328,,,,,,,,,,
,,330,,,,,,,,,,
,,279,,,,,,,,,,
,,280,,,,,,,,,,
,,279,,,,,,,,,,
,,279,,,,,,,,,,
,,247,,,,,,,,,,
,,254,,,,,,,,,,
,,254,,,,,,,,,,
,,366,,,,,,,,,,
,,366,,,,,,,,,,
,,366,,,,,,,,,,
,,292,,,,,,,,,,
,,278,,,,,,,,,,
,,269,,,,,,,,,,
,,268,,,,,,,,,,
,,263,,,,,,,,,,
,,259,,,,,,,,,,
,,261,,,,,,,,,,
,,261,,,,,,,,,,
,,272,,,,,,,,,,
,,291,,,,,,,,,,
,,278,,,,,,,,,,
,,511,,,,,,,,,,
,,306,,,,,,,,,,
,,312,,,,,,,,,,
,,375,,,,,,,,,,
,,380,,,,,,,,,,
,,356,,,,,,,,,,
,,304,,,,,,,,,,
,,385,,,,,,,,,,
,,395,,,,,,,,,,
,,389,,,,,,,,,,
,,231,,,,,,,,,,
,,302,,,,,,,,,,
,,298,,,,,,,,,,
,,295,,,,,,,,,,
,,1062,,,,,,,,,,
,,1078,,,,,,,,,,
,,430,,,,,,,,,,
,,428,,,,,,,,,,
,,141,,,,,,,,,,
,,300,,,,,,,,,,
,,536,,,,,,,,,,
,,541,,,,,,,,,,
,,262,,,,,,,,,,
,,254,,,,,,,,,,
,,251,,,,,,,,,,
,,154,,,,,,,,,,
,,158,,,,,,,,,,
,,436,,,,,,,,,,
,,419,,,,,,,,,,
,,362,,,,,,,,,,
,,262,,,,,,,,,,
,,214,,,,,,,,,,
,,227,,,,,,,,,,
,,221,,,,,,,,,,
,,329,,,,,,,,,,
,,311,,,,,,,,,,
,,262,,,,,,,,,,
,,518,,,,,,,,,,
,,198,,,,,,,,,,
,,201,,,,,,,,,,
,,210,,,,,,,,,,
,,255,,,,,,,,,,
,,264,,,,,,,,,,
,,342,,,,,,,,,,
,,635,,,,,,,,,,
,,254,,,,,,,,,,
,,256,,,,,,,,,,
,,259,,,,,,,,,,
,,260,,,,,,,,,,
,,274,,,,,,,,,,
,,281,,,,,,,,,,
,,278,,,,,,,,,,
,,233,,,,,,,,,,
,,251,,,,,,,,,,
,,260,,,,,,,,,,
,,294,,,,,,,,,,
,,303,,,,,,,,,,
,,303,,,,,,,,,,
,,391,,,,,,,,,,
,,269,,,,,,,,,,
,,362,,,,,,,,,,
,,410,,,,,,,,,,
,,202,,,,,,,,,,
,,235,,,,,,,,,,
,,509,,,,,,,,,,
,,512,,,,,,,,,,
,,272,,,,,,,,,,
,,278,,,,,,,,,,
,,279,,,,,,,,,,
,,437,,,,,,,,,,
,,328,,,,,,,,,,
,,239,,,,,,,,,,
,,335,,,,,,,,,,
,,243,,,,,,,,,,
,,250,,,,,,,,,,
,,246,,,,,,,,,,
,,352,,,,,,,,,,
,,355,,,,,,,,,,
,,350,,,,,,,,,,
,,306,,,,,,,,,,
,,253,,,,,,,,,,
,,410,,,,,,,,,,
,,268,,,,,,,,,,
,,269,,,,,,,,,,
,,332,,,,,,,,,,
,,1365,,,,,,,,,,
,,275,,,,,,,,,,
,,294,,,,,,,,,,
,,291,,,,,,,,,,
,,295,,,,,,,,,,
,,437,,,,,,,,,,
,,393,,,,,,,,,,
,,300,,,,,,,,,,
,,255,,,,,,,,,,
,,261,,,,,,,,,,
,,252,,,,,,,,,,
,,489,,,,,,,,,,
,,278,,,,,,,,,,
,,357,,,,,,,,,,
,,353,,,,,,,,,,
,,191,,,,,,,,,,
,,198,,,,,,,,,,
,,198,,,,,,,,,,
,,274,,,,,,,,,,
,,280,,,,,,,,,,
,,340,,,,,,,,,,
,,342,,,,,,,,,,
,,342,,,,,,,,,,
,,283,,,,,,,,,,
,,280,,,,,,,,,,
,,328,,,,,,,,,,
,,351,,,,,,,,,,
,,382,,,,,,,,,,
,,294,,,,,,,,,,
,,530,,,,,,,,,,
,,352,,,,,,,,,,
,,356,,,,,,,,,,
,,327,,,,,,,,,,
,,446,,,,,,,,,,
,,289,,,,,,,,,,
,,278,,,,,,,,,,
,,286,,,,,,,,,,
,,282,,,,,,,,,,
,,317,,,,,,,,,,
,,319,,,,,,,,,,
,,322,,,,,,,,,,
,,239,,,,,,,,,,
,,227,,,,,,,,,,
,,235,,,,,,,,,,
,,301,,,,,,,,,,
,,309,,,,,,,,,,
,,304,,,,,,,,,,
,,247,,,,,,,,,,
,,283,,,,,,,,,,
,,287,,,,,,,,,,
,,476,,,,,,,,,,
,,419,,,,,,,,,,
,,423,,,,,,,,,,
,,432,,,,,,,,,,
,,265,,,,,,,,,,
,,268,,,,,,,,,,
,,254,,,,,,,,,,
,,330,,,,,,,,,,
,,364,,,,,,,,,,
,,364,,,,,,,,,,
,,268,,,,,,,,,,
,,269,,,,,,,,,,
,,333,,,,,,,,,,
,,202,,,,,,,,,,
,,248,,,,,,,,,,
,,263,,,,,,,,,,
,,272,,,,,,,,,,
,,285,,,,,,,,,,
,,267,,,,,,,,,,
,,277,,,,,,,,,,
,,279,,,,,,,,,,
,,207,,,,,,,,,,
,,204,,,,,,,,,,
,,205,,,,,,,,,,
,,251,,,,,,,,,,
,,298,,,,,,,,,,
,,305,,,,,,,,,,
,,410,,,,,,,,,,
,,243,,,,,,,,,,
,,281,,,,,,,,,,
,,317,,,,,,,,,,
,,318,,,,,,,,,,
,,315,,,,,,,,,,
,,289,,,,,,,,,,
,,320,,,,,,,,,,
,,365,,,,,,,,,,
,,432,,,,,,,,,,
,,414,,,,,,,,,,
,,410,,,,,,,,,,
,,408,,,,,,,,,,
,,256,,,,,,,,,,
,,260,,,,,,,,,,
,,261,,,,,,,,,,
,,361,,,,,,,,,,
,,369,,,,,,,,,,
,,371,,,,,,,,,,
,,250,,,,,,,,,,
,,247,,,,,,,,,,
,,333,,,,,,,,,,
,,338,,,,,,,,,,
,,335,,,,,,,,,,
,,267,,,,,,,,,,
,,276,,,,,,,,,,
,,249,,,,,,,,,,
,,228,,,,,,,,,,
,,238,,,,,,,,,,
,,321,,,,,,,,,,
,,321,,,,,,,,,,
,,317,,,,,,,,,,
,,331,,,,,,,,,,
,,331,,,,,,,,,,
,,333,,,,,,,,,,
,,197,,,,,,,,,,
,,366,,,,,,,,,,
,,361,,,,,,,,,,
,,363,,,,,,,,,,
,,418,,,,,,,,,,
,,418,,,,,,,,,,
,,412,,,,,,,,,,
,,323,,,,,,,,,,
,,225,,,,,,,,,,
,,220,,,,,,,,,,
,,229,,,,,,,,,,
,,302,,,,,,,,,,
,,303,,,,,,,,,,
,,268,,,,,,,,,,
,,334,,,,,,,,,,
,,340,,,,,,,,,,
,,401,,,,,,,,,,
,,366,,,,,,,,,,
,,346,,,,,,,,,,
,,247,,,,,,,,,,
,,255,,,,,,,,,,
,,255,,,,,,,,,,
,,358,,,,,,,,,,
,,292,,,,,,,,,,
,,288,,,,,,,,,,
,,288,,,,,,,,,,
,,271,,,,,,,,,,
,,416,,,,,,,,,,
,,382,,,,,,,,,,
,,243,,,,,,,,,,
,,471,,,,,,,,,,
,,271,,,,,,,,,,
,,297,,,,,,,,,,
,,390,,,,,,,,,,
,,387,,,,,,,,,,
,,364,,,,,,,,,,
,,303,,,,,,,,,,
,,304,,,,,,,,,,
,,352,,,,,,,,,,
,,534,,,,,,,,,,
,,534,,,,,,,,,,
,,537,,,,,,,,,,
,,259,,,,,,,,,,
,,259,,,,,,,,,,
,,260,,,,,,,,,,
,,275,,,,,,,,,,
,,280,,,,,,,,,,
,,280,,,,,,,,,,
,,305,,,,,,,,,,
,,291,,,,,,,,,,
,,293,,,,,,,,,,
,,223,,,,,,,,,,
,,226,,,,,,,,,,
,,365,,,,,,,,,,
,,365,,,,,,,,,,
,,302,,,,,,,,,,
,,344,,,,,,,,,,
,,223,,,,,,,,,,
,,230,,,,,,,,,,
,,231,,,,,,,,,,
,,188,,,,,,,,,,
,,277,,,,,,,,,,
,,693,,,,,,,,,,
,,696,,,,,,,,,,
,,689,,,,,,,,,,
,,559,,,,,,,,,,
,,250,,,,,,,,,,
,,251,,,,,,,,,,
,,248,,,,,,,,,,
,,250,,,,,,,,,,
,,244,,,,,,,,,,
,,252,,,,,,,,,,
,,253,,,,,,,,,,
,,279,,,,,,,,,,
,,357,,,,,,,,,,
,,385,,,,,,,,,,
,,297,,,,,,,,,,
,,334,,,,,,,,,,
,,329,,,,,,,,,,
,,348,,,,,,,,,,
,,352,,,,,,,,,,
,,352,,,,,,,,,,
,,232,,,,,,,,,,
,,240,,,,,,,,,,
,,225,,,,,,,,,,
,,228,,,,,,,,,,
,,488,,,,,,,,,,
,,490,,,,,,,,,,
,,485,,,,,,,,,,
,,325,,,,,,,,,,
,,555,,,,,,,,,,
,,371,,,,,,,,,,
,,444,,,,,,,,,,
,,375,,,,,,,,,,
,,375,,,,,,,,,,
,,121,,,,,,,,,,
,,481,,,,,,,,,,
,,486,,,,,,,,,,
,,487,,,,,,,,,,
,,499,,,,,,,,,,
,,302,,,,,,,,,,
,,299,,,,,,,,,,
,,273,,,,,,,,,,
,,216,,,,,,,,,,
,,195,,,,,,,,,,
,,198,,,,,,,,,,
,,199,,,,,,,,,,
,,66,,,,,,,,,,
,,393,,,,,,,,,,
,,393,,,,,,,,,,
,,388,,,,,,,,,,
,,432,,,,,,,,,,
,,502,,,,,,,,,,
,,520,,,,,,,,,,
,,518,,,,,,,,,,
,,343,,,,,,,,,,
,,343,,,,,,,,,,
,,345,,,,,,,,,,
,,340,,,,,,,,,,
,,349,,,,,,,,,,
,,252,,,,,,,,,,
,,289,,,,,,,,,,
,,190,,,,,,,,,,
,,196,,,,,,,,,,
,,252,,,,,,,,,,
,,233,,,,,,,,,,
,,238,,,,,,,,,,
,,437,,,,,,,,,,
,,428,,,,,,,,,,
,,228,,,,,,,,,,
,,235,,,,,,,,,,
,,236,,,,,,,,,,
,,215,,,,,,,,,,
,,204,,,,,,,,,,
,,428,,,,,,,,,,
,,261,,,,,,,,,,
,,305,,,,,,,,,,
,,436,,,,,,,,,,
,,480,,,,,,,,,,
,,716,,,,,,,,,,
,,412,,,,,,,,,,
,,414,,,,,,,,,,
,,302,,,,,,,,,,
,,275,,,,,,,,,,
,,278,,,,,,,,,,
,,278,,,,,,,,,,
,,199,,,,,,,,,,
,,344,,,,,,,,,,
,,382,,,,,,,,,,
,,413,,,,,,,,,,
,,317,,,,,,,,,,
,,317,,,,,,,,,,
,,317,,,,,,,,,,
,,236,,,,,,,,,,
,,239,,,,,,,,,,
,,241,,,,,,,,,,
,,266,,,,,,,,,,
,,256,,,,,,,,,,
,,257,,,,,,,,,,
,,304,,,,,,,,,,
,,310,,,,,,,,,,
,,275,,,,,,,,,,
,,193,,,,,,,,,,
,,172,,,,,,,,,,
,,231,,,,,,,,,,
,,380,,,,,,,,,,
,,373,,,,,,,,,,
,,367,,,,,,,,,,
,,382,,,,,,,,,,
,,134,,,,,,,,,,
,,616,,,,,,,,,,
,,346,,,,,,,,,,
,,118,,,,,,,,,,
,,218,,,,,,,,,,
,,205,,,,,,,,,,
,,242,,,,,,,,,,
,,250,,,,,,,,,,
,,376,,,,,,,,,,
,,244,,,,,,,,,,
,,388,,,,,,,,,,
,,261,,,,,,,,,,
,,265,,,,,,,,,,
,,243,,,,,,,,,,
,,193,,,,,,,,,,
,,190,,,,,,,,,,
,,233,,,,,,,,,,
,,311,,,,,,,,,,
,,320,,,,,,,,,,
,,254,,,,,,,,,,
,,262,,,,,,,,,,
,,247,,,,,,,,,,
,,324,,,,,,,,,,
,,334,,,,,,,,,,
,,341,,,,,,,,,,
,,336,,,,,,,,,,
,,654,,,,,,,,,,
,,654,,,,,,,,,,
,,657,,,,,,,,,,
,,276,,,,,,,,,,
,,276,,,,,,,,,,
,,243,,,,,,,,,,
,,458,,,,,,,,,,
,,242,,,,,,,,,,
,,240,,,,,,,,,,
,,374,,,,,,,,,,
,,374,,,,,,,,,,
,,368,,,,,,,,,,
,,364,,,,,,,,,,
,,354,,,,,,,,,,
,,354,,,,,,,,,,
,,533,,,,,,,,,,
,,252,,,,,,,,,,
,,253,,,,,,,,,,
,,262,,,,,,,,,,
,,330,,,,,,,,,,
,,330,,,,,,,,,,
,,253,,,,,,,,,,
,,260,,,,,,,,,,
,,235,,,,,,,,,,
,,236,,,,,,,,,,
,,577,,,,,,,,,,
,,291,,,,,,,,,,
,,280,,,,,,,,,,
,,277,,,,,,,,,,
,,416,,,,,,,,,,
,,490,,,,,,,,,,
,,504,,,,,,,,,,
,,464,,,,,,,,,,
,,332,,,,,,,,,,
,,469,,,,,,,,,,
,,483,,,,,,,,,,
,,485,,,,,,,,,,
,,261,,,,,,,,,,
,,261,,,,,,,,,,
,,263,,,,,,,,,,
,,483,,,,,,,,,,
,,250,,,,,,,,,,
,,263,,,,,,,,,,
,,230,,,,,,,,,,
,,233,,,,,,,,,,
,,235,,,,,,,,,,
,,221,,,,,,,,,,
,,222,,,,,,,,,,
,,225,,,,,,,,,,
,,281,,,,,,,,,,
,,265,,,,,,,,,,
,,272,,,,,,,,,,
,,476,,,,,,,,,,
,,488,,,,,,,,,,
,,490,,,,,,,,,,
,,403,,,,,,,,,,
,,298,,,,,,,,,,
,,298,,,,,,,,,,
,,298,,,,,,,,,,
,,938,,,,,,,,,,
,,920,,,,,,,,,,
,,906,,,,,,,,,,
,,493,,,,,,,,,,
,,243,,,,,,,,,,
,,249,,,,,,,,,,
,,250,,,,,,,,,,
,,235,,,,,,,,,,
,,245,,,,,,,,,,
,,246,,,,,,,,,,
,,269,,,,,,,,,,
,,311,,,,,,,,,,
,,374,,,,,,,,,,
,,381,,,,,,,,,,
,,368,,,,,,,,,,
,,364,,,,,,,,,,
,,539,,,,,,,,,,
,,542,,,,,,,,,,
,,537,,,,,,,,,,
,,515,,,,,,,,,,
,,517,,,,,,,,,,
,,520,,,,,,,,,,
,,433,,,,,,,,,,
,,545,,,,,,,,,,
,,505,,,,,,,,,,
,,505,,,,,,,,,,
,,355,,,,,,,,,,
,,357,,,,,,,,,,
,,357,,,,,,,,,,
,,287,,,,,,,,,,
,,331,,,,,,,,,,
,,211,,,,,,,,,,
,,211,,,,,,,,,,
,,212,,,,,,,,,,
,,274,,,,,,,,,,
,,282,,,,,,,,,,
,,163,,,,,,,,,,
,,240,,,,,,,,,,
,,241,,,,,,,,,,
,,352,,,,,,,,,,
,,359,,,,,,,,,,
,,354,,,,,,,,,,
,,199,,,,,,,,,,
,,199,,,,,,,,,,
,,200,,,,,,,,,,
,,365,,,,,,,,,,
,,419,,,,,,,,,,
,,283,,,,,,,,,,
,,364,,,,,,,,,,
,,364,,,,,,,,,,
,,333,,,,,,,,,,
,,335,,,,,,,,,,
,,44,,,,,,,,,,
,,219,,,,,,,,,,
,,349,,,,,,,,,,
,,356,,,,,,,,,,
,,257,,,,,,,,,,
,,451,,,,,,,,,,
,,480,,,,,,,,,,
,,421,,,,,,,,,,
,,467,,,,,,,,,,
,,465,,,,,,,,,,
,,518,,,,,,,,,,
,,518,,,,,,,,,,
,,271,,,,,,,,,,
,,270,,,,,,,,,,
,,270,,,,,,,,,,
,,267,,,,,,,,,,
,,184,,,,,,,,,,
,,265,,,,,,,,,,
,,333,,,,,,,,,,
,,344,,,,,,,,,,
,,441,,,,,,,,,,
,,441,,,,,,,,,,
,,311,,,,,,,,,,
,,316,,,,,,,,,,
,,318,,,,,,,,,,
,,224,,,,,,,,,,
,,231,,,,,,,,,,
,,239,,,,,,,,,,
,,332,,,,,,,,,,
,,430,,,,,,,,,,
,,464,,,,,,,,,,
,,329,,,,,,,,,,
,,198,,,,,,,,,,
,,372,,,,,,,,,,
,,227,,,,,,,,,,
,,287,,,,,,,,,,
,,208,,,,,,,,,,
,,228,,,,,,,,,,
,,236,,,,,,,,,,
,,365,,,,,,,,,,
,,390,,,,,,,,,,
,,425,,,,,,,,,,
,,62,,,,,,,,,,
,,371,,,,,,,,,,
,,280,,,,,,,,,,
,,322,,,,,,,,,,
,,334,,,,,,,,,,
,,424,,,,,,,,,,
,,446,,,,,,,,,,
,,335,,,,,,,,,,
,,360,,,,,,,,,,
,,432,,,,,,,,,,
,,426,,,,,,,,,,
,,560,,,,,,,,,,
,,1068,,,,,,,,,,
,,1068,,,,,,,,,,
,,1057,,,,,,,,,,
,,511,,,,,,,,,,
,,388,,,,,,,,,,
,,351,,,,,,,,,,
,,351,,,,,,,,,,
,,350,,,,,,,,,,
,,387,,,,,,,,,,
,,349,,,,,,,,,,
,,526,,,,,,,,,,
,,529,,,,,,,,,,
,,523,,,,,,,,,,
,,250,,,,,,,,,,
,,250,,,,,,,,,,
,,244,,,,,,,,,,
,,532,,,,,,,,,,
,,479,,,,,,,,,,
,,188,,,,,,,,,,
,,233,,,,,,,,,,
,,208,,,,,,,,,,
,,207,,,,,,,,,,
,,207,,,,,,,,,,
,,208,,,,,,,,,,
,,217,,,,,,,,,,
,,218,,,,,,,,,,
,,219,,,,,,,,,,
,,124,,,,,,,,,,
,,233,,,,,,,,,,
,,261,,,,,,,,,,
,,304,,,,,,,,,,
,,312,,,,,,,,,,
,,299,,,,,,,,,,
,,243,,,,,,,,,,
,,328,,,,,,,,,,
,,828,,,,,,,,,,
,,820,,,,,,,,,,
,,237,,,,,,,,,,
,,299,,,,,,,,,,
,,251,,,,,,,,,,
,,256,,,,,,,,,,
,,308,,,,,,,,,,
,,307,,,,,,,,,,
,,411,,,,,,,,,,
,,411,,,,,,,,,,
,,472,,,,,,,,,,
,,322,,,,,,,,,,
,,381,,,,,,,,,,
,,237,,,,,,,,,,
,,239,,,,,,,,,,
,,237,,,,,,,,,,
,,237,,,,,,,,,,
,,438,,,,,,,,,,
,,246,,,,,,,,,,
,,389,,,,,,,,,,
,,389,,,,,,,,,,
,,387,,,,,,,,,,
,,366,,,,,,,,,,
,,372,,,,,,,,,,
,,364,,,,,,,,,,
,,359,,,,,,,,,,
,,245,,,,,,,,,,
,,255,,,,,,,,,,
,,256,,,,,,,,,,
,,254,,,,,,,,,,
,,349,,,,,,,,,,
,,484,,,,,,,,,,
,,494,,,,,,,,,,
,,244,,,,,,,,,,
,,452,,,,,,,,,,
,,484,,,,,,,,,,
,,173,,,,,,,,,,
,,429,,,,,,,,,,
,,288,,,,,,,,,,
,,288,,,,,,,,,,
,,202,,,,,,,,,,
,,208,,,,,,,,,,
,,189,,,,,,,,,,
,,322,,,,,,,,,,
,,255,,,,,,,,,,
,,72,,,,,,,,,,
,,328,,,,,,,,,,
,,523,,,,,,,,,,
,,261,,,,,,,,,,
,,269,,,,,,,,,,
,,275,,,,,,,,,,
,,294,,,,,,,,,,
,,446,,,,,,,,,,
,,224,,,,,,,,,,
,,422,,,,,,,,,,
,,419,,,,,,,,,,
,,458,,,,,,,,,,
,,458,,,,,,,,,,
,,269,,,,,,,,,,
,,269,,,,,,,,,,
,,463,,,,,,,,,,
,,218,,,,,,,,,,
,,362,,,,,,,,,,
,,366,,,,,,,,,,
,,449,,,,,,,,,,
,,384,,,,,,,,,,
,,197,,,,,,,,,,
,,432,,,,,,,,,,
,,423,,,,,,,,,,
,,417,,,,,,,,,,
,,346,,,,,,,,,,
,,284,,,,,,,,,,
,,571,,,,,,,,,,
,,585,,,,,,,,,,
,,498,,,,,,,,,,
,,528,,,,,,,,,,
,,528,,,,,,,,,,
,,328,,,,,,,,,,
,,336,,,,,,,,,,
,,336,,,,,,,,,,
,,223,,,,,,,,,,
,,227,,,,,,,,,,
,,231,,,,,,,,,,
,,236,,,,,,,,,,
,,237,,,,,,,,,,
,,433,,,,,,,,,,
,,489,,,,,,,,,,
,,358,,,,,,,,,,
,,253,,,,,,,,,,
,,253,,,,,,,,,,
,,265,,,,,,,,,,
,,624,,,,,,,,,,
,,272,,,,,,,,,,
,,272,,,,,,,,,,
,,355,,,,,,,,,,
,,355,,,,,,,,,,
,,360,,,,,,,,,,
,,459,,,,,,,,,,
,,266,,,,,,,,,,
,,264,,,,,,,,,,
,,254,,,,,,,,,,
,,247,,,,,,,,,,
,,241,,,,,,,,,,
,,317,,,,,,,,,,
,,321,,,,,,,,,,
,,349,,,,,,,,,,
,,210,,,,,,,,,,
,,212,,,,,,,,,,
,,257,,,,,,,,,,
,,244,,,,,,,,,,
,,85,,,,,,,,,,
,,93,,,,,,,,,,
,,96,,,,,,,,,,
,,408,,,,,,,,,,
,,494,,,,,,,,,,
,,531,,,,,,,,,,
,,554,,,,,,,,,,
,,398,,,,,,,,,,
,,404,,,,,,,,,,
,,400,,,,,,,,,,
,,223,,,,,,,,,,
,,224,,,,,,,,,,
,,225,,,,,,,,,,
,,366,,,,,,,,,,
,,374,,,,,,,,,,
,,366,,,,,,,,,,
,,352,,,,,,,,,,
,,225,,,,,,,,,,
,,229,,,,,,,,,,
,,455,,,,,,,,,,
,,411,,,,,,,,,,
,,228,,,,,,,,,,
,,496,,,,,,,,,,
,,480,,,,,,,,,,
,,378,,,,,,,,,,
,,385,,,,,,,,,,
,,250,,,,,,,,,,
,,251,,,,,,,,,,
,,598,,,,,,,,,,
,,619,,,,,,,,,,
,,560,,,,,,,,,,
,,403,,,,,,,,,,
,,407,,,,,,,,,,
,,403,,,,,,,,,,
,,215,,,,,,,,,,
,,368,,,,,,,,,,
,,401,,,,,,,,,,
,,318,,,,,,,,,,
,,285,,,,,,,,,,
,,329,,,,,,,,,,
,,338,,,,,,,,,,
,,334,,,,,,,,,,
,,238,,,,,,,,,,
,,247,,,,,,,,,,
,,248,,,,,,,,,,
,,311,,,,,,,,,,
,,255,,,,,,,,,,
,,363,,,,,,,,,,
,,375,,,,,,,,,,
,,377,,,,,,,,,,
,,213,,,,,,,,,,
,,214,,,,,,,,,,
,,420,,,,,,,,,,
,,426,,,,,,,,,,
,,140,,,,,,,,,,
,,465,,,,,,,,,,
,,467,,,,,,,,,,
,,368,,,,,,,,,,
,,377,,,,,,,,,,
,,425,,,,,,,,,,
,,429,,,,,,,,,,
,,431,,,,,,,,,,
,,269,,,,,,,,,,
,,269,,,,,,,,,,
,,298,,,,,,,,,,
,,304,,,,,,,,,,
,,301,,,,,,,,,,
,,298,,,,,,,,,,
,,320,,,,,,,,,,
,,320,,,,,,,,,,
,,359,,,,,,,,,,
,,269,,,,,,,,,,
,,401,,,,,,,,,,
,,302,,,,,,,,,,
,,358,,,,,,,,,,
,,262,,,,,,,,,,
,,268,,,,,,,,,,
,,211,,,,,,,,,,
,,215,,,,,,,,,,
,,411,,,,,,,,,,
,,235,,,,,,,,,,
,,236,,,,,,,,,,
,,247,,,,,,,,,,
,,282,,,,,,,,,,
,,235,,,,,,,,,,
,,218,,,,,,,,,,
,,240,,,,,,,,,,
,,247,,,,,,,,,,
,,247,,,,,,,,,,
,,242,,,,,,,,,,
,,180,,,,,,,,,,
,,330,,,,,,,,,,
,,282,,,,,,,,,,
,,269,,,,,,,,,,
,,768,,,,,,,,,,
,,774,,,,,,,,,,
,,800,,,,,,,,,,
,,237,,,,,,,,,,
,,239,,,,,,,,,,
,,461,,,,,,,,,,
,,468,,,,,,,,,,
,,252,,,,,,,,,,
,,269,,,,,,,,,,
,,270,,,,,,,,,,
,,282,,,,,,,,,,
,,330,,,,,,,,,,
,,328,,,,,,,,,,
,,295,,,,,,,,,,
,,342,,,,,,,,,,
,,339,,,,,,,,,,
,,294,,,,,,,,,,
,,257,,,,,,,,,,
,,448,,,,,,,,,,
,,306,,,,,,,,,,
,,308,,,,,,,,,,
,,308,,,,,,,,,,
,,428,,,,,,,,,,
,,419,,,,,,,,,,
,,417,,,,,,,,,,
,,463,,,,,,,,,,
,,227,,,,,,,,,,
,,227,,,,,,,,,,
,,228,,,,,,,,,,
,,298,,,,,,,,,,
,,302,,,,,,,,,,
,,334,,,,,,,,,,
,,393,,,,,,,,,,
,,407,,,,,,,,,,
,,403,,,,,,,,,,
,,301,,,,,,,,,,
,,309,,,,,,,,,,
,,309,,,,,,,,,,
,,354,,,,,,,,,,
,,280,,,,,,,,,,
,,426,,,,,,,,,,
,,281,,,,,,,,,,
,,243,,,,,,,,,,
,,252,,,,,,,,,,
,,253,,,,,,,,,,
,,401,,,,,,,,,,
,,322,,,,,,,,,,
,,330,,,,,,,,,,
,,336,,,,,,,,,,
,,211,,,,,,,,,,
,,218,,,,,,,,,,
,,377,,,,,,,,,,
,,418,,,,,,,,,,
,,428,,,,,,,,,,
,,524,,,,,,,,,,
,,524,,,,,,,,,,
,,440,,,,,,,,,,
,,277,,,,,,,,,,
,,278,,,,,,,,,,
,,262,,,,,,,,,,
,,268,,,,,,,,,,
,,485,,,,,,,,,,
,,502,,,,,,,,,,
,,497,,,,,,,,,,
,,272,,,,,,,,,,
,,274,,,,,,,,,,
,,272,,,,,,,,,,
,,290,,,,,,,,,,
,,214,,,,,,,,,,
,,223,,,,,,,,,,
,,210,,,,,,,,,,
,,364,,,,,,,,,,
,,502,,,,,,,,,,
,,512,,,,,,,,,,
,,349,,,,,,,,,,
,,256,,,,,,,,,,
,,273,,,,,,,,,,
,,273,,,,,,,,,,
,,201,,,,,,,,,,
,,253,,,,,,,,,,
,,230,,,,,,,,,,
,,248,,,,,,,,,,
,,310,,,,,,,,,,
,,474,,,,,,,,,,
,,374,,,,,,,,,,
,,381,,,,,,,,,,
,,374,,,,,,,,,,
,,529,,,,,,,,,,
,,529,,,,,,,,,,
,,356,,,,,,,,,,
,,356,,,,,,,,,,
,,292,,,,,,,,,,
,,300,,,,,,,,,,
,,232,,,,,,,,,,
,,41,,,,,,,,,,
,,298,,,,,,,,,,
,,320,,,,,,,,,,
,,218,,,,,,,,,,
,,221,,,,,,,,,,
,,225,,,,,,,,,,
,,198,,,,,,,,,,
,,279,,,,,,,,,,
,,514,,,,,,,,,,
,,661,,,,,,,,,,
,,217,,,,,,,,,,
,,405,,,,,,,,,,
,,300,,,,,,,,,,
,,294,,,,,,,,,,
,,394,,,,,,,,,,
,,255,,,,,,,,,,
,,149,,,,,,,,,,
,,154,,,,,,,,,,
,,236,,,,,,,,,,
,,224,,,,,,,,,,
,,299,,,,,,,,,,
,,283,,,,,,,,,,
,,241,,,,,,,,,,
,,250,,,,,,,,,,
,,250,,,,,,,,,,
,,254,,,,,,,,,,
,,296,,,,,,,,,,
,,297,,,,,,,,,,
,,294,,,,,,,,,,
,,190,,,,,,,,,,
,,197,,,,,,,,,,
,,198,,,,,,,,,,
,,218,,,,,,,,,,
,,93,,,,,,,,,,
,,261,,,,,,,,,,
,,270,,,,,,,,,,
,,314,,,,,,,,,,
,,234,,,,,,,,,,
,,238,,,,,,,,,,
,,391,,,,,,,,,,
,,743,,,,,,,,,,
,,389,,,,,,,,,,
,,171,,,,,,,,,,
,,264,,,,,,,,,,
,,272,,,,,,,,,,
,,265,,,,,,,,,,
,,419,,,,,,,,,,
,,92,,,,,,,,,,
,,217,,,,,,,,,,
,,222,,,,,,,,,,
,,254,,,,,,,,,,
,,276,,,,,,,,,,
,,305,,,,,,,,,,
,,302,,,,,,,,,,
,,305,,,,,,,,,,
,,367,,,,,,,,,,
,,317,,,,,,,,,,
,,327,,,,,,,,,,
,,323,,,,,,,,,,
,,283,,,,,,,,,,
,,286,,,,,,,,,,
,,244,,,,,,,,,,
,,420,,,,,,,,,,
,,429,,,,,,,,,,
,,326,,,,,,,,,,
,,327,,,,,,,,,,
,,350,,,,,,,,,,
,,351,,,,,,,,,,
,,193,,,,,,,,,,
,,321,,,,,,,,,,
,,323,,,,,,,,,,
,,179,,,,,,,,,,
,,343,,,,,,,,,,
,,343,,,,,,,,,,
,,241,,,,,,,,,,
,,340,,,,,,,,,,
,,346,,,,,,,,,,
,,346,,,,,,,,,,
,,342,,,,,,,,,,
,,178,,,,,,,,,,
,,182,,,,,,,,,,
,,326,,,,,,,,,,
,,284,,,,,,,,,,
,,284,,,,,,,,,,
,,284,,,,,,,,,,
,,340,,,,,,,,,,
,,340,,,,,,,,,,
,,359,,,,,,,,,,
,,250,,,,,,,,,,
,,250,,,,,,,,,,
,,235,,,,,,,,,,
,,246,,,,,,,,,,
,,861,,,,,,,,,,
,,277,,,,,,,,,,
,,282,,,,,,,,,,
,,290,,,,,,,,,,
,,240,,,,,,,,,,
,,301,,,,,,,,,,
,,368,,,,,,,,,,
,,508,,,,,,,,,,
,,287,,,,,,,,,,
,,284,,,,,,,,,,
,,274,,,,,,,,,,
,,275,,,,,,,,,,
,,319,,,,,,,,,,
,,315,,,,,,,,,,
,,215,,,,,,,,,,
,,224,,,,,,,,,,
,,231,,,,,,,,,,
,,234,,,,,,,,,,
,,239,,,,,,,,,,
,,214,,,,,,,,,,
,,215,,,,,,,,,,
,,202,,,,,,,,,,
,,474,,,,,,,,,,
,,244,,,,,,,,,,
,,245,,,,,,,,,,
,,256,,,,,,,,,,
,,260,,,,,,,,,,
,,262,,,,,,,,,,
,,324,,,,,,,,,,
,,334,,,,,,,,,,
,,336,,,,,,,,,,
,,457,,,,,,,,,,
,,462,,,,,,,,,,
,,457,,,,,,,,,,
,,161,,,,,,,,,,
,,285,,,,,,,,,,
,,92,,,,,,,,,,
,,94,,,,,,,,,,
,,94,,,,,,,,,,
,,215,,,,,,,,,,
,,312,,,,,,,,,,
,,327,,,,,,,,,,
,,483,,,,,,,,,,
,,240,,,,,,,,,,
,,250,,,,,,,,,,
,,265,,,,,,,,,,
,,247,,,,,,,,,,
,,269,,,,,,,,,,
,,269,,,,,,,,,,
,,266,,,,,,,,,,
,,378,,,,,,,,,,
,,219,,,,,,,,,,
,,220,,,,,,,,,,
,,219,,,,,,,,,,
,,369,,,,,,,,,,
,,834,,,,,,,,,,
,,335,,,,,,,,,,
,,321,,,,,,,,,,
,,268,,,,,,,,,,
,,279,,,,,,,,,,
,,280,,,,,,,,,,
,,274,,,,,,,,,,
,,327,,,,,,,,,,
,,334,,,,,,,,,,
,,329,,,,,,,,,,
,,279,,,,,,,,,,
,,279,,,,,,,,,,
,,280,,,,,,,,,,
,,261,,,,,,,,,,
,,262,,,,,,,,,,
,,350,,,,,,,,,,
,,197,,,,,,,,,,
,,201,,,,,,,,,,
,,260,,,,,,,,,,
,,343,,,,,,,,,,
,,343,,,,,,,,,,
,,339,,,,,,,,,,
,,256,,,,,,,,,,
,,256,,,,,,,,,,
,,242,,,,,,,,,,
,,250,,,,,,,,,,
,,247,,,,,,,,,,
,,185,,,,,,,,,,
,,259,,,,,,,,,,
,,330,,,,,,,,,,
,,282,,,,,,,,,,
,,1749,,,,,,,,,,
,,1749,,,,,,,,,,
,,893,,,,,,,,,,
,,407,,,,,,,,,,
,,812,,,,,,,,,,
,,970,,,,,,,,,,
,,275,,,,,,,,,,
,,565,,,,,,,,,,
,,571,,,,,,,,,,
,,557,,,,,,,,,,
,,273,,,,,,,,,,
,,298,,,,,,,,,,
,,324,,,,,,,,,,
,,287,,,,,,,,,,
,,285,,,,,,,,,,
,,285,,,,,,,,,,
,,287,,,,,,,,,,
,,274,,,,,,,,,,
,,309,,,,,,,,,,
,,309,,,,,,,,,,
,,227,,,,,,,,,,
,,228,,,,,,,,,,
,,228,,,,,,,,,,
,,188,,,,,,,,,,
,,194,,,,,,,,,,
,,191,,,,,,,,,,
,,189,,,,,,,,,,
,,314,,,,,,,,,,
,,301,,,,,,,,,,
,,307,,,,,,,,,,
,,433,,,,,,,,,,
,,344,,,,,,,,,,
,,350,,,,,,,,,,
,,347,,,,,,,,,,
,,293,,,,,,,,,,
,,223,,,,,,,,,,
,,230,,,,,,,,,,
,,234,,,,,,,,,,
,,301,,,,,,,,,,
,,281,,,,,,,,,,
,,285,,,,,,,,,,
,,276,,,,,,,,,,
,,483,,,,,,,,,,
,,247,,,,,,,,,,
,,247,,,,,,,,,,
,,172,,,,,,,,,,
,,177,,,,,,,,,,
,,181,,,,,,,,,,
,,270,,,,,,,,,,
,,440,,,,,,,,,,
,,247,,,,,,,,,,
,,205,,,,,,,,,,
,,208,,,,,,,,,,
,,209,,,,,,,,,,
,,402,,,,,,,,,,
,,162,,,,,,,,,,
,,286,,,,,,,,,,
,,286,,,,,,,,,,
,,286,,,,,,,,,,
,,238,,,,,,,,,,
,,244,,,,,,,,,,
,,358,,,,,,,,,,
,,369,,,,,,,,,,
,,365,,,,,,,,,,
,,359,,,,,,,,,,
,,370,,,,,,,,,,
,,365,,,,,,,,,,
,,371,,,,,,,,,,
,,379,,,,,,,,,,
,,346,,,,,,,,,,
,,223,,,,,,,,,,
,,168,,,,,,,,,,
,,272,,,,,,,,,,
,,283,,,,,,,,,,
,,341,,,,,,,,,,
,,341,,,,,,,,,,
,,262,,,,,,,,,,
,,204,,,,,,,,,,
,,207,,,,,,,,,,
,,199,,,,,,,,,,
,,274,,,,,,,,,,
,,278,,,,,,,,,,
,,262,,,,,,,,,,
,,272,,,,,,,,,,
,,269,,,,,,,,,,
,,234,,,,,,,,,,
,,351,,,,,,,,,,
,,351,,,,,,,,,,
,,530,,,,,,,,,,
,,538,,,,,,,,,,
,,541,,,,,,,,,,
,,359,,,,,,,,,,
,,596,,,,,,,,,,
,,662,,,,,,,,,,
,,318,,,,,,,,,,
,,320,,,,,,,,,,
,,365,,,,,,,,,,
,,264,,,,,,,,,,
,,258,,,,,,,,,,
,,258,,,,,,,,,,
,,267,,,,,,,,,,
,,660,,,,,,,,,,
,,667,,,,,,,,,,
,,541,,,,,,,,,,
,,533,,,,,,,,,,
,,293,,,,,,,,,,
,,292,,,,,,,,,,
,,292,,,,,,,,,,
,,240,,,,,,,,,,
,,383,,,,,,,,,,
,,544,,,,,,,,,,
,,588,,,,,,,,,,
,,591,,,,,,,,,,
,,245,,,,,,,,,,
,,507,,,,,,,,,,
,,607,,,,,,,,,,
,,265,,,,,,,,,,
,,289,,,,,,,,,,
,,298,,,,,,,,,,
,,293,,,,,,,,,,
,,630,,,,,,,,,,
,,655,,,,,,,,,,
,,342,,,,,,,,,,
,,271,,,,,,,,,,
,,401,,,,,,,,,,
,,248,,,,,,,,,,
,,253,,,,,,,,,,
,,359,,,,,,,,,,
,,494,,,,,,,,,,
,,506,,,,,,,,,,
,,509,,,,,,,,,,
,,286,,,,,,,,,,
,,286,,,,,,,,,,
,,286,,,,,,,,,,
,,314,,,,,,,,,,
,,321,,,,,,,,,,
,,321,,,,,,,,,,
,,334,,,,,,,,,,
,,335,,,,,,,,,,
,,246,,,,,,,,,,
,,253,,,,,,,,,,
,,255,,,,,,,,,,
,,244,,,,,,,,,,
,,215,,,,,,,,,,
,,216,,,,,,,,,,
,,205,,,,,,,,,,
,,206,,,,,,,,,,
,,505,,,,,,,,,,
,,375,,,,,,,,,,
,,377,,,,,,,,,,
,,289,,,,,,,,,,
,,297,,,,,,,,,,
,,299,,,,,,,,,,
,,251,,,,,,,,,,
,,260,,,,,,,,,,
,,265,,,,,,,,,,
,,280,,,,,,,,,,
,,291,,,,,,,,,,
,,272,,,,,,,,,,
,,276,,,,,,,,,,
,,276,,,,,,,,,,
,,362,,,,,,,,,,
,,240,,,,,,,,,,
,,279,,,,,,,,,,
,,285,,,,,,,,,,
,,285,,,,,,,,,,
,,463,,,,,,,,,,
,,475,,,,,,,,,,
,,260,,,,,,,,,,
,,265,,,,,,,,,,
,,266,,,,,,,,,,
,,339,,,,,,,,,,
,,204,,,,,,,,,,
,,208,,,,,,,,,,
,,244,,,,,,,,,,
,,510,,,,,,,,,,
,,548,,,,,,,,,,
,,881,,,,,,,,,,
,,886,,,,,,,,,,
,,67,,,,,,,,,,
,,707,,,,,,,,,,
,,729,,,,,,,,,,
,,732,,,,,,,,,,
,,717,,,,,,,,,,
,,230,,,,,,,,,,
,,245,,,,,,,,,,
,,249,,,,,,,,,,
,,252,,,,,,,,,,
,,241,,,,,,,,,,
,,249,,,,,,,,,,
,,224,,,,,,,,,,
,,227,,,,,,,,,,
,,235,,,,,,,,,,
,,288,,,,,,,,,,
,,287,,,,,,,,,,
,,288,,,,,,,,,,
,,290,,,,,,,,,,
,,298,,,,,,,,,,
,,519,,,,,,,,,,
,,537,,,,,,,,,,
,,411,,,,,,,,,,
,,391,,,,,,,,,,
,,387,,,,,,,,,,
,,389,,,,,,,,,,
,,259,,,,,,,,,,
,,256,,,,,,,,,,
,,247,,,,,,,,,,
,,320,,,,,,,,,,
,,273,,,,,,,,,,
,,118,,,,,,,,,,
,,258,,,,,,,,,,
,,261,,,,,,,,,,
,,258,,,,,,,,,,
,,308,,,,,,,,,,
,,319,,,,,,,,,,
,,319,,,,,,,,,,
,,336,,,,,,,,,,
,,260,,,,,,,,,,
,,265,,,,,,,,,,
,,262,,,,,,,,,,
,,362,,,,,,,,,,
,,307,,,,,,,,,,
,,370,,,,,,,,,,
,,384,,,,,,,,,,
,,390,,,,,,,,,,
,,384,,,,,,,,,,
,,303,,,,,,,,,,
,,308,,,,,,,,,,
,,303,,,,,,,,,,
,,441,,,,,,,,,,
,,450,,,,,,,,,,
,,275,,,,,,,,,,
,,261,,,,,,,,,,
,,262,,,,,,,,,,
,,329,,,,,,,,,,
,,324,,,,,,,,,,
,,321,,,,,,,,,,
,,220,,,,,,,,,,
,,224,,,,,,,,,,
,,232,,,,,,,,,,
,,269,,,,,,,,,,
,,266,,,,,,,,,,
,,264,,,,,,,,,,
,,269,,,,,,,,,,
,,295,,,,,,,,,,
,,288,,,,,,,,,,
,,211,,,,,,,,,,
,,215,,,,,,,,,,
,,216,,,,,,,,,,
,,279,,,,,,,,,,
,,572,,,,,,,,,,
,,557,,,,,,,,,,
,,534,,,,,,,,,,
,,291,,,,,,,,,,
,,309,,,,,,,,,,
,,309,,,,,,,,,,
,,309,,,,,,,,,,
,,184,,,,,,,,,,
,,177,,,,,,,,,,
,,171,,,,,,,,,,
,,291,,,,,,,,,,
,,307,,,,,,,,,,
,,329,,,,,,,,,,
,,358,,,,,,,,,,
,,367,,,,,,,,,,
,,363,,,,,,,,,,
,,379,,,,,,,,,,
,,476,,,,,,,,,,
,,250,,,,,,,,,,
,,257,,,,,,,,,,
,,265,,,,,,,,,,
,,254,,,,,,,,,,
,,292,,,,,,,,,,
,,306,,,,,,,,,,
,,306,,,,,,,,,,
,,257,,,,,,,,,,
,,262,,,,,,,,,,
,,259,,,,,,,,,,
,,85,,,,,,,,,,
,,327,,,,,,,,,,
,,301,,,,,,,,,,
,,313,,,,,,,,,,
,,340,,,,,,,,,,
,,198,,,,,,,,,,
,,190,,,,,,,,,,
,,186,,,,,,,,,,
,,218,,,,,,,,,,
,,215,,,,,,,,,,
,,213,,,,,,,,,,
,,140,,,,,,,,,,
,,357,,,,,,,,,,
,,400,,,,,,,,,,
,,260,,,,,,,,,,
,,257,,,,,,,,,,
,,195,,,,,,,,,,
,,202,,,,,,,,,,
,,207,,,,,,,,,,
,,325,,,,,,,,,,
,,329,,,,,,,,,,
,,324,,,,,,,,,,
,,444,,,,,,,,,,
,,381,,,,,,,,,,
,,388,,,,,,,,,,
,,390,,,,,,,,,,
,,272,,,,,,,,,,
,,285,,,,,,,,,,
,,295,,,,,,,,,,
,,260,,,,,,,,,,
,,260,,,,,,,,,,
,,261,,,,,,,,,,
,,218,,,,,,,,,,
,,218,,,,,,,,,,
,,215,,,,,,,,,,
,,469,,,,,,,,,,
,,479,,,,,,,,,,
,,479,,,,,,,,,,
,,481,,,,,,,,,,
,,297,,,,,,,,,,
,,302,,,,,,,,,,
,,249,,,,,,,,,,
,,249,,,,,,,,,,
,,250,,,,,,,,,,
,,204,,,,,,,,,,
,,203,,,,,,,,,,
,,202,,,,,,,,,,
,,283,,,,,,,,,,
,,204,,,,,,,,,,
,,195,,,,,,,,,,
,,191,,,,,,,,,,
,,249,,,,,,,,,,
,,252,,,,,,,,,,
,,236,,,,,,,,,,
,,182,,,,,,,,,,
,,169,,,,,,,,,,
,,169,,,,,,,,,,
,,167,,,,,,,,,,
,,216,,,,,,,,,,
,,236,,,,,,,,,,
,,236,,,,,,,,,,
,,236,,,,,,,,,,
,,267,,,,,,,,,,
,,271,,,,,,,,,,
,,276,,,,,,,,,,
,,321,,,,,,,,,,
,,229,,,,,,,,,,
,,235,,,,,,,,,,
,,233,,,,,,,,,,
,,247,,,,,,,,,,
,,257,,,,,,,,,,
,,252,,,,,,,,,,
,,231,,,,,,,,,,
,,174,,,,,,,,,,
,,180,,,,,,,,,,
,,181,,,,,,,,,,
,,337,,,,,,,,,,
,,344,,,,,,,,,,
,,237,,,,,,,,,,
,,225,,,,,,,,,,
,,223,,,,,,,,,,
,,253,,,,,,,,,,
,,231,,,,,,,,,,
,,223,,,,,,,,,,
,,216,,,,,,,,,,
,,326,,,,,,,,,,
,,334,,,,,,,,,,
,,341,,,,,,,,,,
,,346,,,,,,,,,,
,,341,,,,,,,,,,
,,177,,,,,,,,,,
,,122,,,,,,,,,,
,,401,,,,,,,,,,
,,429,,,,,,,,,,
,,272,,,,,,,,,,
,,280,,,,,,,,,,
,,280,,,,,,,,,,
,,256,,,,,,,,,,
,,253,,,,,,,,,,
,,253,,,,,,,,,,
,,198,,,,,,,,,,
,,341,,,,,,,,,,
,,346,,,,,,,,,,
,,339,,,,,,,,,,
,,192,,,,,,,,,,
,,196,,,,,,,,,,
,,233,,,,,,,,,,
,,235,,,,,,,,,,
,,222,,,,,,,,,,
,,278,,,,,,,,,,
,,279,,,,,,,,,,
,,280,,,,,,,,,,
,,591,,,,,,,,,,
,,307,,,,,,,,,,
,,357,,,,,,,,,,
,,326,,,,,,,,,,
,,54,,,,,,,,,,
,,430,,,,,,,,,,
,,430,,,,,,,,,,
,,276,,,,,,,,,,
,,285,,,,,,,,,,
,,286,,,,,,,,,,
,,218,,,,,,,,,,
,,185,,,,,,,,,,
,,189,,,,,,,,,,
,,188,,,,,,,,,,
,,186,,,,,,,,,,
,,185,,,,,,,,,,
,,186,,,,,,,,,,
,,199,,,,,,,,,,
,,205,,,,,,,,,,
,,199,,,,,,,,,,
,,193,,,,,,,,,,
,,208,,,,,,,,,,
,,212,,,,,,,,,,
,,230,,,,,,,,,,
,,182,,,,,,,,,,
,,188,,,,,,,,,,
,,195,,,,,,,,,,
,,185,,,,,,,,,,
,,178,,,,,,,,,,
,,244,,,,,,,,,,
,,263,,,,,,,,,,
,,190,,,,,,,,,,
,,191,,,,,,,,,,
,,192,,,,,,,,,,
,,216,,,,,,,,,,
,,212,,,,,,,,,,
,,289,,,,,,,,,,
,,299,,,,,,,,,,
,,310,,,,,,,,,,
,,396,,,,,,,,,,
,,177,,,,,,,,,,
,,223,,,,,,,,,,
,,222,,,,,,,,,,
,,317,,,,,,,,,,
,,301,,,,,,,,,,
,,298,,,,,,,,,,
,,335,,,,,,,,,,
,,338,,,,,,,,,,
,,333,,,,,,,,,,
,,236,,,,,,,,,,
,,236,,,,,,,,,,
,,234,,,,,,,,,,
,,240,,,,,,,,,,
,,229,,,,,,,,,,
,,223,,,,,,,,,,
,,199,,,,,,,,,,
,,200,,,,,,,,,,
,,241,,,,,,,,,,
,,246,,,,,,,,,,
,,343,,,,,,,,,,
,,352,,,,,,,,,,
,,335,,,,,,,,,,
,,245,,,,,,,,,,
,,252,,,,,,,,,,
,,253,,,,,,,,,,
,,237,,,,,,,,,,
,,245,,,,,,,,,,
,,377,,,,,,,,,,
,,354,,,,,,,,,,
,,347,,,,,,,,,,
,,239,,,,,,,,,,
,,227,,,,,,,,,,
,,224,,,,,,,,,,
,,479,,,,,,,,,,
,,342,,,,,,,,,,
,,457,,,,,,,,,,
,,226,,,,,,,,,,
,,233,,,,,,,,,,
,,241,,,,,,,,,,
,,214,,,,,,,,,,
,,258,,,,,,,,,,
,,295,,,,,,,,,,
,,302,,,,,,,,,,
,,304,,,,,,,,,,
,,563,,,,,,,,,,
,,269,,,,,,,,,,
,,269,,,,,,,,,,
,,421,,,,,,,,,,
,,429,,,,,,,,,,
,,472,,,,,,,,,,
,,303,,,,,,,,,,
,,306,,,,,,,,,,
,,303,,,,,,,,,,
,,277,,,,,,,,,,
,,283,,,,,,,,,,
,,259,,,,,,,,,,
,,259,,,,,,,,,,
,,242,,,,,,,,,,
,,263,,,,,,,,,,
,,271,,,,,,,,,,
,,295,,,,,,,,,,
,,227,,,,,,,,,,
,,218,,,,,,,,,,
,,217,,,,,,,,,,
,,212,,,,,,,,,,
,,341,,,,,,,,,,
,,345,,,,,,,,,,
,,269,,,,,,,,,,
,,269,,,,,,,,,,
,,269,,,,,,,,,,
,,214,,,,,,,,,,
,,220,,,,,,,,,,
,,217,,,,,,,,,,
,,366,,,,,,,,,,
,,324,,,,,,,,,,
,,323,,,,,,,,,,
,,265,,,,,,,,,,
,,310,,,,,,,,,,
,,373,,,,,,,,,,
,,313,,,,,,,,,,
,,260,,,,,,,,,,
,,260,,,,,,,,,,
,,264,,,,,,,,,,
,,193,,,,,,,,,,
,,257,,,,,,,,,,
,,285,,,,,,,,,,
,,270,,,,,,,,,,
,,237,,,,,,,,,,
,,243,,,,,,,,,,
,,240,,,,,,,,,,
,,262,,,,,,,,,,
,,204,,,,,,,,,,
,,64,,,,,,,,,,
,,70,,,,,,,,,,
,,73,,,,,,,,,,
,,291,,,,,,,,,,
,,314,,,,,,,,,,
,,267,,,,,,,,,,
,,253,,,,,,,,,,
,,251,,,,,,,,,,
,,258,,,,,,,,,,
,,270,,,,,,,,,,
,,157,,,,,,,,,,
,,172,,,,,,,,,,
,,178,,,,,,,,,,
,,264,,,,,,,,,,
,,260,,,,,,,,,,
,,262,,,,,,,,,,
,,354,,,,,,,,,,
,,282,,,,,,,,,,
,,214,,,,,,,,,,
,,235,,,,,,,,,,
,,228,,,,,,,,,,
,,234,,,,,,,,,,
,,241,,,,,,,,,,
,,217,,,,,,,,,,
,,236,,,,,,,,,,
,,446,,,,,,,,,,
,,462,,,,,,,,,,
,,227,,,,,,,,,,
,,227,,,,,,,,,,
,,224,,,,,,,,,,
,,242,,,,,,,,,,
,,221,,,,,,,,,,
,,215,,,,,,,,,,
,,200,,,,,,,,,,
,,207,,,,,,,,,,
,,504,,,,,,,,,,
,,501,,,,,,,,,,
,,511,,,,,,,,,,
,,396,,,,,,,,,,
,,369,,,,,,,,,,
,,363,,,,,,,,,,
,,315,,,,,,,,,,
,,291,,,,,,,,,,
,,288,,,,,,,,,,
,,279,,,,,,,,,,
,,286,,,,,,,,,,
,,287,,,,,,,,,,
,,465,,,,,,,,,,
,,319,,,,,,,,,,
,,320,,,,,,,,,,
,,317,,,,,,,,,,
,,260,,,,,,,,,,
,,265,,,,,,,,,,
,,263,,,,,,,,,,
,,231,,,,,,,,,,
,,253,,,,,,,,,,
,,226,,,,,,,,,,
,,248,,,,,,,,,,
,,236,,,,,,,,,,
,,241,,,,,,,,,,
,,249,,,,,,,,,,
,,249,,,,,,,,,,
,,250,,,,,,,,,,
,,239,,,,,,,,,,
,,245,,,,,,,,,,
,,252,,,,,,,,,,
,,248,,,,,,,,,,
,,275,,,,,,,,,,
,,267,,,,,,,,,,
,,327,,,,,,,,,,
,,310,,,,,,,,,,
,,307,,,,,,,,,,
,,273,,,,,,,,,,
,,276,,,,,,,,,,
,,273,,,,,,,,,,
,,505,,,,,,,,,,
,,424,,,,,,,,,,
,,463,,,,,,,,,,
,,304,,,,,,,,,,
,,309,,,,,,,,,,
,,311,,,,,,,,,,
,,154,,,,,,,,,,
,,299,,,,,,,,,,
,,306,,,,,,,,,,
,,307,,,,,,,,,,
,,307,,,,,,,,,,
,,307,,,,,,,,,,
,,399,,,,,,,,,,
,,278,,,,,,,,,,
,,285,,,,,,,,,,
,,286,,,,,,,,,,
,,437,,,,,,,,,,
,,242,,,,,,,,,,
,,238,,,,,,,,,,
,,317,,,,,,,,,,
,,195,,,,,,,,,,
,,199,,,,,,,,,,
,,259,,,,,,,,,,
,,259,,,,,,,,,,
,,260,,,,,,,,,,
,,243,,,,,,,,,,
,,250,,,,,,,,,,
,,251,,,,,,,,,,
,,240,,,,,,,,,,
,,243,,,,,,,,,,
,,246,,,,,,,,,,
,,248,,,,,,,,,,
,,235,,,,,,,,,,
,,259,,,,,,,,,,
,,268,,,,,,,,,,
,,265,,,,,,,,,,
,,272,,,,,,,,,,
,,273,,,,,,,,,,
,,183,,,,,,,,,,
,,177,,,,,,,,,,
,,172,,,,,,,,,,
,,504,,,,,,,,,,
,,505,,,,,,,,,,
,,533,,,,,,,,,,
,,269,,,,,,,,,,
,,290,,,,,,,,,,
,,275,,,,,,,,,,
,,288,,,,,,,,,,
,,267,,,,,,,,,,
,,287,,,,,,,,,,
,,297,,,,,,,,,,
,,208,,,,,,,,,,
,,208,,,,,,,,,,
,,207,,,,,,,,,,
,,210,,,,,,,,,,
,,208,,,,,,,,,,
,,212,,,,,,,,,,
,,236,,,,,,,,,,
,,239,,,,,,,,,,
,,317,,,,,,,,,,
,,320,,,,,,,,,,
,,341,,,,,,,,,,
,,328,,,,,,,,,,
,,323,,,,,,,,,,
,,397,,,,,,,,,,
,,409,,,,,,,,,,
,,403,,,,,,,,,,
,,253,,,,,,,,,,
,,256,,,,,,,,,,
,,279,,,,,,,,,,
,,279,,,,,,,,,,
,,279,,,,,,,,,,
,,368,,,,,,,,,,
,,359,,,,,,,,,,
,,338,,,,,,,,,,
,,211,,,,,,,,,,
,,208,,,,,,,,,,
,,176,,,,,,,,,,
,,243,,,,,,,,,,
,,243,,,,,,,,,,
,,245,,,,,,,,,,
,,46,,,,,,,,,,
,,225,,,,,,,,,,
,,221,,,,,,,,,,
,,219,,,,,,,,,,
,,252,,,,,,,,,,
,,247,,,,,,,,,,
,,442,,,,,,,,,,
,,247,,,,,,,,,,
,,243,,,,,,,,,,
,,272,,,,,,,,,,
,,273,,,,,,,,,,
,,270,,,,,,,,,,
,,206,,,,,,,,,,
,,202,,,,,,,,,,
,,197,,,,,,,,,,
,,295,,,,,,,,,,
,,242,,,,,,,,,,
,,248,,,,,,,,,,
,,334,,,,,,,,,,
,,303,,,,,,,,,,
,,303,,,,,,,,,,
,,308,,,,,,,,,,
,,634,,,,,,,,,,
,,634,,,,,,,,,,
,,637,,,,,,,,,,
,,225,,,,,,,,,,
,,239,,,,,,,,,,
,,240,,,,,,,,,,
,,243,,,,,,,,,,
,,301,,,,,,,,,,
,,301,,,,,,,,,,
,,300,,,,,,,,,,
,,540,,,,,,,,,,
,,530,,,,,,,,,,
,,533,,,,,,,,,,
,,300,,,,,,,,,,
,,288,,,,,,,,,,
,,208,,,,,,,,,,
,,205,,,,,,,,,,
,,57,,,,,,,,,,
,,59,,,,,,,,,,
,,61,,,,,,,,,,
,,241,,,,,,,,,,
,,255,,,,,,,,,,
,,261,,,,,,,,,,
,,262,,,,,,,,,,
,,304,,,,,,,,,,
,,292,,,,,,,,,,
,,272,,,,,,,,,,
,,416,,,,,,,,,,
,,416,,,,,,,,,,
,,418,,,,,,,,,,
,,518,,,,,,,,,,
,,529,,,,,,,,,,
,,531,,,,,,,,,,
,,542,,,,,,,,,,
,,561,,,,,,,,,,
,,561,,,,,,,,,,
,,251,,,,,,,,,,
,,251,,,,,,,,,,
,,255,,,,,,,,,,
,,297,,,,,,,,,,
,,301,,,,,,,,,,
,,298,,,,,,,,,,
,,263,,,,,,,,,,
,,263,,,,,,,,,,
,,301,,,,,,,,,,
,,307,,,,,,,,,,
,,303,,,,,,,,,,
,,300,,,,,,,,,,
,,257,,,,,,,,,,
,,257,,,,,,,,,,
,,266,,,,,,,,,,
,,275,,,,,,,,,,
,,276,,,,,,,,,,
,,79,,,,,,,,,,
,,229,,,,,,,,,,
,,229,,,,,,,,,,
,,227,,,,,,,,,,
,,151,,,,,,,,,,
,,830,,,,,,,,,,
,,170,,,,,,,,,,
,,283,,,,,,,,,,
,,245,,,,,,,,,,
,,222,,,,,,,,,,
,,243,,,,,,,,,,
,,253,,,,,,,,,,
,,261,,,,,,,,,,
,,257,,,,,,,,,,
,,697,,,,,,,,,,
,,683,,,,,,,,,,
,,658,,,,,,,,,,
,,286,,,,,,,,,,
,,413,,,,,,,,,,
,,420,,,,,,,,,,
,,353,,,,,,,,,,
,,278,,,,,,,,,,
,,286,,,,,,,,,,
,,162,,,,,,,,,,
,,225,,,,,,,,,,
,,218,,,,,,,,,,
,,218,,,,,,,,,,
,,219,,,,,,,,,,
,,223,,,,,,,,,,
,,218,,,,,,,,,,
,,216,,,,,,,,,,
,,418,,,,,,,,,,
,,428,,,,,,,,,,
,,356,,,,,,,,,,
,,390,,,,,,,,,,
,,392,,,,,,,,,,
,,301,,,,,,,,,,
,,301,,,,,,,,,,
,,638,,,,,,,,,,
,,602,,,,,,,,,,
,,526,,,,,,,,,,
,,555,,,,,,,,,,
,,262,,,,,,,,,,
,,269,,,,,,,,,,
,,262,,,,,,,,,,
,,278,,,,,,,,,,
,,279,,,,,,,,,,
,,279,,,,,,,,,,
,,204,,,,,,,,,,
,,199,,,,,,,,,,
,,884,,,,,,,,,,
,,409,,,,,,,,,,
,,278,,,,,,,,,,
,,340,,,,,,,,,,
,,366,,,,,,,,,,
,,470,,,,,,,,,,
,,299,,,,,,,,,,
,,308,,,,,,,,,,
,,193,,,,,,,,,,
,,199,,,,,,,,,,
,,199,,,,,,,,,,
,,232,,,,,,,,,,
,,239,,,,,,,,,,
,,236,,,,,,,,,,
,,312,,,,,,,,,,
,,319,,,,,,,,,,
,,314,,,,,,,,,,
,,695,,,,,,,,,,
,,740,,,,,,,,,,
,,744,,,,,,,,,,
,,285,,,,,,,,,,
,,286,,,,,,,,,,
,,286,,,,,,,,,,
,,260,,,,,,,,,,
,,269,,,,,,,,,,
,,271,,,,,,,,,,
,,405,,,,,,,,,,
,,405,,,,,,,,,,
,,287,,,,,,,,,,
,,293,,,,,,,,,,
,,290,,,,,,,,,,
,,251,,,,,,,,,,
,,253,,,,,,,,,,
,,69,,,,,,,,,,
,,180,,,,,,,,,,
,,261,,,,,,,,,,
,,269,,,,,,,,,,
,,266,,,,,,,,,,
,,247,,,,,,,,,,
,,270,,,,,,,,,,
,,267,,,,,,,,,,
,,273,,,,,,,,,,
,,273,,,,,,,,,,
,,274,,,,,,,,,,
,,360,,,,,,,,,,
,,286,,,,,,,,,,
,,275,,,,,,,,,,
,,281,,,,,,,,,,
,,281,,,,,,,,,,
,,300,,,,,,,,,,
,,309,,,,,,,,,,
,,304,,,,,,,,,,
,,170,,,,,,,,,,
,,258,,,,,,,,,,
,,230,,,,,,,,,,
,,237,,,,,,,,,,
,,233,,,,,,,,,,
,,242,,,,,,,,,,
,,264,,,,,,,,,,
,,246,,,,,,,,,,
,,247,,,,,,,,,,
,,248,,,,,,,,,,
,,190,,,,,,,,,,
,,194,,,,,,,,,,
,,392,,,,,,,,,,
,,230,,,,,,,,,,
,,252,,,,,,,,,,
,,261,,,,,,,,,,
,,324,,,,,,,,,,
,,334,,,,,,,,,,
,,335,,,,,,,,,,
,,372,,,,,,,,,,
,,161,,,,,,,,,,
,,329,,,,,,,,,,
,,324,,,,,,,,,,
,,266,,,,,,,,,,
,,276,,,,,,,,,,
,,273,,,,,,,,,,
,,246,,,,,,,,,,
,,310,,,,,,,,,,
,,309,,,,,,,,,,
,,312,,,,,,,,,,
,,318,,,,,,,,,,
,,329,,,,,,,,,,
,,286,,,,,,,,,,
,,292,,,,,,,,,,
,,272,,,,,,,,,,
,,296,,,,,,,,,,
,,303,,,,,,,,,,
,,297,,,,,,,,,,
,,355,,,,,,,,,,
,,332,,,,,,,,,,
,,328,,,,,,,,,,
,,251,,,,,,,,,,
,,260,,,,,,,,,,
,,269,,,,,,,,,,
,,650,,,,,,,,,,
,,275,,,,,,,,,,
,,342,,,,,,,,,,
,,235,,,,,,,,,,
,,228,,,,,,,,,,
,,228,,,,,,,,,,
,,227,,,,,,,,,,
,,238,,,,,,,,,,
,,222,,,,,,,,,,
,,242,,,,,,,,,,
,,250,,,,,,,,,,
,,355,,,,,,,,,,
,,356,,,,,,,,,,
,,351,,,,,,,,,,
,,257,,,,,,,,,,
,,263,,,,,,,,,,
,,305,,,,,,,,,,
,,308,,,,,,,,,,
,,299,,,,,,,,,,
,,267,,,,,,,,,,
,,274,,,,,,,,,,
,,275,,,,,,,,,,
,,301,,,,,,,,,,
,,307,,,,,,,,,,
,,264,,,,,,,,,,
,,406,,,,,,,,,,
,,611,,,,,,,,,,
,,185,,,,,,,,,,
,,185,,,,,,,,,,
,,200,,,,,,,,,,
,,191,,,,,,,,,,
,,552,,,,,,,,,,
,,571,,,,,,,,,,
,,299,,,,,,,,,,
,,299,,,,,,,,,,
,,270,,,,,,,,,,
,,241,,,,,,,,,,
,,245,,,,,,,,,,
,,334,,,,,,,,,,
,,292,,,,,,,,,,
,,440,,,,,,,,,,
,,449,,,,,,,,,,
,,451,,,,,,,,,,
,,592,,,,,,,,,,
,,592,,,,,,,,,,
,,595,,,,,,,,,,
,,158,,,,,,,,,,
,,158,,,,,,,,,,
,,149,,,,,,,,,,
,,203,,,,,,,,,,
,,199,,,,,,,,,,
,,193,,,,,,,,,,
,,484,,,,,,,,,,
,,535,,,,,,,,,,
,,314,,,,,,,,,,
,,321,,,,,,,,,,
,,318,,,,,,,,,,
,,234,,,,,,,,,,
,,235,,,,,,,,,,
,,265,,,,,,,,,,
,,213,,,,,,,,,,
,,156,,,,,,,,,,
,,217,,,,,,,,,,
,,302,,,,,,,,,,
,,451,,,,,,,,,,
,,256,,,,,,,,,,
,,294,,,,,,,,,,
,,299,,,,,,,,,,
,,270,,,,,,,,,,
,,279,,,,,,,,,,
,,279,,,,,,,,,,
,,256,,,,,,,,,,
,,274,,,,,,,,,,
,,273,,,,,,,,,,
,,354,,,,,,,,,,
,,292,,,,,,,,,,
,,292,,,,,,,,,,
,,227,,,,,,,,,,
,,230,,,,,,,,,,
,,239,,,,,,,,,,
,,382,,,,,,,,,,
,,393,,,,,,,,,,
,,393,,,,,,,,,,
,,217,,,,,,,,,,
,,250,,,,,,,,,,
,,449,,,,,,,,,,
,,913,,,,,,,,,,
,,240,,,,,,,,,,
,,240,,,,,,,,,,
,,238,,,,,,,,,,
,,485,,,,,,,,,,
,,524,,,,,,,,,,
,,427,,,,,,,,,,
,,442,,,,,,,,,,
,,235,,,,,,,,,,
,,1027,,,,,,,,,,
,,1079,,,,,,,,,,
,,1117,,,,,,,,,,
,,352,,,,,,,,,,
,,359,,,,,,,,,,
,,355,,,,,,,,,,
,,238,,,,,,,,,,
,,243,,,,,,,,,,
,,281,,,,,,,,,,
,,222,,,,,,,,,,
,,284,,,,,,,,,,
,,290,,,,,,,,,,
,,291,,,,,,,,,,
,,342,,,,,,,,,,
,,255,,,,,,,,,,
,,257,,,,,,,,,,
,,285,,,,,,,,,,
,,290,,,,,,,,,,
,,290,,,,,,,,,,
,,256,,,,,,,,,,
,,258,,,,,,,,,,
,,215,,,,,,,,,,
,,221,,,,,,,,,,
,,221,,,,,,,,,,
,,222,,,,,,,,,,
,,219,,,,,,,,,,
,,216,,,,,,,,,,
,,183,,,,,,,,,,
,,184,,,,,,,,,,
,,189,,,,,,,,,,
,,258,,,,,,,,,,
,,220,,,,,,,,,,
,,204,,,,,,,,,,
,,493,,,,,,,,,,
,,544,,,,,,,,,,
,,468,,,,,,,,,,
,,136,,,,,,,,,,
,,278,,,,,,,,,,
,,288,,,,,,,,,,
,,289,,,,,,,,,,
,,218,,,,,,,,,,
,,224,,,,,,,,,,
,,225,,,,,,,,,,
,,243,,,,,,,,,,
,,266,,,,,,,,,,
,,276,,,,,,,,,,
,,775,,,,,,,,,,
,,764,,,,,,,,,,
,,275,,,,,,,,,,
,,276,,,,,,,,,,
,,273,,,,,,,,,,
,,272,,,,,,,,,,
,,270,,,,,,,,,,
,,271,,,,,,,,,,
,,271,,,,,,,,,,
,,387,,,,,,,,,,
,,417,,,,,,,,,,
,,344,,,,,,,,,,
,,327,,,,,,,,,,
,,323,,,,,,,,,,
,,282,,,,,,,,,,
,,283,,,,,,,,,,
,,278,,,,,,,,,,
,,553,,,,,,,,,,
,,526,,,,,,,,,,
,,485,,,,,,,,,,
,,519,,,,,,,,,,
,,515,,,,,,,,,,
,,517,,,,,,,,,,
,,219,,,,,,,,,,
,,217,,,,,,,,,,
,,212,,,,,,,,,,
,,208,,,,,,,,,,
,,206,,,,,,,,,,
,,201,,,,,,,,,,
,,228,,,,,,,,,,
,,185,,,,,,,,,,
,,224,,,,,,,,,,
,,231,,,,,,,,,,
,,228,,,,,,,,,,
,,697,,,,,,,,,,
,,700,,,,,,,,,,
,,487,,,,,,,,,,
,,500,,,,,,,,,,
,,285,,,,,,,,,,
,,762,,,,,,,,,,
,,221,,,,,,,,,,
,,242,,,,,,,,,,
,,250,,,,,,,,,,
,,273,,,,,,,,,,
,,276,,,,,,,,,,
,,388,,,,,,,,,,
,,274,,,,,,,,,,
,,239,,,,,,,,,,
,,286,,,,,,,,,,
,,294,,,,,,,,,,
,,295,,,,,,,,,,
,,246,,,,,,,,,,
,,256,,,,,,,,,,
,,256,,,,,,,,,,
,,422,,,,,,,,,,
,,690,,,,,,,,,,
,,752,,,,,,,,,,
,,289,,,,,,,,,,
,,279,,,,,,,,,,
,,279,,,,,,,,,,
,,277,,,,,,,,,,
,,223,,,,,,,,,,
,,137,,,,,,,,,,
,,215,,,,,,,,,,
,,217,,,,,,,,,,
,,154,,,,,,,,,,
,,168,,,,,,,,,,
,,223,,,,,,,,,,
,,224,,,,,,,,,,
,,272,,,,,,,,,,
,,266,,,,,,,,,,
,,283,,,,,,,,,,
,,283,,,,,,,,,,
,,281,,,,,,,,,,
,,266,,,,,,,,,,
,,274,,,,,,,,,,
,,335,,,,,,,,,,
,,243,,,,,,,,,,
,,251,,,,,,,,,,
,,257,,,,,,,,,,
,,260,,,,,,,,,,
,,269,,,,,,,,,,
,,286,,,,,,,,,,
,,190,,,,,,,,,,
,,244,,,,,,,,,,
,,249,,,,,,,,,,
,,250,,,,,,,,,,
,,232,,,,,,,,,,
,,292,,,,,,,,,,
,,309,,,,,,,,,,
,,332,,,,,,,,,,
,,236,,,,,,,,,,
,,254,,,,,,,,,,
,,262,,,,,,,,,,
,,205,,,,,,,,,,
,,225,,,,,,,,,,
,,233,,,,,,,,,,
,,703,,,,,,,,,,
,,684,,,,,,,,,,
,,207,,,,,,,,,,
,,213,,,,,,,,,,
,,214,,,,,,,,,,
,,192,,,,,,,,,,
,,558,,,,,,,,,,
,,240,,,,,,,,,,
,,424,,,,,,,,,,
,,568,,,,,,,,,,
,,648,,,,,,,,,,
,,409,,,,,,,,,,
,,423,,,,,,,,,,
,,423,,,,,,,,,,
,,275,,,,,,,,,,
,,273,,,,,,,,,,
,,469,,,,,,,,,,
,,445,,,,,,,,,,
,,407,,,,,,,,,,
,,882,,,,,,,,,,
,,939,,,,,,,,,,
,,219,,,,,,,,,,
,,219,,,,,,,,,,
,,229,,,,,,,,,,
,,558,,,,,,,,,,
,,560,,,,,,,,,,
,,549,,,,,,,,,,
,,262,,,,,,,,,,
,,557,,,,,,,,,,
,,563,,,,,,,,,,
,,557,,,,,,,,,,
,,769,,,,,,,,,,
,,776,,,,,,,,,,
,,757,,,,,,,,,,
,,368,,,,,,,,,,
,,317,,,,,,,,,,
,,322,,,,,,,,,,
,,322,,,,,,,,,,
,,126,,,,,,,,,,
,,255,,,,,,,,,,
,,242,,,,,,,,,,
,,248,,,,,,,,,,
,,245,,,,,,,,,,
,,600,,,,,,,,,,
,,618,,,,,,,,,,
,,218,,,,,,,,,,
,,423,,,,,,,,,,
,,406,,,,,,,,,,
,,363,,,,,,,,,,
,,358,,,,,,,,,,
,,296,,,,,,,,,,
,,490,,,,,,,,,,
,,507,,,,,,,,,,
,,507,,,,,,,,,,
,,218,,,,,,,,,,
,,514,,,,,,,,,,
,,528,,,,,,,,,,
,,449,,,,,,,,,,
,,452,,,,,,,,,,
,,437,,,,,,,,,,
,,258,,,,,,,,,,
,,264,,,,,,,,,,
,,261,,,,,,,,,,
,,327,,,,,,,,,,
,,339,,,,,,,,,,
,,337,,,,,,,,,,
,,243,,,,,,,,,,
,,232,,,,,,,,,,
,,223,,,,,,,,,,
,,231,,,,,,,,,,
,,238,,,,,,,,,,
,,239,,,,,,,,,,
,,410,,,,,,,,,,
,,473,,,,,,,,,,
,,475,,,,,,,,,,
,,392,,,,,,,,,,
,,233,,,,,,,,,,
,,169,,,,,,,,,,
,,223,,,,,,,,,,
,,221,,,,,,,,,,
,,190,,,,,,,,,,
,,197,,,,,,,,,,
,,203,,,,,,,,,,
,,177,,,,,,,,,,
,,246,,,,,,,,,,
,,233,,,,,,,,,,
,,368,,,,,,,,,,
,,363,,,,,,,,,,
,,356,,,,,,,,,,
,,286,,,,,,,,,,
,,248,,,,,,,,,,
,,246,,,,,,,,,,
,,235,,,,,,,,,,
,,515,,,,,,,,,,
,,554,,,,,,,,,,
,,304,,,,,,,,,,
,,265,,,,,,,,,,
,,270,,,,,,,,,,
,,285,,,,,,,,,,
,,361,,,,,,,,,,
,,269,,,,,,,,,,
,,274,,,,,,,,,,
,,274,,,,,,,,,,
,,307,,,,,,,,,,
,,211,,,,,,,,,,
,,227,,,,,,,,,,
,,235,,,,,,,,,,
,,439,,,,,,,,,,
,,362,,,,,,,,,,
,,335,,,,,,,,,,
,,306,,,,,,,,,,
,,308,,,,,,,,,,
,,305,,,,,,,,,,
,,325,,,,,,,,,,
,,327,,,,,,,,,,
,,395,,,,,,,,,,
,,205,,,,,,,,,,
,,205,,,,,,,,,,
,,202,,,,,,,,,,
,,223,,,,,,,,,,
,,231,,,,,,,,,,
,,303,,,,,,,,,,
,,223,,,,,,,,,,
,,340,,,,,,,,,,
,,158,,,,,,,,,,
,,151,,,,,,,,,,
,,152,,,,,,,,,,
,,214,,,,,,,,,,
,,181,,,,,,,,,,
,,167,,,,,,,,,,
,,310,,,,,,,,,,
,,310,,,,,,,,,,
,,307,,,,,,,,,,
,,167,,,,,,,,,,
,,256,,,,,,,,,,
,,508,,,,,,,,,,
,,508,,,,,,,,,,
,,510,,,,,,,,,,
,,255,,,,,,,,,,
,,283,,,,,,,,,,
,,291,,,,,,,,,,
,,242,,,,,,,,,,
,,222,,,,,,,,,,
,,231,,,,,,,,,,
,,227,,,,,,,,,,
,,225,,,,,,,,,,
,,229,,,,,,,,,,
,,237,,,,,,,,,,
,,234,,,,,,,,,,
,,368,,,,,,,,,,
,,362,,,,,,,,,,
,,242,,,,,,,,,,
,,263,,,,,,,,,,
,,255,,,,,,,,,,
,,247,,,,,,,,,,
,,305,,,,,,,,,,
,,302,,,,,,,,,,
,,774,,,,,,,,,,
,,487,,,,,,,,,,
,,485,,,,,,,,,,
,,294,,,,,,,,,,
,,163,,,,,,,,,,
,,169,,,,,,,,,,
,,169,,,,,,,,,,
,,637,,,,,,,,,,
,,656,,,,,,,,,,
,,1076,,,,,,,,,,
,,194,,,,,,,,,,
,,357,,,,,,,,,,
,,366,,,,,,,,,,
,,366,,,,,,,,,,
,,280,,,,,,,,,,
,,283,,,,,,,,,,
,,284,,,,,,,,,,
,,156,,,,,,,,,,
,,224,,,,,,,,,,
,,308,,,,,,,,,,
,,320,,,,,,,,,,
,,366,,,,,,,,,,
,,372,,,,,,,,,,
,,366,,,,,,,,,,
,,229,,,,,,,,,,
,,236,,,,,,,,,,
,,236,,,,,,,,,,
,,76,,,,,,,,,,
,,76,,,,,,,,,,
,,76,,,,,,,,,,
,,269,,,,,,,,,,
,,256,,,,,,,,,,
,,257,,,,,,,,,,
,,254,,,,,,,,,,
,,254,,,,,,,,,,
,,258,,,,,,,,,,
,,193,,,,,,,,,,
,,218,,,,,,,,,,
,,225,,,,,,,,,,
,,258,,,,,,,,,,
,,533,,,,,,,,,,
,,583,,,,,,,,,,
,,307,,,,,,,,,,
,,254,,,,,,,,,,
,,254,,,,,,,,,,
,,235,,,,,,,,,,
,,356,,,,,,,,,,
,,292,,,,,,,,,,
,,413,,,,,,,,,,
,,452,,,,,,,,,,
,,468,,,,,,,,,,
,,250,,,,,,,,,,
,,258,,,,,,,,,,
,,258,,,,,,,,,,
,,366,,,,,,,,,,
,,321,,,,,,,,,,
,,364,,,,,,,,,,
,,375,,,,,,,,,,
,,241,,,,,,,,,,
,,241,,,,,,,,,,
,,240,,,,,,,,,,
,,233,,,,,,,,,,
,,320,,,,,,,,,,
,,308,,,,,,,,,,
,,308,,,,,,,,,,
,,221,,,,,,,,,,
,,243,,,,,,,,,,
,,244,,,,,,,,,,
,,419,,,,,,,,,,
,,260,,,,,,,,,,
,,260,,,,,,,,,,
,,405,,,,,,,,,,
,,399,,,,,,,,,,
,,286,,,,,,,,,,
,,286,,,,,,,,,,
,,215,,,,,,,,,,
,,185,,,,,,,,,,
,,274,,,,,,,,,,
,,300,,,,,,,,,,
,,442,,,,,,,,,,
,,292,,,,,,,,,,
,,285,,,,,,,,,,
,,208,,,,,,,,,,
,,214,,,,,,,,,,
,,274,,,,,,,,,,
,,270,,,,,,,,,,
,,278,,,,,,,,,,
,,274,,,,,,,,,,
,,263,,,,,,,,,,
,,274,,,,,,,,,,
,,282,,,,,,,,,,
,,279,,,,,,,,,,
,,268,,,,,,,,,,
,,293,,,,,,,,,,
,,303,,,,,,,,,,
,,262,,,,,,,,,,
,,266,,,,,,,,,,
,,263,,,,,,,,,,
,,338,,,,,,,,,,
,,342,,,,,,,,,,
,,337,,,,,,,,,,
,,300,,,,,,,,,,
,,308,,,,,,,,,,
,,279,,,,,,,,,,
,,281,,,,,,,,,,
,,285,,,,,,,,,,
,,482,,,,,,,,,,
,,484,,,,,,,,,,
,,473,,,,,,,,,,
,,309,,,,,,,,,,
,,318,,,,,,,,,,
,,271,,,,,,,,,,
,,256,,,,,,,,,,
,,265,,,,,,,,,,
,,395,,,,,,,,,,
,,325,,,,,,,,,,
,,456,,,,,,,,,,
,,281,,,,,,,,,,
,,294,,,,,,,,,,
,,319,,,,,,,,,,
,,204,,,,,,,,,,
,,210,,,,,,,,,,
,,210,,,,,,,,,,
,,148,,,,,,,,,,
,,476,,,,,,,,,,
,,483,,,,,,,,,,
,,303,,,,,,,,,,
,,281,,,,,,,,,,
,,281,,,,,,,,,,
,,282,,,,,,,,,,
,,550,,,,,,,,,,
,,540,,,,,,,,,,
,,479,,,,,,,,,,
,,494,,,,,,,,,,
,,496,,,,,,,,,,
,,284,,,,,,,,,,
,,284,,,,,,,,,,
,,284,,,,,,,,,,
,,433,,,,,,,,,,
,,443,,,,,,,,,,
,,203,,,,,,,,,,
,,208,,,,,,,,,,
,,209,,,,,,,,,,
,,278,,,,,,,,,,
,,258,,,,,,,,,,
,,245,,,,,,,,,,
,,177,,,,,,,,,,
,,254,,,,,,,,,,
,,266,,,,,,,,,,
,,226,,,,,,,,,,
,,226,,,,,,,,,,
,,217,,,,,,,,,,
,,193,,,,,,,,,,
,,186,,,,,,,,,,
,,185,,,,,,,,,,
,,261,,,,,,,,,,
,,266,,,,,,,,,,
,,267,,,,,,,,,,
,,251,,,,,,,,,,
,,255,,,,,,,,,,
,,253,,,,,,,,,,
,,73,,,,,,,,,,
,,231,,,,,,,,,,
,,228,,,,,,,,,,
,,229,,,,,,,,,,
,,312,,,,,,,,,,
,,308,,,,,,,,,,
,,269,,,,,,,,,,
,,269,,,,,,,,,,
,,58,,,,,,,,,,
,,237,,,,,,,,,,
,,238,,,,,,,,,,
,,196,,,,,,,,,,
,,220,,,,,,,,,,
,,229,,,,,,,,,,
,,238,,,,,,,,,,
,,216,,,,,,,,,,
,,222,,,,,,,,,,
,,222,,,,,,,,,,
,,230,,,,,,,,,,
,,210,,,,,,,,,,
,,216,,,,,,,,,,
,,619,,,,,,,,,,
,,628,,,,,,,,,,
,,632,,,,,,,,,,
,,244,,,,,,,,,,
,,251,,,,,,,,,,
,,252,,,,,,,,,,
,,237,,,,,,,,,,
,,483,,,,,,,,,,
,,465,,,,,,,,,,
,,465,,,,,,,,,,
,,279,,,,,,,,,,
,,246,,,,,,,,,,
,,247,,,,,,,,,,
,,271,,,,,,,,,,
,,268,,,,,,,,,,
,,308,,,,,,,,,,
,,460,,,,,,,,,,
,,206,,,,,,,,,,
,,334,,,,,,,,,,
,,392,,,,,,,,,,
,,453,,,,,,,,,,
,,461,,,,,,,,,,
,,227,,,,,,,,,,
,,234,,,,,,,,,,
,,221,,,,,,,,,,
,,222,,,,,,,,,,
,,426,,,,,,,,,,
,,439,,,,,,,,,,
,,434,,,,,,,,,,
,,240,,,,,,,,,,
,,242,,,,,,,,,,
,,242,,,,,,,,,,
,,296,,,,,,,,,,
,,406,,,,,,,,,,
,,268,,,,,,,,,,
,,548,,,,,,,,,,
,,494,,,,,,,,,,
,,494,,,,,,,,,,
,,290,,,,,,,,,,
,,252,,,,,,,,,,
,,251,,,,,,,,,,
,,252,,,,,,,,,,
,,362,,,,,,,,,,
,,369,,,,,,,,,,
,,365,,,,,,,,,,
,,325,,,,,,,,,,
,,325,,,,,,,,,,
,,602,,,,,,,,,,
,,312,,,,,,,,,,
,,321,,,,,,,,,,
,,333,,,,,,,,,,
,,257,,,,,,,,,,
,,214,,,,,,,,,,
,,84,,,,,,,,,,
,,200,,,,,,,,,,
,,223,,,,,,,,,,
,,221,,,,,,,,,,
,,215,,,,,,,,,,
,,216,,,,,,,,,,
,,225,,,,,,,,,,
,,226,,,,,,,,,,
,,330,,,,,,,,,,
,,489,,,,,,,,,,
,,508,,,,,,,,,,
,,546,,,,,,,,,,
,,590,,,,,,,,,,
,,431,,,,,,,,,,
,,522,,,,,,,,,,
,,522,,,,,,,,,,
,,314,,,,,,,,,,
,,543,,,,,,,,,,
,,562,,,,,,,,,,
,,562,,,,,,,,,,
,,248,,,,,,,,,,
,,252,,,,,,,,,,
,,252,,,,,,,,,,
,,193,,,,,,,,,,
,,234,,,,,,,,,,
,,238,,,,,,,,,,
,,240,,,,,,,,,,
,,252,,,,,,,,,,
,,252,,,,,,,,,,
,,253,,,,,,,,,,
,,560,,,,,,,,,,
,,572,,,,,,,,,,
,,217,,,,,,,,,,
,,223,,,,,,,,,,
,,220,,,,,,,,,,
,,212,,,,,,,,,,
,,215,,,,,,,,,,
,,216,,,,,,,,,,
,,221,,,,,,,,,,
,,225,,,,,,,,,,
,,313,,,,,,,,,,
,,332,,,,,,,,,,
,,359,,,,,,,,,,
,,367,,,,,,,,,,
,,329,,,,,,,,,,
,,313,,,,,,,,,,
,,387,,,,,,,,,,
,,401,,,,,,,,,,
,,403,,,,,,,,,,
,,262,,,,,,,,,,
,,262,,,,,,,,,,
,,262,,,,,,,,,,
,,280,,,,,,,,,,
,,287,,,,,,,,,,
,,284,,,,,,,,,,
,,221,,,,,,,,,,
,,242,,,,,,,,,,
,,253,,,,,,,,,,
,,201,,,,,,,,,,
,,209,,,,,,,,,,
,,299,,,,,,,,,,
,,324,,,,,,,,,,
,,263,,,,,,,,,,
,,98,,,,,,,,,,
,,236,,,,,,,,,,
,,237,,,,,,,,,,
,,241,,,,,,,,,,
,,250,,,,,,,,,,
,,232,,,,,,,,,,
,,177,,,,,,,,,,
,,278,,,,,,,,,,
,,293,,,,,,,,,,
,,241,,,,,,,,,,
,,168,,,,,,,,,,
,,488,,,,,,,,,,
,,503,,,,,,,,,,
,,493,,,,,,,,,,
,,92,,,,,,,,,,
,,209,,,,,,,,,,
,,213,,,,,,,,,,
,,239,,,,,,,,,,
,,222,,,,,,,,,,
,,268,,,,,,,,,,
,,310,,,,,,,,,,
,,315,,,,,,,,,,
,,310,,,,,,,,,,
,,467,,,,,,,,,,
,,481,,,,,,,,,,
,,333,,,,,,,,,,
,,534,,,,,,,,,,
,,161,,,,,,,,,,
,,204,,,,,,,,,,
,,302,,,,,,,,,,
,,395,,,,,,,,,,
,,290,,,,,,,,,,
,,421,,,,,,,,,,
,,274,,,,,,,,,,
,,279,,,,,,,,,,
,,242,,,,,,,,,,
,,247,,,,,,,,,,
,,259,,,,,,,,,,
,,261,,,,,,,,,,
,,288,,,,,,,,,,
,,326,,,,,,,,,,
,,336,,,,,,,,,,
,,336,,,,,,,,,,
,,441,,,,,,,,,,
,,441,,,,,,,,,,
,,233,,,,,,,,,,
,,240,,,,,,,,,,
,,272,,,,,,,,,,
,,273,,,,,,,,,,
,,271,,,,,,,,,,
,,363,,,,,,,,,,
,,374,,,,,,,,,,
,,509,,,,,,,,,,
,,221,,,,,,,,,,
,,218,,,,,,,,,,
,,220,,,,,,,,,,
,,179,,,,,,,,,,
,,176,,,,,,,,,,
,,302,,,,,,,,,,
,,313,,,,,,,,,,
,,313,,,,,,,,,,
,,252,,,,,,,,,,
,,259,,,,,,,,,,
,,281,,,,,,,,,,
,,216,,,,,,,,,,
,,279,,,,,,,,,,
,,290,,,,,,,,,,
,,299,,,,,,,,,,
,,540,,,,,,,,,,
,,301,,,,,,,,,,
,,245,,,,,,,,,,
,,246,,,,,,,,,,
,,241,,,,,,,,,,
,,248,,,,,,,,,,
,,249,,,,,,,,,,
,,285,,,,,,,,,,
,,216,,,,,,,,,,
,,211,,,,,,,,,,
,,265,,,,,,,,,,
,,265,,,,,,,,,,
,,261,,,,,,,,,,
,,81,,,,,,,,,,
,,442,,,,,,,,,,
,,433,,,,,,,,,,
,,464,,,,,,,,,,
,,250,,,,,,,,,,
,,237,,,,,,,,,,
,,234,,,,,,,,,,
,,249,,,,,,,,,,
,,259,,,,,,,,,,
,,261,,,,,,,,,,
,,327,,,,,,,,,,
,,224,,,,,,,,,,
,,266,,,,,,,,,,
,,275,,,,,,,,,,
,,212,,,,,,,,,,
,,356,,,,,,,,,,
,,368,,,,,,,,,,
,,370,,,,,,,,,,
,,229,,,,,,,,,,
,,226,,,,,,,,,,
,,224,,,,,,,,,,
,,222,,,,,,,,,,
,,209,,,,,,,,,,
,,208,,,,,,,,,,
,,198,,,,,,,,,,
,,264,,,,,,,,,,
,,280,,,,,,,,,,
,,289,,,,,,,,,,
,,432,,,,,,,,,,
,,450,,,,,,,,,,
,,510,,,,,,,,,,
,,124,,,,,,,,,,
,,218,,,,,,,,,,
,,257,,,,,,,,,,
,,246,,,,,,,,,,
,,238,,,,,,,,,,
,,247,,,,,,,,,,
,,256,,,,,,,,,,
,,277,,,,,,,,,,
,,303,,,,,,,,,,
,,317,,,,,,,,,,
,,243,,,,,,,,,,
,,250,,,,,,,,,,
,,246,,,,,,,,,,
,,243,,,,,,,,,,
,,256,,,,,,,,,,
,,387,,,,,,,,,,
,,222,,,,,,,,,,
,,229,,,,,,,,,,
,,229,,,,,,,,,,
,,210,,,,,,,,,,
,,218,,,,,,,,,,
,,218,,,,,,,,,,
,,333,,,,,,,,,,
,,328,,,,,,,,,,
,,297,,,,,,,,,,
,,189,,,,,,,,,,
,,202,,,,,,,,,,
,,203,,,,,,,,,,
,,208,,,,,,,,,,
,,215,,,,,,,,,,
,,213,,,,,,,,,,
,,166,,,,,,,,,,
,,232,,,,,,,,,,
,,235,,,,,,,,,,
,,237,,,,,,,,,,
,,291,,,,,,,,,,
,,293,,,,,,,,,,
,,284,,,,,,,,,,
,,437,,,,,,,,,,
,,679,,,,,,,,,,
,,375,,,,,,,,,,
,,221,,,,,,,,,,
,,246,,,,,,,,,,
,,233,,,,,,,,,,
,,326,,,,,,,,,,
,,326,,,,,,,,,,
,,326,,,,,,,,,,
,,210,,,,,,,,,,
,,346,,,,,,,,,,
,,224,,,,,,,,,,
,,236,,,,,,,,,,
,,243,,,,,,,,,,
,,244,,,,,,,,,,
,,531,,,,,,,,,,
,,441,,,,,,,,,,
,,437,,,,,,,,,,
,,81,,,,,,,,,,
,,262,,,,,,,,,,
,,283,,,,,,,,,,
,,283,,,,,,,,,,
,,255,,,,,,,,,,
,,261,,,,,,,,,,
,,262,,,,,,,,,,
,,381,,,,,,,,,,
,,452,,,,,,,,,,
,,251,,,,,,,,,,
,,239,,,,,,,,,,
,,237,,,,,,,,,,
,,183,,,,,,,,,,
,,201,,,,,,,,,,
,,156,,,,,,,,,,
,,389,,,,,,,,,,
,,276,,,,,,,,,,
,,255,,,,,,,,,,
,,180,,,,,,,,,,
,,282,,,,,,,,,,
,,282,,,,,,,,,,
,,257,,,,,,,,,,
,,265,,,,,,,,,,
,,266,,,,,,,,,,
,,55,,,,,,,,,,
,,193,,,,,,,,,,
,,235,,,,,,,,,,
,,235,,,,,,,,,,
,,239,,,,,,,,,,
,,276,,,,,,,,,,
,,274,,,,,,,,,,
,,268,,,,,,,,,,
,,417,,,,,,,,,,
,,432,,,,,,,,,,
,,277,,,,,,,,,,
,,287,,,,,,,,,,
,,287,,,,,,,,,,
,,278,,,,,,,,,,
,,290,,,,,,,,,,
,,278,,,,,,,,,,
,,284,,,,,,,,,,
,,281,,,,,,,,,,
,,178,,,,,,,,,,
,,305,,,,,,,,,,
,,312,,,,,,,,,,
,,312,,,,,,,,,,
,,300,,,,,,,,,,
,,307,,,,,,,,,,
,,304,,,,,,,,,,
,,158,,,,,,,,,,
,,312,,,,,,,,,,
,,247,,,,,,,,,,
,,281,,,,,,,,,,
,,281,,,,,,,,,,
,,180,,,,,,,,,,
,,186,,,,,,,,,,
,,192,,,,,,,,,,
,,438,,,,,,,,,,
,,443,,,,,,,,,,
,,388,,,,,,,,,,
,,233,,,,,,,,,,
,,264,,,,,,,,,,
,,262,,,,,,,,,,
,,364,,,,,,,,,,
,,373,,,,,,,,,,
,,252,,,,,,,,,,
,,263,,,,,,,,,,
,,271,,,,,,,,,,
,,267,,,,,,,,,,
,,253,,,,,,,,,,
,,243,,,,,,,,,,
,,234,,,,,,,,,,
,,240,,,,,,,,,,
,,245,,,,,,,,,,
,,648,,,,,,,,,,
,,325,,,,,,,,,,
,,347,,,,,,,,,,
,,325,,,,,,,,,,
,,325,,,,,,,,,,
,,233,,,,,,,,,,
,,255,,,,,,,,,,
,,341,,,,,,,,,,
,,188,,,,,,,,,,
,,186,,,,,,,,,,
,,269,,,,,,,,,,
,,278,,,,,,,,,,
,,278,,,,,,,,,,
,,363,,,,,,,,,,
,,372,,,,,,,,,,
,,368,,,,,,,,,,
,,216,,,,,,,,,,
,,216,,,,,,,,,,
,,214,,,,,,,,,,
,,307,,,,,,,,,,
,,335,,,,,,,,,,
,,366,,,,,,,,,,
,,366,,,,,,,,,,
,,253,,,,,,,,,,
,,337,,,,,,,,,,
,,334,,,,,,,,,,
,,435,,,,,,,,,,
,,223,,,,,,,,,,
,,230,,,,,,,,,,
,,227,,,,,,,,,,
,,225,,,,,,,,,,
,,272,,,,,,,,,,
,,280,,,,,,,,,,
,,276,,,,,,,,,,
,,330,,,,,,,,,,
,,357,,,,,,,,,,
,,354,,,,,,,,,,
,,245,,,,,,,,,,
,,263,,,,,,,,,,
,,272,,,,,,,,,,
,,459,,,,,,,,,,
,,478,,,,,,,,,,
,,480,,,,,,,,,,
,,235,,,,,,,,,,
,,242,,,,,,,,,,
,,251,,,,,,,,,,
,,197,,,,,,,,,,
,,203,,,,,,,,,,
,,200,,,,,,,,,,
,,186,,,,,,,,,,
,,164,,,,,,,,,,
,,168,,,,,,,,,,
,,161,,,,,,,,,,
,,166,,,,,,,,,,
,,199,,,,,,,,,,
,,393,,,,,,,,,,
,,489,,,,,,,,,,
,,244,,,,,,,,,,
,,250,,,,,,,,,,
,,247,,,,,,,,,,
,,314,,,,,,,,,,
,,315,,,,,,,,,,
,,312,,,,,,,,,,
,,159,,,,,,,,,,
,,240,,,,,,,,,,
,,248,,,,,,,,,,
,,381,,,,,,,,,,
,,382,,,,,,,,,,
,,278,,,,,,,,,,
,,271,,,,,,,,,,
,,237,,,,,,,,,,
,,351,,,,,,,,,,
,,358,,,,,,,,,,
,,229,,,,,,,,,,
,,218,,,,,,,,,,
,,225,,,,,,,,,,
,,229,,,,,,,,,,
,,228,,,,,,,,,,
,,222,,,,,,,,,,
,,218,,,,,,,,,,
,,203,,,,,,,,,,
,,199,,,,,,,,,,
,,262,,,,,,,,,,
,,252,,,,,,,,,,
,,262,,,,,,,,,,
,,229,,,,,,,,,,
,,516,,,,,,,,,,
,,516,,,,,,,,,,
,,506,,,,,,,,,,
,,210,,,,,,,,,,
,,217,,,,,,,,,,
,,213,,,,,,,,,,
,,178,,,,,,,,,,
,,179,,,,,,,,,,
,,178,,,,,,,,,,
,,225,,,,,,,,,,
,,234,,,,,,,,,,
,,240,,,,,,,,,,
,,340,,,,,,,,,,
,,340,,,,,,,,,,
,,336,,,,,,,,,,
,,298,,,,,,,,,,
,,292,,,,,,,,,,
,,277,,,,,,,,,,
,,223,,,,,,,,,,
,,228,,,,,,,,,,
,,273,,,,,,,,,,
,,277,,,,,,,,,,
,,271,,,,,,,,,,
,,713,,,,,,,,,,
,,720,,,,,,,,,,
,,723,,,,,,,,,,
,,240,,,,,,,,,,
,,241,,,,,,,,,,
,,239,,,,,,,,,,
,,389,,,,,,,,,,
,,304,,,,,,,,,,
,,313,,,,,,,,,,
,,313,,,,,,,,,,
,,314,,,,,,,,,,
,,262,,,,,,,,,,
,,250,,,,,,,,,,
,,242,,,,,,,,,,
,,240,,,,,,,,,,
,,244,,,,,,,,,,
,,423,,,,,,,,,,
,,442,,,,,,,,,,
,,444,,,,,,,,,,
,,658,,,,,,,,,,
,,201,,,,,,,,,,
,,208,,,,,,,,,,
,,204,,,,,,,,,,
,,300,,,,,,,,,,
,,322,,,,,,,,,,
,,349,,,,,,,,,,
,,381,,,,,,,,,,
,,562,,,,,,,,,,
,,598,,,,,,,,,,
,,622,,,,,,,,,,
,,625,,,,,,,,,,
,,209,,,,,,,,,,
,,204,,,,,,,,,,
,,205,,,,,,,,,,
,,248,,,,,,,,,,
,,244,,,,,,,,,,
,,247,,,,,,,,,,
,,239,,,,,,,,,,
,,228,,,,,,,,,,
,,317,,,,,,,,,,
,,301,,,,,,,,,,
,,298,,,,,,,,,,
,,233,,,,,,,,,,
,,306,,,,,,,,,,
,,306,,,,,,,,,,
,,296,,,,,,,,,,
,,264,,,,,,,,,,
,,268,,,,,,,,,,
,,268,,,,,,,,,,
,,487,,,,,,,,,,
,,597,,,,,,,,,,
,,248,,,,,,,,,,
,,248,,,,,,,,,,
,,389,,,,,,,,,,
,,286,,,,,,,,,,
,,295,,,,,,,,,,
,,343,,,,,,,,,,
,,326,,,,,,,,,,
,,322,,,,,,,,,,
,,288,,,,,,,,,,
,,436,,,,,,,,,,
,,661,,,,,,,,,,
,,206,,,,,,,,,,
,,211,,,,,,,,,,
,,410,,,,,,,,,,
,,402,,,,,,,,,,
,,396,,,,,,,,,,
,,388,,,,,,,,,,
,,233,,,,,,,,,,
,,229,,,,,,,,,,
,,228,,,,,,,,,,
,,177,,,,,,,,,,
,,243,,,,,,,,,,
,,270,,,,,,,,,,
,,259,,,,,,,,,,
,,261,,,,,,,,,,
,,243,,,,,,,,,,
,,241,,,,,,,,,,
,,242,,,,,,,,,,
,,552,,,,,,,,,,
,,552,,,,,,,,,,
,,555,,,,,,,,,,
,,216,,,,,,,,,,
,,206,,,,,,,,,,
,,201,,,,,,,,,,
,,540,,,,,,,,,,
,,322,,,,,,,,,,
,,314,,,,,,,,,,
,,245,,,,,,,,,,
,,249,,,,,,,,,,
,,206,,,,,,,,,,
,,203,,,,,,,,,,
,,203,,,,,,,,,,
,,344,,,,,,,,,,
,,309,,,,,,,,,,
,,318,,,,,,,,,,
,,313,,,,,,,,,,
,,310,,,,,,,,,,
,,297,,,,,,,,,,
,,297,,,,,,,,,,
,,266,,,,,,,,,,
,,218,,,,,,,,,,
,,225,,,,,,,,,,
,,225,,,,,,,,,,
,,226,,,,,,,,,,
,,229,,,,,,,,,,
,,230,,,,,,,,,,
,,364,,,,,,,,,,
,,299,,,,,,,,,,
,,299,,,,,,,,,,
,,371,,,,,,,,,,
,,482,,,,,,,,,,
,,285,,,,,,,,,,
,,294,,,,,,,,,,
,,714,,,,,,,,,,
,,250,,,,,,,,,,
,,306,,,,,,,,,,
,,252,,,,,,,,,,
,,252,,,,,,,,,,
,,253,,,,,,,,,,
,,368,,,,,,,,,,
,,397,,,,,,,,,,
,,361,,,,,,,,,,
,,361,,,,,,,,,,
,,213,,,,,,,,,,
,,208,,,,,,,,,,
,,221,,,,,,,,,,
,,229,,,,,,,,,,
,,239,,,,,,,,,,
,,189,,,,,,,,,,
,,195,,,,,,,,,,
,,196,,,,,,,,,,
,,396,,,,,,,,,,
,,388,,,,,,,,,,
,,386,,,,,,,,,,
,,210,,,,,,,,,,
,,212,,,,,,,,,,
,,197,,,,,,,,,,
,,426,,,,,,,,,,
,,426,,,,,,,,,,
,,432,,,,,,,,,,
,,245,,,,,,,,,,
,,238,,,,,,,,,,
,,224,,,,,,,,,,
,,115,,,,,,,,,,
,,225,,,,,,,,,,
,,202,,,,,,,,,,
,,223,,,,,,,,,,
,,219,,,,,,,,,,
,,266,,,,,,,,,,
,,274,,,,,,,,,,
,,257,,,,,,,,,,
,,328,,,,,,,,,,
,,253,,,,,,,,,,
,,255,,,,,,,,,,
,,219,,,,,,,,,,
,,218,,,,,,,,,,
,,207,,,,,,,,,,
,,191,,,,,,,,,,
,,193,,,,,,,,,,
,,187,,,,,,,,,,
,,1066,,,,,,,,,,
,,1066,,,,,,,,,,
,,1061,,,,,,,,,,
,,359,,,,,,,,,,
,,249,,,,,,,,,,
,,249,,,,,,,,,,
,,250,,,,,,,,,,
,,419,,,,,,,,,,
,,234,,,,,,,,,,
,,311,,,,,,,,,,
,,325,,,,,,,,,,
,,239,,,,,,,,,,
,,373,,,,,,,,,,
,,239,,,,,,,,,,
,,192,,,,,,,,,,
,,625,,,,,,,,,,
,,295,,,,,,,,,,
,,429,,,,,,,,,,
,,259,,,,,,,,,,
,,265,,,,,,,,,,
,,322,,,,,,,,,,
,,297,,,,,,,,,,
,,298,,,,,,,,,,
,,302,,,,,,,,,,
,,331,,,,,,,,,,
,,332,,,,,,,,,,
,,272,,,,,,,,,,
,,410,,,,,,,,,,
,,390,,,,,,,,,,
,,372,,,,,,,,,,
,,206,,,,,,,,,,
,,213,,,,,,,,,,
,,201,,,,,,,,,,
,,170,,,,,,,,,,
,,170,,,,,,,,,,
,,580,,,,,,,,,,
,,578,,,,,,,,,,
,,314,,,,,,,,,,
,,205,,,,,,,,,,
,,202,,,,,,,,,,
,,205,,,,,,,,,,
,,220,,,,,,,,,,
,,108,,,,,,,,,,
,,351,,,,,,,,,,
,,244,,,,,,,,,,
,,407,,,,,,,,,,
,,77,,,,,,,,,,
,,257,,,,,,,,,,
,,258,,,,,,,,,,
,,236,,,,,,,,,,
,,340,,,,,,,,,,
,,345,,,,,,,,,,
,,224,,,,,,,,,,
,,225,,,,,,,,,,
,,493,,,,,,,,,,
,,507,,,,,,,,,,
,,327,,,,,,,,,,
,,254,,,,,,,,,,
,,278,,,,,,,,,,
,,288,,,,,,,,,,
,,281,,,,,,,,,,
,,289,,,,,,,,,,
,,300,,,,,,,,,,
,,276,,,,,,,,,,
,,334,,,,,,,,,,
,,336,,,,,,,,,,
,,331,,,,,,,,,,
,,341,,,,,,,,,,
,,349,,,,,,,,,,
,,346,,,,,,,,,,
,,200,,,,,,,,,,
,,194,,,,,,,,,,
,,186,,,,,,,,,,
,,447,,,,,,,,,,
,,453,,,,,,,,,,
,,444,,,,,,,,,,
,,229,,,,,,,,,,
,,229,,,,,,,,,,
,,307,,,,,,,,,,
,,297,,,,,,,,,,
,,375,,,,,,,,,,
,,384,,,,,,,,,,
,,264,,,,,,,,,,
,,269,,,,,,,,,,
,,267,,,,,,,,,,
,,139,,,,,,,,,,
,,237,,,,,,,,,,
,,237,,,,,,,,,,
,,242,,,,,,,,,,
,,238,,,,,,,,,,
,,240,,,,,,,,,,
,,271,,,,,,,,,,
,,244,,,,,,,,,,
,,244,,,,,,,,,,
,,246,,,,,,,,,,
,,261,,,,,,,,,,
,,393,,,,,,,,,,
,,397,,,,,,,,,,
,,232,,,,,,,,,,
,,221,,,,,,,,,,
,,229,,,,,,,,,,
,,211,,,,,,,,,,
,,207,,,,,,,,,,
,,386,,,,,,,,,,
,,261,,,,,,,,,,
,,270,,,,,,,,,,
,,297,,,,,,,,,,
,,267,,,,,,,,,,
,,293,,,,,,,,,,
,,259,,,,,,,,,,
,,264,,,,,,,,,,
,,261,,,,,,,,,,
,,491,,,,,,,,,,
,,484,,,,,,,,,,
,,481,,,,,,,,,,
,,203,,,,,,,,,,
,,209,,,,,,,,,,
,,213,,,,,,,,,,
,,360,,,,,,,,,,
,,358,,,,,,,,,,
,,382,,,,,,,,,,
,,389,,,,,,,,,,
,,386,,,,,,,,,,
,,433,,,,,,,,,,
,,435,,,,,,,,,,
,,269,,,,,,,,,,
,,274,,,,,,,,,,
,,280,,,,,,,,,,
,,261,,,,,,,,,,
,,260,,,,,,,,,,
,,255,,,,,,,,,,
,,384,,,,,,,,,,
,,384,,,,,,,,,,
,,386,,,,,,,,,,
,,241,,,,,,,,,,
,,242,,,,,,,,,,
,,165,,,,,,,,,,
,,250,,,,,,,,,,
,,259,,,,,,,,,,
,,256,,,,,,,,,,
,,217,,,,,,,,,,
,,237,,,,,,,,,,
,,246,,,,,,,,,,
,,237,,,,,,,,,,
,,260,,,,,,,,,,
,,257,,,,,,,,,,
,,251,,,,,,,,,,
,,249,,,,,,,,,,
,,250,,,,,,,,,,
,,270,,,,,,,,,,
,,270,,,,,,,,,,
,,198,,,,,,,,,,
,,199,,,,,,,,,,
,,196,,,,,,,,,,
,,173,,,,,,,,,,
,,172,,,,,,,,,,
,,171,,,,,,,,,,
,,435,,,,,,,,,,
,,446,,,,,,,,,,
,,433,,,,,,,,,,
,,185,,,,,,,,,,
,,198,,,,,,,,,,
,,234,,,,,,,,,,
,,240,,,,,,,,,,
,,248,,,,,,,,,,
,,359,,,,,,,,,,
,,236,,,,,,,,,,
,,235,,,,,,,,,,
,,228,,,,,,,,,,
,,236,,,,,,,,,,
,,242,,,,,,,,,,
,,243,,,,,,,,,,
,,205,,,,,,,,,,
,,201,,,,,,,,,,
,,198,,,,,,,,,,
,,262,,,,,,,,,,
,,472,,,,,,,,,,
,,483,,,,,,,,,,
,,486,,,,,,,,,,
,,282,,,,,,,,,,
,,309,,,,,,,,,,
,,309,,,,,,,,,,
,,333,,,,,,,,,,
,,343,,,,,,,,,,
,,263,,,,,,,,,,
,,266,,,,,,,,,,
,,263,,,,,,,,,,
,,482,,,,,,,,,,
,,494,,,,,,,,,,
,,454,,,,,,,,,,
,,213,,,,,,,,,,
,,219,,,,,,,,,,
,,219,,,,,,,,,,
,,299,,,,,,,,,,
,,307,,,,,,,,,,
,,250,,,,,,,,,,
,,257,,,,,,,,,,
,,410,,,,,,,,,,
,,316,,,,,,,,,,
,,222,,,,,,,,,,
,,230,,,,,,,,,,
,,238,,,,,,,,,,
,,290,,,,,,,,,,
,,298,,,,,,,,,,
,,298,,,,,,,,,,
,,278,,,,,,,,,,
,,298,,,,,,,,,,
,,308,,,,,,,,,,
,,244,,,,,,,,,,
,,251,,,,,,,,,,
,,253,,,,,,,,,,
,,353,,,,,,,,,,
,,821,,,,,,,,,,
,,895,,,,,,,,,,
,,926,,,,,,,,,,
,,279,,,,,,,,,,
,,273,,,,,,,,,,
,,274,,,,,,,,,,
,,347,,,,,,,,,,
,,359,,,,,,,,,,
,,246,,,,,,,,,,
,,162,,,,,,,,,,
,,225,,,,,,,,,,
,,205,,,,,,,,,,
,,206,,,,,,,,,,
,,204,,,,,,,,,,
,,306,,,,,,,,,,
,,308,,,,,,,,,,
,,305,,,,,,,,,,
,,336,,,,,,,,,,
,,261,,,,,,,,,,
,,215,,,,,,,,,,
,,268,,,,,,,,,,
,,277,,,,,,,,,,
,,278,,,,,,,,,,
,,363,,,,,,,,,,
,,374,,,,,,,,,,
,,371,,,,,,,,,,
,,261,,,,,,,,,,
,,231,,,,,,,,,,
,,473,,,,,,,,,,
,,494,,,,,,,,,,
,,232,,,,,,,,,,
,,382,,,,,,,,,,
,,420,,,,,,,,,,
,,406,,,,,,,,,,
,,229,,,,,,,,,,
,,236,,,,,,,,,,
,,200,,,,,,,,,,
,,610,,,,,,,,,,
,,610,,,,,,,,,,
,,610,,,,,,,,,,
,,237,,,,,,,,,,
,,511,,,,,,,,,,
,,511,,,,,,,,,,
,,516,,,,,,,,,,
,,372,,,,,,,,,,
,,385,,,,,,,,,,
,,387,,,,,,,,,,
,,307,,,,,,,,,,
,,310,,,,,,,,,,
,,307,,,,,,,,,,
,,305,,,,,,,,,,
,,315,,,,,,,,,,
,,459,,,,,,,,,,
,,477,,,,,,,,,,
,,462,,,,,,,,,,
,,240,,,,,,,,,,
,,385,,,,,,,,,,
,,338,,,,,,,,,,
,,350,,,,,,,,,,
,,429,,,,,,,,,,
,,265,,,,,,,,,,
,,271,,,,,,,,,,
,,278,,,,,,,,,,
,,279,,,,,,,,,,
,,616,,,,,,,,,,
,,641,,,,,,,,,,
,,641,,,,,,,,,,
,,338,,,,,,,,,,
,,250,,,,,,,,,,
,,258,,,,,,,,,,
,,258,,,,,,,,,,
,,413,,,,,,,,,,
,,430,,,,,,,,,,
,,416,,,,,,,,,,
,,265,,,,,,,,,,
,,359,,,,,,,,,,
,,240,,,,,,,,,,
,,246,,,,,,,,,,
,,247,,,,,,,,,,
,,338,,,,,,,,,,
,,249,,,,,,,,,,
,,243,,,,,,,,,,
,,237,,,,,,,,,,
,,204,,,,,,,,,,
,,209,,,,,,,,,,
,,210,,,,,,,,,,
,,422,,,,,,,,,,
,,433,,,,,,,,,,
,,435,,,,,,,,,,
,,324,,,,,,,,,,
,,316,,,,,,,,,,
,,327,,,,,,,,,,
,,250,,,,,,,,,,
,,256,,,,,,,,,,
,,254,,,,,,,,,,
,,290,,,,,,,,,,
,,291,,,,,,,,,,
,,315,,,,,,,,,,
,,260,,,,,,,,,,
,,277,,,,,,,,,,
,,286,,,,,,,,,,
,,295,,,,,,,,,,
,,304,,,,,,,,,,
,,306,,,,,,,,,,
,,212,,,,,,,,,,
,,222,,,,,,,,,,
,,250,,,,,,,,,,
,,583,,,,,,,,,,
,,598,,,,,,,,,,
,,601,,,,,,,,,,
,,222,,,,,,,,,,
,,206,,,,,,,,,,
,,366,,,,,,,,,,
,,603,,,,,,,,,,
,,241,,,,,,,,,,
,,250,,,,,,,,,,
,,250,,,,,,,,,,
,,317,,,,,,,,,,
,,320,,,,,,,,,,
,,315,,,,,,,,,,
,,333,,,,,,,,,,
,,333,,,,,,,,,,
,,333,,,,,,,,,,
,,236,,,,,,,,,,
,,236,,,,,,,,,,
,,237,,,,,,,,,,
,,300,,,,,,,,,,
,,298,,,,,,,,,,
,,309,,,,,,,,,,
,,153,,,,,,,,,,
,,292,,,,,,,,,,
,,260,,,,,,,,,,
,,356,,,,,,,,,,
,,274,,,,,,,,,,
,,280,,,,,,,,,,
,,269,,,,,,,,,,
,,286,,,,,,,,,,
,,286,,,,,,,,,,
,,250,,,,,,,,,,
,,252,,,,,,,,,,
,,253,,,,,,,,,,
,,498,,,,,,,,,,
,,559,,,,,,,,,,
,,825,,,,,,,,,,
,,297,,,,,,,,,,
,,306,,,,,,,,,,
,,303,,,,,,,,,,
,,836,,,,,,,,,,
,,442,,,,,,,,,,
,,442,,,,,,,,,,
,,444,,,,,,,,,,
,,347,,,,,,,,,,
,,351,,,,,,,,,,
,,345,,,,,,,,,,
,,298,,,,,,,,,,
,,283,,,,,,,,,,
,,293,,,,,,,,,,
,,211,,,,,,,,,,
,,492,,,,,,,,,,
,,509,,,,,,,,,,
,,524,,,,,,,,,,
,,308,,,,,,,,,,
,,415,,,,,,,,,,
,,462,,,,,,,,,,
,,333,,,,,,,,,,
,,343,,,,,,,,,,
,,338,,,,,,,,,,
,,234,,,,,,,,,,
,,224,,,,,,,,,,
,,219,,,,,,,,,,
,,201,,,,,,,,,,
,,204,,,,,,,,,,
,,204,,,,,,,,,,
,,122,,,,,,,,,,
,,233,,,,,,,,,,
,,63,,,,,,,,,,
,,274,,,,,,,,,,
,,227,,,,,,,,,,
,,236,,,,,,,,,,
,,232,,,,,,,,,,
,,302,,,,,,,,,,
,,278,,,,,,,,,,
,,284,,,,,,,,,,
,,284,,,,,,,,,,
,,507,,,,,,,,,,
,,192,,,,,,,,,,
,,263,,,,,,,,,,
,,307,,,,,,,,,,
,,284,,,,,,,,,,
,,281,,,,,,,,,,
,,403,,,,,,,,,,
,,551,,,,,,,,,,
,,463,,,,,,,,,,
,,480,,,,,,,,,,
,,432,,,,,,,,,,
,,128,,,,,,,,,,
,,221,,,,,,,,,,
,,243,,,,,,,,,,
,,247,,,,,,,,,,
,,217,,,,,,,,,,
,,243,,,,,,,,,,
,,205,,,,,,,,,,
,,211,,,,,,,,,,
,,218,,,,,,,,,,
,,177,,,,,,,,,,
,,257,,,,,,,,,,
,,257,,,,,,,,,,
,,257,,,,,,,,,,
,,276,,,,,,,,,,
,,276,,,,,,,,,,
,,276,,,,,,,,,,
,,180,,,,,,,,,,
,,449,,,,,,,,,,
,,375,,,,,,,,,,
,,382,,,,,,,,,,
,,448,,,,,,,,,,
,,285,,,,,,,,,,
,,288,,,,,,,,,,
,,285,,,,,,,,,,
,,294,,,,,,,,,,
,,224,,,,,,,,,,
,,316,,,,,,,,,,
,,286,,,,,,,,,,
,,277,,,,,,,,,,
,,303,,,,,,,,,,
,,301,,,,,,,,,,
,,310,,,,,,,,,,
,,333,,,,,,,,,,
,,344,,,,,,,,,,
,,344,,,,,,,,,,
,,44,,,,,,,,,,
,,270,,,,,,,,,,
,,332,,,,,,,,,,
,,301,,,,,,,,,,
,,301,,,,,,,,,,
,,372,,,,,,,,,,
,,316,,,,,,,,,,
,,326,,,,,,,,,,
,,211,,,,,,,,,,
,,214,,,,,,,,,,
,,427,,,,,,,,,,
,,429,,,,,,,,,,
,,431,,,,,,,,,,
,,432,,,,,,,,,,
,,447,,,,,,,,,,
,,447,,,,,,,,,,
,,403,,,,,,,,,,
,,431,,,,,,,,,,
,,279,,,,,,,,,,
,,495,,,,,,,,,,
,,515,,,,,,,,,,
,,515,,,,,,,,,,
,,518,,,,,,,,,,
,,93,,,,,,,,,,
,,212,,,,,,,,,,
,,220,,,,,,,,,,
,,210,,,,,,,,,,
,,209,,,,,,,,,,
,,208,,,,,,,,,,
,,328,,,,,,,,,,
,,336,,,,,,,,,,
,,222,,,,,,,,,,
,,228,,,,,,,,,,
,,233,,,,,,,,,,
,,224,,,,,,,,,,
,,211,,,,,,,,,,
,,199,,,,,,,,,,
,,193,,,,,,,,,,
,,193,,,,,,,,,,
,,194,,,,,,,,,,
,,219,,,,,,,,,,
,,226,,,,,,,,,,
,,237,,,,,,,,,,
,,240,,,,,,,,,,
,,228,,,,,,,,,,
,,226,,,,,,,,,,
,,649,,,,,,,,,,
,,605,,,,,,,,,,
,,608,,,,,,,,,,
,,260,,,,,,,,,,
,,247,,,,,,,,,,
,,244,,,,,,,,,,
,,420,,,,,,,,,,
,,576,,,,,,,,,,
,,634,,,,,,,,,,
,,155,,,,,,,,,,
,,207,,,,,,,,,,
,,183,,,,,,,,,,
,,245,,,,,,,,,,
,,256,,,,,,,,,,
,,247,,,,,,,,,,
,,256,,,,,,,,,,
,,564,,,,,,,,,,
,,321,,,,,,,,,,
,,321,,,,,,,,,,
,,321,,,,,,,,,,
,,250,,,,,,,,,,
,,258,,,,,,,,,,
,,254,,,,,,,,,,
,,205,,,,,,,,,,
,,212,,,,,,,,,,
,,277,,,,,,,,,,
,,277,,,,,,,,,,
,,155,,,,,,,,,,
,,221,,,,,,,,,,
,,226,,,,,,,,,,
,,87,,,,,,,,,,
,,380,,,,,,,,,,
,,380,,,,,,,,,,
,,302,,,,,,,,,,
,,479,,,,,,,,,,
,,520,,,,,,,,,,
,,318,,,,,,,,,,
,,328,,,,,,,,,,
,,328,,,,,,,,,,
,,273,,,,,,,,,,
,,274,,,,,,,,,,
,,483,,,,,,,,,,
,,490,,,,,,,,,,
,,480,,,,,,,,,,
,,553,,,,,,,,,,
,,570,,,,,,,,,,
,,267,,,,,,,,,,
,,409,,,,,,,,,,
,,238,,,,,,,,,,
,,134,,,,,,,,,,
,,231,,,,,,,,,,
,,232,,,,,,,,,,
,,277,,,,,,,,,,
,,294,,,,,,,,,,
,,240,,,,,,,,,,
,,283,,,,,,,,,,
,,568,,,,,,,,,,
,,311,,,,,,,,,,
,,196,,,,,,,,,,
,,196,,,,,,,,,,
,,356,,,,,,,,,,
,,412,,,,,,,,,,
,,209,,,,,,,,,,
,,216,,,,,,,,,,
,,216,,,,,,,,,,
,,217,,,,,,,,,,
,,449,,,,,,,,,,
,,460,,,,,,,,,,
,,462,,,,,,,,,,
,,688,,,,,,,,,,
,,695,,,,,,,,,,
,,523,,,,,,,,,,
,,523,,,,,,,,,,
,,531,,,,,,,,,,
,,327,,,,,,,,,,
,,257,,,,,,,,,,
,,253,,,,,,,,,,
,,260,,,,,,,,,,
,,279,,,,,,,,,,
,,244,,,,,,,,,,
,,278,,,,,,,,,,
,,282,,,,,,,,,,
,,259,,,,,,,,,,
,,247,,,,,,,,,,
,,243,,,,,,,,,,
,,211,,,,,,,,,,
,,217,,,,,,,,,,
,,212,,,,,,,,,,
,,296,,,,,,,,,,
,,273,,,,,,,,,,
,,266,,,,,,,,,,
,,303,,,,,,,,,,
,,303,,,,,,,,,,
,,303,,,,,,,,,,
,,249,,,,,,,,,,
,,345,,,,,,,,,,
,,348,,,,,,,,,,
,,248,,,,,,,,,,
,,263,,,,,,,,,,
,,274,,,,,,,,,,
,,275,,,,,,,,,,
,,522,,,,,,,,,,
,,470,,,,,,,,,,
,,463,,,,,,,,,,
,,248,,,,,,,,,,
,,248,,,,,,,,,,
,,248,,,,,,,,,,
,,257,,,,,,,,,,
,,266,,,,,,,,,,
,,255,,,,,,,,,,
,,370,,,,,,,,,,
,,346,,,,,,,,,,
,,356,,,,,,,,,,
,,411,,,,,,,,,,
,,224,,,,,,,,,,
,,224,,,,,,,,,,
,,231,,,,,,,,,,
,,196,,,,,,,,,,
,,225,,,,,,,,,,
,,567,,,,,,,,,,
,,544,,,,,,,,,,
,,547,,,,,,,,,,
,,510,,,,,,,,,,
,,512,,,,,,,,,,
,,225,,,,,,,,,,
,,231,,,,,,,,,,
,,302,,,,,,,,,,
,,271,,,,,,,,,,
,,395,,,,,,,,,,
,,393,,,,,,,,,,
,,381,,,,,,,,,,
,,306,,,,,,,,,,
,,310,,,,,,,,,,
,,426,,,,,,,,,,
,,348,,,,,,,,,,
,,347,,,,,,,,,,
,,289,,,,,,,,,,
,,298,,,,,,,,,,
,,294,,,,,,,,,,
,,332,,,,,,,,,,
,,181,,,,,,,,,,
,,201,,,,,,,,,,
,,262,,,,,,,,,,
,,283,,,,,,,,,,
,,466,,,,,,,,,,
,,281,,,,,,,,,,
,,329,,,,,,,,,,
,,319,,,,,,,,,,
,,315,,,,,,,,,,
,,214,,,,,,,,,,
,,270,,,,,,,,,,
,,258,,,,,,,,,,
,,217,,,,,,,,,,
,,344,,,,,,,,,,
,,225,,,,,,,,,,
,,239,,,,,,,,,,
,,238,,,,,,,,,,
,,236,,,,,,,,,,
,,267,,,,,,,,,,
,,262,,,,,,,,,,
,,252,,,,,,,,,,
,,237,,,,,,,,,,
,,172,,,,,,,,,,
,,599,,,,,,,,,,
,,606,,,,,,,,,,
,,595,,,,,,,,,,
,,225,,,,,,,,,,
,,223,,,,,,,,,,
,,221,,,,,,,,,,
,,274,,,,,,,,,,
,,277,,,,,,,,,,
,,281,,,,,,,,,,
,,219,,,,,,,,,,
,,226,,,,,,,,,,
,,54,,,,,,,,,,
,,224,,,,,,,,,,
,,220,,,,,,,,,,
,,213,,,,,,,,,,
,,83,,,,,,,,,,
,,251,,,,,,,,,,
,,444,,,,,,,,,,
,,61,,,,,,,,,,
,,292,,,,,,,,,,
,,289,,,,,,,,,,
,,252,,,,,,,,,,
,,234,,,,,,,,,,
,,248,,,,,,,,,,
,,461,,,,,,,,,,
,,347,,,,,,,,,,
,,354,,,,,,,,,,
,,511,,,,,,,,,,
,,523,,,,,,,,,,
,,277,,,,,,,,,,
,,282,,,,,,,,,,
,,262,,,,,,,,,,
,,222,,,,,,,,,,
,,335,,,,,,,,,,
,,287,,,,,,,,,,
,,425,,,,,,,,,,
,,470,,,,,,,,,,
,,472,,,,,,,,,,
,,285,,,,,,,,,,
,,288,,,,,,,,,,
,,285,,,,,,,,,,
,,322,,,,,,,,,,
,,321,,,,,,,,,,
,,338,,,,,,,,,,
,,367,,,,,,,,,,
,,380,,,,,,,,,,
,,267,,,,,,,,,,
,,253,,,,,,,,,,
,,251,,,,,,,,,,
,,462,,,,,,,,,,
,,438,,,,,,,,,,
,,235,,,,,,,,,,
,,229,,,,,,,,,,
,,221,,,,,,,,,,
,,233,,,,,,,,,,
,,242,,,,,,,,,,
,,244,,,,,,,,,,
,,271,,,,,,,,,,
,,271,,,,,,,,,,
,,280,,,,,,,,,,
,,467,,,,,,,,,,
,,357,,,,,,,,,,
,,302,,,,,,,,,,
,,784,,,,,,,,,,
,,835,,,,,,,,,,
,,751,,,,,,,,,,
,,667,,,,,,,,,,
,,673,,,,,,,,,,
,,660,,,,,,,,,,
,,305,,,,,,,,,,
,,314,,,,,,,,,,
,,314,,,,,,,,,,
,,311,,,,,,,,,,
,,277,,,,,,,,,,
,,286,,,,,,,,,,
,,283,,,,,,,,,,
,,236,,,,,,,,,,
,,243,,,,,,,,,,
,,265,,,,,,,,,,
,,241,,,,,,,,,,
,,250,,,,,,,,,,
,,251,,,,,,,,,,
,,234,,,,,,,,,,
,,264,,,,,,,,,,
,,616,,,,,,,,,,
,,623,,,,,,,,,,
,,230,,,,,,,,,,
,,230,,,,,,,,,,
,,223,,,,,,,,,,
,,413,,,,,,,,,,
,,426,,,,,,,,,,
,,639,,,,,,,,,,
,,245,,,,,,,,,,
,,246,,,,,,,,,,
,,312,,,,,,,,,,
,,317,,,,,,,,,,
,,425,,,,,,,,,,
,,431,,,,,,,,,,
,,425,,,,,,,,,,
,,309,,,,,,,,,,
,,285,,,,,,,,,,
,,283,,,,,,,,,,
,,400,,,,,,,,,,
,,408,,,,,,,,,,
,,427,,,,,,,,,,
,,323,,,,,,,,,,
,,271,,,,,,,,,,
,,261,,,,,,,,,,
,,294,,,,,,,,,,
,,568,,,,,,,,,,
,,222,,,,,,,,,,
,,226,,,,,,,,,,
,,405,,,,,,,,,,
,,456,,,,,,,,,,
,,302,,,,,,,,,,
,,322,,,,,,,,,,
,,322,,,,,,,,,,
,,564,,,,,,,,,,
,,578,,,,,,,,,,
,,438,,,,,,,,,,
,,438,,,,,,,,,,
,,431,,,,,,,,,,
,,221,,,,,,,,,,
,,312,,,,,,,,,,
,,500,,,,,,,,,,
,,306,,,,,,,,,,
,,306,,,,,,,,,,
,,301,,,,,,,,,,
,,262,,,,,,,,,,
,,269,,,,,,,,,,
,,259,,,,,,,,,,
,,285,,,,,,,,,,
,,362,,,,,,,,,,
,,286,,,,,,,,,,
,,303,,,,,,,,,,
,,312,,,,,,,,,,
,,347,,,,,,,,,,
,,371,,,,,,,,,,
,,369,,,,,,,,,,
,,314,,,,,,,,,,
,,290,,,,,,,,,,
,,295,,,,,,,,,,
,,275,,,,,,,,,,
,,442,,,,,,,,,,
,,265,,,,,,,,,,
,,551,,,,,,,,,,
,,565,,,,,,,,,,
,,248,,,,,,,,,,
,,495,,,,,,,,,,
,,493,,,,,,,,,,
,,417,,,,,,,,,,
,,276,,,,,,,,,,
,,479,,,,,,,,,,
,,486,,,,,,,,,,
,,489,,,,,,,,,,
,,308,,,,,,,,,,
,,315,,,,,,,,,,
,,382,,,,,,,,,,
,,532,,,,,,,,,,
,,250,,,,,,,,,,
,,254,,,,,,,,,,
,,255,,,,,,,,,,
,,115,,,,,,,,,,
,,265,,,,,,,,,,
,,278,,,,,,,,,,
,,288,,,,,,,,,,
,,206,,,,,,,,,,
,,209,,,,,,,,,,
,,214,,,,,,,,,,
,,299,,,,,,,,,,
,,290,,,,,,,,,,
,,275,,,,,,,,,,
,,54,,,,,,,,,,
,,325,,,,,,,,,,
,,357,,,,,,,,,,
,,362,,,,,,,,,,
,,291,,,,,,,,,,
,,279,,,,,,,,,,
,,306,,,,,,,,,,
,,307,,,,,,,,,,
,,265,,,,,,,,,,
,,266,,,,,,,,,,
,,399,,,,,,,,,,
,,384,,,,,,,,,,
,,413,,,,,,,,,,
,,309,,,,,,,,,,
,,298,,,,,,,,,,
,,297,,,,,,,,,,
,,523,,,,,,,,,,
,,513,,,,,,,,,,
,,377,,,,,,,,,,
,,704,,,,,,,,,,
,,298,,,,,,,,,,
,,304,,,,,,,,,,
,,301,,,,,,,,,,
,,85,,,,,,,,,,
,,321,,,,,,,,,,
,,387,,,,,,,,,,
,,160,,,,,,,,,,
,,311,,,,,,,,,,
,,339,,,,,,,,,,
,,234,,,,,,,,,,
,,241,,,,,,,,,,
,,457,,,,,,,,,,
,,273,,,,,,,,,,
,,281,,,,,,,,,,
,,284,,,,,,,,,,
,,797,,,,,,,,,,
,,817,,,,,,,,,,
,,821,,,,,,,,,,
,,286,,,,,,,,,,
,,277,,,,,,,,,,
,,250,,,,,,,,,,
,,307,,,,,,,,,,
,,390,,,,,,,,,,
,,308,,,,,,,,,,
,,296,,,,,,,,,,
,,293,,,,,,,,,,
,,623,,,,,,,,,,
,,626,,,,,,,,,,
,,610,,,,,,,,,,
,,320,,,,,,,,,,
,,318,,,,,,,,,,
,,320,,,,,,,,,,
,,304,,,,,,,,,,
,,309,,,,,,,,,,
,,71,,,,,,,,,,
,,284,,,,,,,,,,
,,275,,,,,,,,,,
,,285,,,,,,,,,,
,,282,,,,,,,,,,
,,296,,,,,,,,,,
,,319,,,,,,,,,,
,,646,,,,,,,,,,
,,284,,,,,,,,,,
,,160,,,,,,,,,,
,,235,,,,,,,,,,
,,236,,,,,,,,,,
,,238,,,,,,,,,,
,,245,,,,,,,,,,
,,254,,,,,,,,,,
,,572,,,,,,,,,,
,,595,,,,,,,,,,
,,419,,,,,,,,,,
,,263,,,,,,,,,,
,,270,,,,,,,,,,
,,271,,,,,,,,,,
,,285,,,,,,,,,,
,,285,,,,,,,,,,
,,285,,,,,,,,,,
,,239,,,,,,,,,,
,,235,,,,,,,,,,
,,239,,,,,,,,,,
,,248,,,,,,,,,,
,,257,,,,,,,,,,
,,258,,,,,,,,,,
,,331,,,,,,,,,,
,,338,,,,,,,,,,
,,333,,,,,,,,,,
,,282,,,,,,,,,,
,,289,,,,,,,,,,
,,265,,,,,,,,,,
,,278,,,,,,,,,,
,,281,,,,,,,,,,
,,282,,,,,,,,,,
,,254,,,,,,,,,,
,,262,,,,,,,,,,
,,262,,,,,,,,,,
,,273,,,,,,,,,,
,,351,,,,,,,,,,
,,353,,,,,,,,,,
,,351,,,,,,,,,,
,,300,,,,,,,,,,
,,308,,,,,,,,,,
,,309,,,,,,,,,,
,,254,,,,,,,,,,
,,263,,,,,,,,,,
,,260,,,,,,,,,,
,,74,,,,,,,,,,
,,323,,,,,,,,,,
,,319,,,,,,,,,,
,,261,,,,,,,,,,
,,376,,,,,,,,,,
,,362,,,,,,,,,,
,,360,,,,,,,,,,
,,95,,,,,,,,,,
,,355,,,,,,,,,,
,,435,,,,,,,,,,
,,444,,,,,,,,,,
,,446,,,,,,,,,,
,,481,,,,,,,,,,
,,486,,,,,,,,,,
,,476,,,,,,,,,,
,,292,,,,,,,,,,
,,300,,,,,,,,,,
,,297,,,,,,,,,,
,,219,,,,,,,,,,
,,299,,,,,,,,,,
,,344,,,,,,,,,,
,,456,,,,,,,,,,
,,365,,,,,,,,,,
,,378,,,,,,,,,,
,,281,,,,,,,,,,
,,231,,,,,,,,,,
,,87,,,,,,,,,,
,,261,,,,,,,,,,
,,265,,,,,,,,,,
,,270,,,,,,,,,,
,,242,,,,,,,,,,
,,248,,,,,,,,,,
,,257,,,,,,,,,,
,,98,,,,,,,,,,
,,250,,,,,,,,,,
,,249,,,,,,,,,,
,,250,,,,,,,,,,
,,252,,,,,,,,,,
,,263,,,,,,,,,,
,,272,,,,,,,,,,
,,223,,,,,,,,,,
,,223,,,,,,,,,,
,,231,,,,,,,,,,
,,344,,,,,,,,,,
,,348,,,,,,,,,,
,,344,,,,,,,,,,
,,294,,,,,,,,,,
,,246,,,,,,,,,,
,,249,,,,,,,,,,
,,221,,,,,,,,,,
,,203,,,,,,,,,,
,,252,,,,,,,,,,
,,255,,,,,,,,,,
,,244,,,,,,,,,,
,,242,,,,,,,,,,
,,220,,,,,,,,,,
,,226,,,,,,,,,,
,,227,,,,,,,,,,
,,296,,,,,,,,,,
,,305,,,,,,,,,,
,,300,,,,,,,,,,
,,256,,,,,,,,,,
,,267,,,,,,,,,,
,,268,,,,,,,,,,
,,274,,,,,,,,,,
,,174,,,,,,,,,,
,,180,,,,,,,,,,
,,173,,,,,,,,,,
,,265,,,,,,,,,,
,,374,,,,,,,,,,
,,373,,,,,,,,,,
,,324,,,,,,,,,,
,,221,,,,,,,,,,
,,225,,,,,,,,,,
,,235,,,,,,,,,,
,,319,,,,,,,,,,
,,335,,,,,,,,,,
,,343,,,,,,,,,,
,,340,,,,,,,,,,
,,341,,,,,,,,,,
,,351,,,,,,,,,,
,,348,,,,,,,,,,
,,319,,,,,,,,,,
,,649,,,,,,,,,,
,,323,,,,,,,,,,
,,255,,,,,,,,,,
,,264,,,,,,,,,,
,,265,,,,,,,,,,
,,245,,,,,,,,,,
,,253,,,,,,,,,,
,,254,,,,,,,,,,
,,268,,,,,,,,,,
,,273,,,,,,,,,,
,,283,,,,,,,,,,
,,226,,,,,,,,,,
,,230,,,,,,,,,,
,,238,,,,,,,,,,
,,295,,,,,,,,,,
,,298,,,,,,,,,,
,,299,,,,,,,,,,
,,310,,,,,,,,,,
,,282,,,,,,,,,,
,,257,,,,,,,,,,
,,259,,,,,,,,,,
,,309,,,,,,,,,,
,,276,,,,,,,,,,
,,284,,,,,,,,,,
,,280,,,,,,,,,,
,,254,,,,,,,,,,
,,225,,,,,,,,,,
,,230,,,,,,,,,,
,,238,,,,,,,,,,
,,258,,,,,,,,,,
,,262,,,,,,,,,,
,,258,,,,,,,,,,
,,226,,,,,,,,,,
,,222,,,,,,,,,,
,,331,,,,,,,,,,
,,331,,,,,,,,,,
,,301,,,,,,,,,,
,,281,,,,,,,,,,
,,285,,,,,,,,,,
,,282,,,,,,,,,,
,,212,,,,,,,,,,
,,217,,,,,,,,,,
,,162,,,,,,,,,,
,,167,,,,,,,,,,
,,227,,,,,,,,,,
,,236,,,,,,,,,,
,,237,,,,,,,,,,
,,253,,,,,,,,,,
,,258,,,,,,,,,,
,,258,,,,,,,,,,
,,263,,,,,,,,,,
,,280,,,,,,,,,,
,,280,,,,,,,,,,
,,503,,,,,,,,,,
,,316,,,,,,,,,,
,,313,,,,,,,,,,
,,255,,,,,,,,,,
,,262,,,,,,,,,,
,,260,,,,,,,,,,
,,266,,,,,,,,,,
,,275,,,,,,,,,,
,,276,,,,,,,,,,
,,224,,,,,,,,,,
,,224,,,,,,,,,,
,,225,,,,,,,,,,
,,242,,,,,,,,,,
,,294,,,,,,,,,,
,,301,,,,,,,,,,
,,369,,,,,,,,,,
,,369,,,,,,,,,,
,,367,,,,,,,,,,
,,187,,,,,,,,,,
,,194,,,,,,,,,,
,,192,,,,,,,,,,
,,285,,,,,,,,,,
,,285,,,,,,,,,,
,,286,,,,,,,,,,
,,323,,,,,,,,,,
,,332,,,,,,,,,,
,,274,,,,,,,,,,
,,274,,,,,,,,,,
,,275,,,,,,,,,,
,,286,,,,,,,,,,
,,286,,,,,,,,,,
,,288,,,,,,,,,,
,,650,,,,,,,,,,
,,548,,,,,,,,,,
,,548,,,,,,,,,,
,,254,,,,,,,,,,
,,256,,,,,,,,,,
,,256,,,,,,,,,,
,,218,,,,,,,,,,
,,287,,,,,,,,,,
,,321,,,,,,,,,,
,,330,,,,,,,,,,
,,304,,,,,,,,,,
,,691,,,,,,,,,,
,,361,,,,,,,,,,
,,362,,,,,,,,,,
,,260,,,,,,,,,,
,,109,,,,,,,,,,
,,400,,,,,,,,,,
,,286,,,,,,,,,,
,,293,,,,,,,,,,
,,290,,,,,,,,,,
,,301,,,,,,,,,,
,,301,,,,,,,,,,
,,334,,,,,,,,,,
,,345,,,,,,,,,,
,,354,,,,,,,,,,
,,277,,,,,,,,,,
,,332,,,,,,,,,,
,,372,,,,,,,,,,
,,439,,,,,,,,,,
,,202,,,,,,,,,,
,,208,,,,,,,,,,
,,215,,,,,,,,,,
,,222,,,,,,,,,,
,,229,,,,,,,,,,
,,321,,,,,,,,,,
,,305,,,,,,,,,,
,,205,,,,,,,,,,
,,208,,,,,,,,,,
,,217,,,,,,,,,,
,,277,,,,,,,,,,
,,283,,,,,,,,,,
,,281,,,,,,,,,,
,,245,,,,,,,,,,
,,382,,,,,,,,,,
,,237,,,,,,,,,,
,,218,,,,,,,,,,
,,224,,,,,,,,,,
,,232,,,,,,,,,,
,,451,,,,,,,,,,
,,466,,,,,,,,,,
,,387,,,,,,,,,,
,,393,,,,,,,,,,
,,275,,,,,,,,,,
,,291,,,,,,,,,,
,,286,,,,,,,,,,
,,163,,,,,,,,,,
,,323,,,,,,,,,,
,,528,,,,,,,,,,
,,533,,,,,,,,,,
,,270,,,,,,,,,,
,,278,,,,,,,,,,
,,274,,,,,,,,,,
,,271,,,,,,,,,,
,,287,,,,,,,,,,
,,291,,,,,,,,,,
,,292,,,,,,,,,,
,,231,,,,,,,,,,
,,238,,,,,,,,,,
,,243,,,,,,,,,,
,,241,,,,,,,,,,
,,412,,,,,,,,,,
,,262,,,,,,,,,,
,,215,,,,,,,,,,
,,260,,,,,,,,,,
,,268,,,,,,,,,,
,,277,,,,,,,,,,
,,250,,,,,,,,,,
,,303,,,,,,,,,,
,,276,,,,,,,,,,
,,173,,,,,,,,,,
,,301,,,,,,,,,,
,,303,,,,,,,,,,
,,304,,,,,,,,,,
,,271,,,,,,,,,,
,,275,,,,,,,,,,
,,275,,,,,,,,,,
,,327,,,,,,,,,,
,,336,,,,,,,,,,
,,346,,,,,,,,,,
,,351,,,,,,,,,,
,,227,,,,,,,,,,
,,257,,,,,,,,,,
,,262,,,,,,,,,,
,,259,,,,,,,,,,
,,231,,,,,,,,,,
,,225,,,,,,,,,,
,,223,,,,,,,,,,
,,285,,,,,,,,,,
,,296,,,,,,,,,,
,,298,,,,,,,,,,
,,266,,,,,,,,,,
,,266,,,,,,,,,,
,,270,,,,,,,,,,
,,249,,,,,,,,,,
,,316,,,,,,,,,,
,,228,,,,,,,,,,
,,236,,,,,,,,,,
,,219,,,,,,,,,,
,,236,,,,,,,,,,
,,262,,,,,,,,,,
,,464,,,,,,,,,,
,,338,,,,,,,,,,
,,491,,,,,,,,,,
,,437,,,,,,,,,,
,,318,,,,,,,,,,
,,308,,,,,,,,,,
,,233,,,,,,,,,,
,,255,,,,,,,,,,
,,162,,,,,,,,,,
,,261,,,,,,,,,,
,,415,,,,,,,,,,
,,427,,,,,,,,,,
,,429,,,,,,,,,,
,,261,,,,,,,,,,
,,206,,,,,,,,,,
,,233,,,,,,,,,,
,,240,,,,,,,,,,
,,237,,,,,,,,,,
,,219,,,,,,,,,,
,,261,,,,,,,,,,
,,411,,,,,,,,,,
,,275,,,,,,,,,,
,,407,,,,,,,,,,
,,407,,,,,,,,,,
,,424,,,,,,,,,,
,,229,,,,,,,,,,
,,227,,,,,,,,,,
,,188,,,,,,,,,,
,,337,,,,,,,,,,
,,264,,,,,,,,,,
,,265,,,,,,,,,,
,,278,,,,,,,,,,
,,304,,,,,,,,,,
,,285,,,,,,,,,,
,,248,,,,,,,,,,
,,256,,,,,,,,,,
,,233,,,,,,,,,,
,,135,,,,,,,,,,
,,282,,,,,,,,,,
,,384,,,,,,,,,,
,,287,,,,,,,,,,
,,275,,,,,,,,,,
,,275,,,,,,,,,,
,,225,,,,,,,,,,
,,545,,,,,,,,,,
,,725,,,,,,,,,,
,,243,,,,,,,,,,
,,298,,,,,,,,,,
,,231,,,,,,,,,,
,,238,,,,,,,,,,
,,225,,,,,,,,,,
,,234,,,,,,,,,,
,,234,,,,,,,,,,
,,455,,,,,,,,,,
,,325,,,,,,,,,,
,,339,,,,,,,,,,
,,269,,,,,,,,,,
,,269,,,,,,,,,,
,,271,,,,,,,,,,
,,319,,,,,,,,,,
,,348,,,,,,,,,,
,,191,,,,,,,,,,
,,232,,,,,,,,,,
,,290,,,,,,,,,,
,,264,,,,,,,,,,
,,321,,,,,,,,,,
,,321,,,,,,,,,,
,,321,,,,,,,,,,
,,247,,,,,,,,,,
,,255,,,,,,,,,,
,,255,,,,,,,,,,
,,344,,,,,,,,,,
,,361,,,,,,,,,,
,,358,,,,,,,,,,
,,323,,,,,,,,,,
,,328,,,,,,,,,,
,,320,,,,,,,,,,
,,320,,,,,,,,,,
,,320,,,,,,,,,,
,,366,,,,,,,,,,
,,368,,,,,,,,,,
,,368,,,,,,,,,,
,,209,,,,,,,,,,
,,202,,,,,,,,,,
,,497,,,,,,,,,,
,,348,,,,,,,,,,
,,356,,,,,,,,,,
,,353,,,,,,,,,,
,,69,,,,,,,,,,
,,296,,,,,,,,,,
,,309,,,,,,,,,,
,,316,,,,,,,,,,
,,294,,,,,,,,,,
,,437,,,,,,,,,,
,,672,,,,,,,,,,
,,675,,,,,,,,,,
,,378,,,,,,,,,,
,,395,,,,,,,,,,
,,199,,,,,,,,,,
,,202,,,,,,,,,,
,,203,,,,,,,,,,
,,267,,,,,,,,,,
,,275,,,,,,,,,,
,,276,,,,,,,,,,
,,345,,,,,,,,,,
,,333,,,,,,,,,,
,,333,,,,,,,,,,
,,267,,,,,,,,,,
,,273,,,,,,,,,,
,,432,,,,,,,,,,
,,424,,,,,,,,,,
,,388,,,,,,,,,,
,,390,,,,,,,,,,
,,225,,,,,,,,,,
,,232,,,,,,,,,,
,,232,,,,,,,,,,
,,318,,,,,,,,,,
,,327,,,,,,,,,,
,,369,,,,,,,,,,
,,307,,,,,,,,,,
,,248,,,,,,,,,,
,,343,,,,,,,,,,
,,290,,,,,,,,,,
,,258,,,,,,,,,,
,,279,,,,,,,,,,
,,644,,,,,,,,,,
,,582,,,,,,,,,,
,,85,,,,,,,,,,
,,313,,,,,,,,,,
,,269,,,,,,,,,,
,,244,,,,,,,,,,
,,255,,,,,,,,,,
,,216,,,,,,,,,,
,,260,,,,,,,,,,
,,253,,,,,,,,,,
,,262,,,,,,,,,,
,,264,,,,,,,,,,
,,195,,,,,,,,,,
,,203,,,,,,,,,,
,,340,,,,,,,,,,
,,271,,,,,,,,,,
,,267,,,,,,,,,,
,,302,,,,,,,,,,
,,314,,,,,,,,,,
,,284,,,,,,,,,,
,,334,,,,,,,,,,
,,334,,,,,,,,,,
,,334,,,,,,,,,,
,,655,,,,,,,,,,
,,389,,,,,,,,,,
,,393,,,,,,,,,,
,,427,,,,,,,,,,
,,596,,,,,,,,,,
,,87,,,,,,,,,,
,,338,,,,,,,,,,
,,268,,,,,,,,,,
,,277,,,,,,,,,,
,,278,,,,,,,,,,
,,152,,,,,,,,,,
,,262,,,,,,,,,,
,,248,,,,,,,,,,
,,257,,,,,,,,,,
,,258,,,,,,,,,,
,,258,,,,,,,,,,
,,263,,,,,,,,,,
,,599,,,,,,,,,,
,,599,,,,,,,,,,
,,602,,,,,,,,,,
,,364,,,,,,,,,,
,,365,,,,,,,,,,
,,365,,,,,,,,,,
,,509,,,,,,,,,,
,,461,,,,,,,,,,
,,343,,,,,,,,,,
,,278,,,,,,,,,,
,,233,,,,,,,,,,
,,355,,,,,,,,,,
,,368,,,,,,,,,,
,,364,,,,,,,,,,
,,272,,,,,,,,,,
,,273,,,,,,,,,,
,,624,,,,,,,,,,
,,282,,,,,,,,,,
,,269,,,,,,,,,,
,,259,,,,,,,,,,
,,278,,,,,,,,,,
,,296,,,,,,,,,,
,,301,,,,,,,,,,
,,298,,,,,,,,,,
,,404,,,,,,,,,,
,,490,,,,,,,,,,
,,500,,,,,,,,,,
,,206,,,,,,,,,,
,,67,,,,,,,,,,
,,328,,,,,,,,,,
,,330,,,,,,,,,,
,,302,,,,,,,,,,
,,314,,,,,,,,,,
,,311,,,,,,,,,,
,,364,,,,,,,,,,
,,382,,,,,,,,,,
,,382,,,,,,,,,,
,,338,,,,,,,,,,
,,348,,,,,,,,,,
,,345,,,,,,,,,,
,,298,,,,,,,,,,
,,317,,,,,,,,,,
,,343,,,,,,,,,,
,,283,,,,,,,,,,
,,294,,,,,,,,,,
,,291,,,,,,,,,,
,,306,,,,,,,,,,
,,313,,,,,,,,,,
,,315,,,,,,,,,,
,,95,,,,,,,,,,
,,325,,,,,,,,,,
,,414,,,,,,,,,,
,,313,,,,,,,,,,
,,275,,,,,,,,,,
,,290,,,,,,,,,,
,,388,,,,,,,,,,
,,304,,,,,,,,,,
,,313,,,,,,,,,,
,,310,,,,,,,,,,
,,288,,,,,,,,,,
,,289,,,,,,,,,,
,,281,,,,,,,,,,
,,314,,,,,,,,,,
,,322,,,,,,,,,,
,,299,,,,,,,,,,
,,310,,,,,,,,,,
,,317,,,,,,,,,,
,,242,,,,,,,,,,
,,445,,,,,,,,,,
,,215,,,,,,,,,,
,,197,,,,,,,,,,
,,233,,,,,,,,,,
,,236,,,,,,,,,,
,,234,,,,,,,,,,
,,271,,,,,,,,,,
,,272,,,,,,,,,,
,,269,,,,,,,,,,
,,296,,,,,,,,,,
,,299,,,,,,,,,,
,,296,,,,,,,,,,
,,309,,,,,,,,,,
,,306,,,,,,,,,,
,,303,,,,,,,,,,
,,314,,,,,,,,,,
,,625,,,,,,,,,,
,,652,,,,,,,,,,
,,414,,,,,,,,,,
,,299,,,,,,,,,,
,,308,,,,,,,,,,
,,305,,,,,,,,,,
,,382,,,,,,,,,,
,,387,,,,,,,,,,
,,387,,,,,,,,,,
,,216,,,,,,,,,,
,,222,,,,,,,,,,
,,230,,,,,,,,,,
,,319,,,,,,,,,,
,,292,,,,,,,,,,
,,266,,,,,,,,,,
,,439,,,,,,,,,,
,,454,,,,,,,,,,
,,457,,,,,,,,,,
,,258,,,,,,,,,,
,,266,,,,,,,,,,
,,266,,,,,,,,,,
,,300,,,,,,,,,,
,,296,,,,,,,,,,
,,306,,,,,,,,,,
,,323,,,,,,,,,,
,,307,,,,,,,,,,
,,304,,,,,,,,,,
,,300,,,,,,,,,,
,,312,,,,,,,,,,
,,334,,,,,,,,,,
,,461,,,,,,,,,,
,,421,,,,,,,,,,
,,385,,,,,,,,,,
,,312,,,,,,,,,,
,,229,,,,,,,,,,
,,235,,,,,,,,,,
,,233,,,,,,,,,,
,,429,,,,,,,,,,
,,474,,,,,,,,,,
,,491,,,,,,,,,,
,,436,,,,,,,,,,
,,218,,,,,,,,,,
,,285,,,,,,,,,,
,,295,,,,,,,,,,
,,354,,,,,,,,,,
,,299,,,,,,,,,,
,,219,,,,,,,,,,
,,225,,,,,,,,,,
,,297,,,,,,,,,,
,,124,,,,,,,,,,
,,216,,,,,,,,,,
,,223,,,,,,,,,,
,,287,,,,,,,,,,
,,704,,,,,,,,,,
,,694,,,,,,,,,,
,,690,,,,,,,,,,
,,420,,,,,,,,,,
,,433,,,,,,,,,,
,,448,,,,,,,,,,
,,217,,,,,,,,,,
,,260,,,,,,,,,,
,,299,,,,,,,,,,
,,309,,,,,,,,,,
,,394,,,,,,,,,,
,,403,,,,,,,,,,
,,248,,,,,,,,,,
,,257,,,,,,,,,,
,,258,,,,,,,,,,
,,318,,,,,,,,,,
,,329,,,,,,,,,,
,,321,,,,,,,,,,
,,96,,,,,,,,,,
,,345,,,,,,,,,,
,,369,,,,,,,,,,
,,326,,,,,,,,,,
,,413,,,,,,,,,,
,,320,,,,,,,,,,
,,283,,,,,,,,,,
,,292,,,,,,,,,,
,,293,,,,,,,,,,
,,729,,,,,,,,,,
,,729,,,,,,,,,,
,,425,,,,,,,,,,
,,430,,,,,,,,,,
,,324,,,,,,,,,,
,,212,,,,,,,,,,
,,212,,,,,,,,,,
,,209,,,,,,,,,,
,,715,,,,,,,,,,
,,736,,,,,,,,,,
,,762,,,,,,,,,,
,,258,,,,,,,,,,
,,275,,,,,,,,,,
,,275,,,,,,,,,,
,,304,,,,,,,,,,
,,72,,,,,,,,,,
,,212,,,,,,,,,,
,,216,,,,,,,,,,
,,224,,,,,,,,,,
,,290,,,,,,,,,,
,,432,,,,,,,,,,
,,307,,,,,,,,,,
,,303,,,,,,,,,,
,,304,,,,,,,,,,
,,313,,,,,,,,,,
,,311,,,,,,,,,,
,,426,,,,,,,,,,
,,217,,,,,,,,,,
,,277,,,,,,,,,,
,,318,,,,,,,,,,
,,345,,,,,,,,,,
,,373,,,,,,,,,,
,,219,,,,,,,,,,
,,361,,,,,,,,,,
,,259,,,,,,,,,,
,,267,,,,,,,,,,
,,268,,,,,,,,,,
,,297,,,,,,,,,,
,,283,,,,,,,,,,
,,290,,,,,,,,,,
,,300,,,,,,,,,,
,,449,,,,,,,,,,
,,462,,,,,,,,,,
,,457,,,,,,,,,,
,,352,,,,,,,,,,
,,259,,,,,,,,,,
,,260,,,,,,,,,,
,,272,,,,,,,,,,
,,316,,,,,,,,,,
,,349,,,,,,,,,,
,,354,,,,,,,,,,
,,356,,,,,,,,,,
,,361,,,,,,,,,,
,,363,,,,,,,,,,
,,523,,,,,,,,,,
,,231,,,,,,,,,,
,,234,,,,,,,,,,
,,404,,,,,,,,,,
,,268,,,,,,,,,,
,,272,,,,,,,,,,
,,267,,,,,,,,,,
,,276,,,,,,,,,,
,,277,,,,,,,,,,
,,242,,,,,,,,,,
,,235,,,,,,,,,,
,,246,,,,,,,,,,
,,260,,,,,,,,,,
,,257,,,,,,,,,,
,,266,,,,,,,,,,
,,331,,,,,,,,,,
,,311,,,,,,,,,,
,,307,,,,,,,,,,
,,304,,,,,,,,,,
,,358,,,,,,,,,,
,,286,,,,,,,,,,
,,364,,,,,,,,,,
,,363,,,,,,,,,,
,,398,,,,,,,,,,
,,329,,,,,,,,,,
,,402,,,,,,,,,,
,,358,,,,,,,,,,
,,269,,,,,,,,,,
,,325,,,,,,,,,,
,,220,,,,,,,,,,
,,224,,,,,,,,,,
,,238,,,,,,,,,,
,,238,,,,,,,,,,
,,270,,,,,,,,,,
,,262,,,,,,,,,,
,,269,,,,,,,,,,
,,258,,,,,,,,,,
,,263,,,,,,,,,,
,,272,,,,,,,,,,
,,237,,,,,,,,,,
,,243,,,,,,,,,,
,,242,,,,,,,,,,
,,305,,,,,,,,,,
,,308,,,,,,,,,,
,,275,,,,,,,,,,
,,288,,,,,,,,,,
,,417,,,,,,,,,,
,,500,,,,,,,,,,
,,249,,,,,,,,,,
,,231,,,,,,,,,,
,,245,,,,,,,,,,
,,280,,,,,,,,,,
,,276,,,,,,,,,,
,,262,,,,,,,,,,
,,480,,,,,,,,,,
,,482,,,,,,,,,,
,,129,,,,,,,,,,
,,239,,,,,,,,,,
,,284,,,,,,,,,,
,,311,,,,,,,,,,
,,308,,,,,,,,,,
,,463,,,,,,,,,,
,,273,,,,,,,,,,
,,279,,,,,,,,,,
,,264,,,,,,,,,,
,,225,,,,,,,,,,
,,232,,,,,,,,,,
,,233,,,,,,,,,,
,,244,,,,,,,,,,
,,552,,,,,,,,,,
,,552,,,,,,,,,,
,,552,,,,,,,,,,
,,298,,,,,,,,,,
,,316,,,,,,,,,,
,,327,,,,,,,,,,
,,257,,,,,,,,,,
,,266,,,,,,,,,,
,,266,,,,,,,,,,
,,641,,,,,,,,,,
,,429,,,,,,,,,,
,,435,,,,,,,,,,
,,286,,,,,,,,,,
,,311,,,,,,,,,,
,,276,,,,,,,,,,
,,277,,,,,,,,,,
,,326,,,,,,,,,,
,,306,,,,,,,,,,
,,207,,,,,,,,,,
,,671,,,,,,,,,,
,,675,,,,,,,,,,
,,398,,,,,,,,,,
,,398,,,,,,,,,,
,,442,,,,,,,,,,
,,444,,,,,,,,,,
,,442,,,,,,,,,,
,,621,,,,,,,,,,
,,628,,,,,,,,,,
,,416,,,,,,,,,,
,,331,,,,,,,,,,
,,341,,,,,,,,,,
,,336,,,,,,,,,,
,,271,,,,,,,,,,
,,361,,,,,,,,,,
,,357,,,,,,,,,,
,,453,,,,,,,,,,
,,460,,,,,,,,,,
,,411,,,,,,,,,,
,,256,,,,,,,,,,
,,289,,,,,,,,,,
,,300,,,,,,,,,,
,,300,,,,,,,,,,
,,413,,,,,,,,,,
,,359,,,,,,,,,,
,,368,,,,,,,,,,
,,362,,,,,,,,,,
,,237,,,,,,,,,,
,,233,,,,,,,,,,
,,290,,,,,,,,,,
,,276,,,,,,,,,,
,,278,,,,,,,,,,
,,454,,,,,,,,,,
,,454,,,,,,,,,,
,,449,,,,,,,,,,
,,368,,,,,,,,,,
,,402,,,,,,,,,,
,,402,,,,,,,,,,
,,291,,,,,,,,,,
,,303,,,,,,,,,,
,,445,,,,,,,,,,
,,332,,,,,,,,,,
,,279,,,,,,,,,,
,,283,,,,,,,,,,
,,280,,,,,,,,,,
,,241,,,,,,,,,,
,,263,,,,,,,,,,
,,273,,,,,,,,,,
,,274,,,,,,,,,,
,,280,,,,,,,,,,
,,331,,,,,,,,,,
,,341,,,,,,,,,,
,,336,,,,,,,,,,
,,296,,,,,,,,,,
,,293,,,,,,,,,,
,,241,,,,,,,,,,
,,239,,,,,,,,,,
,,246,,,,,,,,,,
,,250,,,,,,,,,,
,,274,,,,,,,,,,
,,394,,,,,,,,,,
,,688,,,,,,,,,,
,,867,,,,,,,,,,
,,458,,,,,,,,,,
,,469,,,,,,,,,,
,,469,,,,,,,,,,
,,387,,,,,,,,,,
,,393,,,,,,,,,,
,,406,,,,,,,,,,
,,409,,,,,,,,,,
,,233,,,,,,,,,,
,,247,,,,,,,,,,
,,255,,,,,,,,,,
,,255,,,,,,,,,,
,,259,,,,,,,,,,
,,248,,,,,,,,,,
,,265,,,,,,,,,,
,,287,,,,,,,,,,
,,190,,,,,,,,,,
,,224,,,,,,,,,,
,,336,,,,,,,,,,
,,341,,,,,,,,,,
,,338,,,,,,,,,,
,,282,,,,,,,,,,
,,289,,,,,,,,,,
,,265,,,,,,,,,,
,,274,,,,,,,,,,
,,274,,,,,,,,,,
,,230,,,,,,,,,,
,,232,,,,,,,,,,
,,233,,,,,,,,,,
,,202,,,,,,,,,,
,,209,,,,,,,,,,
,,253,,,,,,,,,,
,,242,,,,,,,,,,
,,251,,,,,,,,,,
,,410,,,,,,,,,,
,,439,,,,,,,,,,
,,458,,,,,,,,,,
,,434,,,,,,,,,,
,,48,,,,,,,,,,
,,543,,,,,,,,,,
,,272,,,,,,,,,,
,,306,,,,,,,,,,
,,396,,,,,,,,,,
,,388,,,,,,,,,,
,,308,,,,,,,,,,
,,318,,,,,,,,,,
,,295,,,,,,,,,,
,,304,,,,,,,,,,
,,254,,,,,,,,,,
,,257,,,,,,,,,,
,,268,,,,,,,,,,
,,276,,,,,,,,,,
,,256,,,,,,,,,,
,,66,,,,,,,,,,
,,277,,,,,,,,,,
,,149,,,,,,,,,,
,,607,,,,,,,,,,
,,614,,,,,,,,,,
,,247,,,,,,,,,,
,,251,,,,,,,,,,
,,249,,,,,,,,,,
,,254,,,,,,,,,,
,,240,,,,,,,,,,
,,235,,,,,,,,,,
,,255,,,,,,,,,,
,,267,,,,,,,,,,
,,268,,,,,,,,,,
,,335,,,,,,,,,,
,,259,,,,,,,,,,
,,273,,,,,,,,,,
,,374,,,,,,,,,,
,,261,,,,,,,,,,
,,269,,,,,,,,,,
,,279,,,,,,,,,,
,,232,,,,,,,,,,
,,241,,,,,,,,,,
,,241,,,,,,,,,,
,,206,,,,,,,,,,
,,214,,,,,,,,,,
,,221,,,,,,,,,,
,,228,,,,,,,,,,
,,235,,,,,,,,,,
,,233,,,,,,,,,,
,,315,,,,,,,,,,
,,324,,,,,,,,,,
,,324,,,,,,,,,,
,,456,,,,,,,,,,
,,463,,,,,,,,,,
,,465,,,,,,,,,,
,,692,,,,,,,,,,
,,602,,,,,,,,,,
,,103,,,,,,,,,,
,,424,,,,,,,,,,
,,298,,,,,,,,,,
,,522,,,,,,,,,,
,,530,,,,,,,,,,
,,482,,,,,,,,,,
,,464,,,,,,,,,,
,,428,,,,,,,,,,
,,438,,,,,,,,,,
,,311,,,,,,,,,,
,,340,,,,,,,,,,
,,267,,,,,,,,,,
,,264,,,,,,,,,,
,,270,,,,,,,,,,
,,235,,,,,,,,,,
,,223,,,,,,,,,,
,,224,,,,,,,,,,
,,346,,,,,,,,,,
,,357,,,,,,,,,,
,,289,,,,,,,,,,
,,218,,,,,,,,,,
,,246,,,,,,,,,,
,,253,,,,,,,,,,
,,254,,,,,,,,,,
,,305,,,,,,,,,,
,,314,,,,,,,,,,
,,321,,,,,,,,,,
,,263,,,,,,,,,,
,,271,,,,,,,,,,
,,267,,,,,,,,,,
,,275,,,,,,,,,,
,,284,,,,,,,,,,
,,279,,,,,,,,,,
,,235,,,,,,,,,,
,,246,,,,,,,,,,
,,221,,,,,,,,,,
,,189,,,,,,,,,,
,,363,,,,,,,,,,
,,369,,,,,,,,,,
,,361,,,,,,,,,,
,,336,,,,,,,,,,
,,343,,,,,,,,,,
,,388,,,,,,,,,,
,,394,,,,,,,,,,
,,386,,,,,,,,,,
,,298,,,,,,,,,,
,,304,,,,,,,,,,
,,314,,,,,,,,,,
,,276,,,,,,,,,,
,,320,,,,,,,,,,
,,257,,,,,,,,,,
,,259,,,,,,,,,,
,,308,,,,,,,,,,
,,224,,,,,,,,,,
,,226,,,,,,,,,,
,,236,,,,,,,,,,
,,262,,,,,,,,,,
,,285,,,,,,,,,,
,,451,,,,,,,,,,
,,442,,,,,,,,,,
,,449,,,,,,,,,,
,,327,,,,,,,,,,
,,296,,,,,,,,,,
,,307,,,,,,,,,,
,,447,,,,,,,,,,
,,418,,,,,,,,,,
,,413,,,,,,,,,,
,,278,,,,,,,,,,
,,342,,,,,,,,,,
,,346,,,,,,,,,,
,,344,,,,,,,,,,
,,228,,,,,,,,,,
,,229,,,,,,,,,,
,,227,,,,,,,,,,
,,721,,,,,,,,,,
,,225,,,,,,,,,,
,,218,,,,,,,,,,
,,226,,,,,,,,,,
,,338,,,,,,,,,,
,,349,,,,,,,,,,
,,270,,,,,,,,,,
,,378,,,,,,,,,,
,,370,,,,,,,,,,
,,372,,,,,,,,,,
,,365,,,,,,,,,,
,,292,,,,,,,,,,
,,302,,,,,,,,,,
,,302,,,,,,,,,,
,,218,,,,,,,,,,
,,224,,,,,,,,,,
,,224,,,,,,,,,,
,,273,,,,,,,,,,
,,273,,,,,,,,,,
,,264,,,,,,,,,,
,,435,,,,,,,,,,
,,258,,,,,,,,,,
,,262,,,,,,,,,,
,,271,,,,,,,,,,
,,265,,,,,,,,,,
,,205,,,,,,,,,,
,,203,,,,,,,,,,
,,175,,,,,,,,,,
,,278,,,,,,,,,,
,,448,,,,,,,,,,
,,400,,,,,,,,,,
,,363,,,,,,,,,,
,,93,,,,,,,,,,
,,96,,,,,,,,,,
,,97,,,,,,,,,,
,,235,,,,,,,,,,
,,242,,,,,,,,,,
,,240,,,,,,,,,,
,,361,,,,,,,,,,
,,365,,,,,,,,,,
,,365,,,,,,,,,,
,,239,,,,,,,,,,
,,244,,,,,,,,,,
,,219,,,,,,,,,,
,,229,,,,,,,,,,
,,237,,,,,,,,,,
,,186,,,,,,,,,,
,,198,,,,,,,,,,
,,233,,,,,,,,,,
,,238,,,,,,,,,,
,,236,,,,,,,,,,
,,233,,,,,,,,,,
,,240,,,,,,,,,,
,,249,,,,,,,,,,
,,267,,,,,,,,,,
,,276,,,,,,,,,,
,,261,,,,,,,,,,
,,318,,,,,,,,,,
,,318,,,,,,,,,,
,,315,,,,,,,,,,
,,245,,,,,,,,,,
,,218,,,,,,,,,,
,,219,,,,,,,,,,
,,273,,,,,,,,,,
,,293,,,,,,,,,,
,,277,,,,,,,,,,
,,251,,,,,,,,,,
,,225,,,,,,,,,,
,,227,,,,,,,,,,
,,180,,,,,,,,,,
,,177,,,,,,,,,,
,,177,,,,,,,,,,
,,193,,,,,,,,,,
,,186,,,,,,,,,,
,,186,,,,,,,,,,
,,276,,,,,,,,,,
,,276,,,,,,,,,,
,,276,,,,,,,,,,
,,228,,,,,,,,,,
,,231,,,,,,,,,,
,,226,,,,,,,,,,
,,274,,,,,,,,,,
,,272,,,,,,,,,,
,,252,,,,,,,,,,
,,291,,,,,,,,,,
,,294,,,,,,,,,,
,,291,,,,,,,,,,
,,255,,,,,,,,,,
,,257,,,,,,,,,,
,,282,,,,,,,,,,
,,287,,,,,,,,,,
,,408,,,,,,,,,,
,,378,,,,,,,,,,
,,374,,,,,,,,,,
,,309,,,,,,,,,,
,,331,,,,,,,,,,
,,331,,,,,,,,,,
,,231,,,,,,,,,,
,,197,,,,,,,,,,
,,197,,,,,,,,,,
,,193,,,,,,,,,,
,,194,,,,,,,,,,
,,233,,,,,,,,,,
,,238,,,,,,,,,,
,,175,,,,,,,,,,
,,180,,,,,,,,,,
,,169,,,,,,,,,,
,,175,,,,,,,,,,
,,181,,,,,,,,,,
,,260,,,,,,,,,,
,,260,,,,,,,,,,
,,62,,,,,,,,,,
,,281,,,,,,,,,,
,,285,,,,,,,,,,
,,287,,,,,,,,,,
,,231,,,,,,,,,,
,,238,,,,,,,,,,
,,234,,,,,,,,,,
,,249,,,,,,,,,,
,,265,,,,,,,,,,
,,265,,,,,,,,,,
,,260,,,,,,,,,,
,,247,,,,,,,,,,
,,240,,,,,,,,,,
,,246,,,,,,,,,,
,,246,,,,,,,,,,
,,247,,,,,,,,,,
,,317,,,,,,,,,,
,,283,,,,,,,,,,
,,291,,,,,,,,,,
,,293,,,,,,,,,,
,,210,,,,,,,,,,
,,211,,,,,,,,,,
,,211,,,,,,,,,,
,,293,,,,,,,,,,
,,298,,,,,,,,,,
,,295,,,,,,,,,,
,,225,,,,,,,,,,
,,237,,,,,,,,,,
,,226,,,,,,,,,,
,,728,,,,,,,,,,
,,728,,,,,,,,,,
,,759,,,,,,,,,,
,,329,,,,,,,,,,
,,451,,,,,,,,,,
,,451,,,,,,,,,,
,,453,,,,,,,,,,
,,268,,,,,,,,,,
,,272,,,,,,,,,,
,,269,,,,,,,,,,
,,225,,,,,,,,,,
,,227,,,,,,,,,,
,,226,,,,,,,,,,
,,187,,,,,,,,,,
,,193,,,,,,,,,,
,,197,,,,,,,,,,
,,209,,,,,,,,,,
,,268,,,,,,,,,,
,,275,,,,,,,,,,
,,272,,,,,,,,,,
,,249,,,,,,,,,,
,,256,,,,,,,,,,
,,265,,,,,,,,,,
,,288,,,,,,,,,,
,,225,,,,,,,,,,
,,227,,,,,,,,,,
,,228,,,,,,,,,,
,,227,,,,,,,,,,
,,226,,,,,,,,,,
,,221,,,,,,,,,,
,,102,,,,,,,,,,
,,204,,,,,,,,,,
,,213,,,,,,,,,,
,,245,,,,,,,,,,
,,240,,,,,,,,,,
,,239,,,,,,,,,,
,,296,,,,,,,,,,
,,286,,,,,,,,,,
,,296,,,,,,,,,,
,,315,,,,,,,,,,
,,251,,,,,,,,,,
,,258,,,,,,,,,,
,,169,,,,,,,,,,
,,167,,,,,,,,,,
,,167,,,,,,,,,,
,,181,,,,,,,,,,
,,178,,,,,,,,,,
,,178,,,,,,,,,,
,,179,,,,,,,,,,
,,198,,,,,,,,,,
,,198,,,,,,,,,,
,,199,,,,,,,,,,
,,215,,,,,,,,,,
,,215,,,,,,,,,,
,,217,,,,,,,,,,
,,95,,,,,,,,,,
,,212,,,,,,,,,,
,,212,,,,,,,,,,
,,213,,,,,,,,,,
,,218,,,,,,,,,,
,,225,,,,,,,,,,
,,230,,,,,,,,,,
,,228,,,,,,,,,,
,,229,,,,,,,,,,
,,526,,,,,,,,,,
,,515,,,,,,,,,,
,,495,,,,,,,,,,
,,250,,,,,,,,,,
,,252,,,,,,,,,,
,,251,,,,,,,,,,
,,408,,,,,,,,,,
,,410,,,,,,,,,,
,,404,,,,,,,,,,
,,231,,,,,,,,,,
,,229,,,,,,,,,,
,,264,,,,,,,,,,
,,274,,,,,,,,,,
,,283,,,,,,,,,,
,,285,,,,,,,,,,
,,259,,,,,,,,,,
,,265,,,,,,,,,,
,,266,,,,,,,,,,
,,248,,,,,,,,,,
,,254,,,,,,,,,,
,,237,,,,,,,,,,
,,232,,,,,,,,,,
,,228,,,,,,,,,,
,,228,,,,,,,,,,
,,263,,,,,,,,,,
,,260,,,,,,,,,,
,,250,,,,,,,,,,
,,451,,,,,,,,,,
,,453,,,,,,,,,,
,,249,,,,,,,,,,
,,255,,,,,,,,,,
,,427,,,,,,,,,,
,,440,,,,,,,,,,
,,440,,,,,,,,,,
,,307,,,,,,,,,,
,,311,,,,,,,,,,
,,308,,,,,,,,,,
,,265,,,,,,,,,,
,,259,,,,,,,,,,
,,281,,,,,,,,,,
,,288,,,,,,,,,,
,,285,,,,,,,,,,
,,296,,,,,,,,,,
,,299,,,,,,,,,,
,,294,,,,,,,,,,
,,299,,,,,,,,,,
,,289,,,,,,,,,,
,,295,,,,,,,,,,
,,303,,,,,,,,,,
,,134,,,,,,,,,,
,,128,,,,,,,,,,
,,129,,,,,,,,,,
,,194,,,,,,,,,,
,,191,,,,,,,,,,
,,191,,,,,,,,,,
,,191,,,,,,,,,,
,,214,,,,,,,,,,
,,215,,,,,,,,,,
,,210,,,,,,,,,,
,,274,,,,,,,,,,
,,291,,,,,,,,,,
,,263,,,,,,,,,,
,,253,,,,,,,,,,
,,247,,,,,,,,,,
,,247,,,,,,,,,,
,,243,,,,,,,,,,
,,244,,,,,,,,,,
,,263,,,,,,,,,,
,,263,,,,,,,,,,
,,265,,,,,,,,,,
,,247,,,,,,,,,,
,,71,,,,,,,,,,
,,316,,,,,,,,,,
,,313,,,,,,,,,,
,,325,,,,,,,,,,
,,337,,,,,,,,,,
,,337,,,,,,,,,,
,,209,,,,,,,,,,
,,212,,,,,,,,,,
,,212,,,,,,,,,,
,,183,,,,,,,,,,
,,182,,,,,,,,,,
,,199,,,,,,,,,,
,,223,,,,,,,,,,
,,230,,,,,,,,,,
,,229,,,,,,,,,,
,,245,,,,,,,,,,
,,246,,,,,,,,,,
,,183,,,,,,,,,,
,,282,,,,,,,,,,
,,193,,,,,,,,,,
,,192,,,,,,,,,,
,,198,,,,,,,,,,
,,265,,,,,,,,,,
,,258,,,,,,,,,,
,,249,,,,,,,,,,
,,230,,,,,,,,,,
,,229,,,,,,,,,,
,,230,,,,,,,,,,
,,219,,,,,,,,,,
,,227,,,,,,,,,,
,,233,,,,,,,,,,
,,265,,,,,,,,,,
,,267,,,,,,,,,,
,,257,,,,,,,,,,
,,224,,,,,,,,,,
,,228,,,,,,,,,,
,,229,,,,,,,,,,
,,215,,,,,,,,,,
,,223,,,,,,,,,,
,,224,,,,,,,,,,
,,235,,,,,,,,,,
,,233,,,,,,,,,,
,,236,,,,,,,,,,
,,225,,,,,,,,,,
,,229,,,,,,,,,,
,,230,,,,,,,,,,
,,318,,,,,,,,,,
,,326,,,,,,,,,,
,,328,,,,,,,,,,
,,223,,,,,,,,,,
,,183,,,,,,,,,,
,,186,,,,,,,,,,
,,252,,,,,,,,,,
,,252,,,,,,,,,,
,,252,,,,,,,,,,
,,219,,,,,,,,,,
,,224,,,,,,,,,,
,,221,,,,,,,,,,
,,218,,,,,,,,,,
,,246,,,,,,,,,,
,,251,,,,,,,,,,
,,251,,,,,,,,,,
,,251,,,,,,,,,,
,,313,,,,,,,,,,
,,307,,,,,,,,,,
,,309,,,,,,,,,,
,,306,,,,,,,,,,
,,260,,,,,,,,,,
,,275,,,,,,,,,,
,,284,,,,,,,,,,
,,285,,,,,,,,,,
,,342,,,,,,,,,,
,,321,,,,,,,,,,
,,317,,,,,,,,,,
,,234,,,,,,,,,,
,,234,,,,,,,,,,
,,291,,,,,,,,,,
,,346,,,,,,,,,,
,,348,,,,,,,,,,
,,348,,,,,,,,,,
,,251,,,,,,,,,,
,,240,,,,,,,,,,
,,231,,,,,,,,,,
,,232,,,,,,,,,,
,,233,,,,,,,,,,
,,231,,,,,,,,,,
,,238,,,,,,,,,,
,,238,,,,,,,,,,
,,239,,,,,,,,,,
,,218,,,,,,,,,,
,,221,,,,,,,,,,
,,279,,,,,,,,,,
,,291,,,,,,,,,,
,,270,,,,,,,,,,
,,198,,,,,,,,,,
,,238,,,,,,,,,,
,,247,,,,,,,,,,
,,248,,,,,,,,,,
,,264,,,,,,,,,,
,,264,,,,,,,,,,
,,247,,,,,,,,,,
,,338,,,,,,,,,,
,,329,,,,,,,,,,
,,222,,,,,,,,,,
,,221,,,,,,,,,,
,,410,,,,,,,,,,
,,427,,,,,,,,,,
,,427,,,,,,,,,,
,,239,,,,,,,,,,
,,207,,,,,,,,,,
,,203,,,,,,,,,,
,,203,,,,,,,,,,
,,225,,,,,,,,,,
,,226,,,,,,,,,,
,,199,,,,,,,,,,
,,197,,,,,,,,,,
,,197,,,,,,,,,,
,,198,,,,,,,,,,
,,212,,,,,,,,,,
,,355,,,,,,,,,,
,,290,,,,,,,,,,
,,214,,,,,,,,,,
,,209,,,,,,,,,,
,,213,,,,,,,,,,
,,214,,,,,,,,,,
,,369,,,,,,,,,,
,,369,,,,,,,,,,
,,477,,,,,,,,,,
,,366,,,,,,,,,,
,,487,,,,,,,,,,
,,302,,,,,,,,,,
,,301,,,,,,,,,,
,,301,,,,,,,,,,
,,205,,,,,,,,,,
,,206,,,,,,,,,,
,,206,,,,,,,,,,
,,207,,,,,,,,,,
,,238,,,,,,,,,,
,,244,,,,,,,,,,
,,231,,,,,,,,,,
,,284,,,,,,,,,,
,,291,,,,,,,,,,
,,279,,,,,,,,,,
,,259,,,,,,,,,,
,,267,,,,,,,,,,
,,264,,,,,,,,,,
,,192,,,,,,,,,,
,,315,,,,,,,,,,
,,322,,,,,,,,,,
,,254,,,,,,,,,,
,,262,,,,,,,,,,
,,259,,,,,,,,,,
,,245,,,,,,,,,,
,,247,,,,,,,,,,
,,201,,,,,,,,,,
,,272,,,,,,,,,,
,,381,,,,,,,,,,
,,385,,,,,,,,,,
,,202,,,,,,,,,,
,,227,,,,,,,,,,
,,224,,,,,,,,,,
,,379,,,,,,,,,,
,,291,,,,,,,,,,
,,287,,,,,,,,,,
,,263,,,,,,,,,,
,,260,,,,,,,,,,
,,260,,,,,,,,,,
,,261,,,,,,,,,,
,,258,,,,,,,,,,
,,287,,,,,,,,,,
,,288,,,,,,,,,,
,,288,,,,,,,,,,
,,337,,,,,,,,,,
,,322,,,,,,,,,,
,,322,,,,,,,,,,
,,272,,,,,,,,,,
,,272,,,,,,,,,,
,,241,,,,,,,,,,
,,316,,,,,,,,,,
,,247,,,,,,,,,,
,,247,,,,,,,,,,
,,240,,,,,,,,,,
,,656,,,,,,,,,,
,,669,,,,,,,,,,
,,659,,,,,,,,,,
,,321,,,,,,,,,,
,,303,,,,,,,,,,
,,325,,,,,,,,,,
,,330,,,,,,,,,,
,,325,,,,,,,,,,
,,316,,,,,,,,,,
,,254,,,,,,,,,,
,,260,,,,,,,,,,
,,245,,,,,,,,,,
,,91,,,,,,,,,,
,,209,,,,,,,,,,
,,210,,,,,,,,,,
,,204,,,,,,,,,,
,,221,,,,,,,,,,
,,245,,,,,,,,,,
,,204,,,,,,,,,,
,,206,,,,,,,,,,
,,207,,,,,,,,,,
,,567,,,,,,,,,,
,,559,,,,,,,,,,
,,246,,,,,,,,,,
,,250,,,,,,,,,,
,,270,,,,,,,,,,
,,278,,,,,,,,,,
,,275,,,,,,,,,,
,,204,,,,,,,,,,
,,333,,,,,,,,,,
,,335,,,,,,,,,,
,,373,,,,,,,,,,
,,371,,,,,,,,,,
,,122,,,,,,,,,,
,,767,,,,,,,,,,
,,767,,,,,,,,,,
,,755,,,,,,,,,,
,,274,,,,,,,,,,
,,308,,,,,,,,,,
,,299,,,,,,,,,,
,,302,,,,,,,,,,
,,299,,,,,,,,,,
,,242,,,,,,,,,,
,,237,,,,,,,,,,
,,230,,,,,,,,,,
,,459,,,,,,,,,,
,,449,,,,,,,,,,
,,451,,,,,,,,,,
,,266,,,,,,,,,,
,,364,,,,,,,,,,
,,296,,,,,,,,,,
,,282,,,,,,,,,,
,,282,,,,,,,,,,
,,250,,,,,,,,,,
,,252,,,,,,,,,,
,,252,,,,,,,,,,
,,313,,,,,,,,,,
,,322,,,,,,,,,,
,,324,,,,,,,,,,
,,228,,,,,,,,,,
,,231,,,,,,,,,,
,,236,,,,,,,,,,
,,357,,,,,,,,,,
,,363,,,,,,,,,,
,,227,,,,,,,,,,
,,227,,,,,,,,,,
,,219,,,,,,,,,,
,,213,,,,,,,,,,
,,186,,,,,,,,,,
,,192,,,,,,,,,,
,,243,,,,,,,,,,
,,245,,,,,,,,,,
,,224,,,,,,,,,,
,,204,,,,,,,,,,
,,206,,,,,,,,,,
,,207,,,,,,,,,,
,,333,,,,,,,,,,
,,201,,,,,,,,,,
,,200,,,,,,,,,,
,,200,,,,,,,,,,
,,201,,,,,,,,,,
,,48,,,,,,,,,,
,,288,,,,,,,,,,
,,359,,,,,,,,,,
,,432,,,,,,,,,,
,,440,,,,,,,,,,
,,386,,,,,,,,,,
,,216,,,,,,,,,,
,,238,,,,,,,,,,
,,363,,,,,,,,,,
,,305,,,,,,,,,,
,,303,,,,,,,,,,
,,229,,,,,,,,,,
,,251,,,,,,,,,,
,,232,,,,,,,,,,
,,208,,,,,,,,,,
,,195,,,,,,,,,,
,,219,,,,,,,,,,
,,276,,,,,,,,,,
,,284,,,,,,,,,,
,,281,,,,,,,,,,
,,340,,,,,,,,,,
,,305,,,,,,,,,,
,,309,,,,,,,,,,
,,306,,,,,,,,,,
,,212,,,,,,,,,,
,,212,,,,,,,,,,
,,213,,,,,,,,,,
,,400,,,,,,,,,,
,,264,,,,,,,,,,
,,259,,,,,,,,,,
,,259,,,,,,,,,,
,,264,,,,,,,,,,
,,289,,,,,,,,,,
,,260,,,,,,,,,,
,,226,,,,,,,,,,
,,243,,,,,,,,,,
,,244,,,,,,,,,,
,,465,,,,,,,,,,
,,465,,,,,,,,,,
,,465,,,,,,,,,,
,,206,,,,,,,,,,
,,214,,,,,,,,,,
,,216,,,,,,,,,,
,,302,,,,,,,,,,
,,307,,,,,,,,,,
,,303,,,,,,,,,,
,,269,,,,,,,,,,
,,281,,,,,,,,,,
,,282,,,,,,,,,,
,,520,,,,,,,,,,
,,338,,,,,,,,,,
,,340,,,,,,,,,,
,,232,,,,,,,,,,
,,236,,,,,,,,,,
,,237,,,,,,,,,,
,,228,,,,,,,,,,
,,250,,,,,,,,,,
,,259,,,,,,,,,,
,,208,,,,,,,,,,
,,267,,,,,,,,,,
,,267,,,,,,,,,,
,,267,,,,,,,,,,
,,203,,,,,,,,,,
,,203,,,,,,,,,,
,,199,,,,,,,,,,
,,273,,,,,,,,,,
,,276,,,,,,,,,,
,,265,,,,,,,,,,
,,236,,,,,,,,,,
,,241,,,,,,,,,,
,,238,,,,,,,,,,
,,210,,,,,,,,,,
,,212,,,,,,,,,,
,,398,,,,,,,,,,
,,205,,,,,,,,,,
,,205,,,,,,,,,,
,,199,,,,,,,,,,
,,265,,,,,,,,,,
,,247,,,,,,,,,,
,,237,,,,,,,,,,
,,192,,,,,,,,,,
,,199,,,,,,,,,,
,,294,,,,,,,,,,
,,368,,,,,,,,,,
,,366,,,,,,,,,,
,,315,,,,,,,,,,
,,316,,,,,,,,,,
,,315,,,,,,,,,,
,,347,,,,,,,,,,
,,349,,,,,,,,,,
,,349,,,,,,,,,,
,,612,,,,,,,,,,
,,624,,,,,,,,,,
,,612,,,,,,,,,,
,,264,,,,,,,,,,
,,274,,,,,,,,,,
,,242,,,,,,,,,,
,,242,,,,,,,,,,
,,389,,,,,,,,,,
,,424,,,,,,,,,,
,,436,,,,,,,,,,
,,682,,,,,,,,,,
,,650,,,,,,,,,,
,,205,,,,,,,,,,
,,292,,,,,,,,,,
,,372,,,,,,,,,,
,,248,,,,,,,,,,
,,395,,,,,,,,,,
,,351,,,,,,,,,,
,,353,,,,,,,,,,
,,318,,,,,,,,,,
,,318,,,,,,,,,,
,,313,,,,,,,,,,
,,239,,,,,,,,,,
,,239,,,,,,,,,,
,,293,,,,,,,,,,
,,352,,,,,,,,,,
,,350,,,,,,,,,,
,,353,,,,,,,,,,
,,371,,,,,,,,,,
,,200,,,,,,,,,,
,,205,,,,,,,,,,
,,209,,,,,,,,,,
,,220,,,,,,,,,,
,,221,,,,,,,,,,
,,222,,,,,,,,,,
,,163,,,,,,,,,,
,,231,,,,,,,,,,
,,183,,,,,,,,,,
,,178,,,,,,,,,,
,,179,,,,,,,,,,
,,242,,,,,,,,,,
,,242,,,,,,,,,,
,,246,,,,,,,,,,
,,219,,,,,,,,,,
,,215,,,,,,,,,,
,,214,,,,,,,,,,
,,481,,,,,,,,,,
,,316,,,,,,,,,,
,,313,,,,,,,,,,
,,274,,,,,,,,,,
,,201,,,,,,,,,,
,,202,,,,,,,,,,
,,202,,,,,,,,,,
,,232,,,,,,,,,,
,,254,,,,,,,,,,
,,231,,,,,,,,,,
,,259,,,,,,,,,,
,,268,,,,,,,,,,
,,323,,,,,,,,,,
,,330,,,,,,,,,,
,,313,,,,,,,,,,
,,268,,,,,,,,,,
,,276,,,,,,,,,,
,,273,,,,,,,,,,
,,532,,,,,,,,,,
,,476,,,,,,,,,,
,,465,,,,,,,,,,
,,489,,,,,,,,,,
,,489,,,,,,,,,,
,,489,,,,,,,,,,
,,282,,,,,,,,,,
,,180,,,,,,,,,,
,,235,,,,,,,,,,
,,245,,,,,,,,,,
,,211,,,,,,,,,,
,,220,,,,,,,,,,
,,511,,,,,,,,,,
,,343,,,,,,,,,,
,,260,,,,,,,,,,
,,265,,,,,,,,,,
,,261,,,,,,,,,,
,,101,,,,,,,,,,
,,270,,,,,,,,,,
,,376,,,,,,,,,,
,,379,,,,,,,,,,
,,377,,,,,,,,,,
,,439,,,,,,,,,,
,,459,,,,,,,,,,
,,450,,,,,,,,,,
,,219,,,,,,,,,,
,,204,,,,,,,,,,
,,205,,,,,,,,,,
,,198,,,,,,,,,,
,,201,,,,,,,,,,
,,200,,,,,,,,,,
,,203,,,,,,,,,,
,,252,,,,,,,,,,
,,262,,,,,,,,,,
,,375,,,,,,,,,,
,,380,,,,,,,,,,
,,276,,,,,,,,,,
,,282,,,,,,,,,,
,,249,,,,,,,,,,
,,256,,,,,,,,,,
,,254,,,,,,,,,,
,,274,,,,,,,,,,
,,223,,,,,,,,,,
,,223,,,,,,,,,,
,,227,,,,,,,,,,
,,260,,,,,,,,,,
,,266,,,,,,,,,,
,,275,,,,,,,,,,
,,460,,,,,,,,,,
,,467,,,,,,,,,,
,,288,,,,,,,,,,
,,267,,,,,,,,,,
,,277,,,,,,,,,,
,,269,,,,,,,,,,
,,282,,,,,,,,,,
,,284,,,,,,,,,,
,,280,,,,,,,,,,
,,374,,,,,,,,,,
,,266,,,,,,,,,,
,,265,,,,,,,,,,
,,359,,,,,,,,,,
,,314,,,,,,,,,,
,,275,,,,,,,,,,
,,288,,,,,,,,,,
,,239,,,,,,,,,,
,,391,,,,,,,,,,
,,390,,,,,,,,,,
,,332,,,,,,,,,,
,,336,,,,,,,,,,
,,328,,,,,,,,,,
,,239,,,,,,,,,,
,,212,,,,,,,,,,
,,216,,,,,,,,,,
,,291,,,,,,,,,,
,,281,,,,,,,,,,
,,259,,,,,,,,,,
,,267,,,,,,,,,,
,,274,,,,,,,,,,
,,271,,,,,,,,,,
,,384,,,,,,,,,,
,,355,,,,,,,,,,
,,262,,,,,,,,,,
,,271,,,,,,,,,,
,,269,,,,,,,,,,
,,359,,,,,,,,,,
,,363,,,,,,,,,,
,,338,,,,,,,,,,
,,321,,,,,,,,,,
,,508,,,,,,,,,,
,,505,,,,,,,,,,
,,505,,,,,,,,,,
,,508,,,,,,,,,,
,,220,,,,,,,,,,
,,224,,,,,,,,,,
,,220,,,,,,,,,,
,,545,,,,,,,,,,
,,588,,,,,,,,,,
,,207,,,,,,,,,,
,,209,,,,,,,,,,
,,209,,,,,,,,,,
,,261,,,,,,,,,,
,,289,,,,,,,,,,
,,289,,,,,,,,,,
,,199,,,,,,,,,,
,,330,,,,,,,,,,
,,339,,,,,,,,,,
,,298,,,,,,,,,,
,,381,,,,,,,,,,
,,196,,,,,,,,,,
,,237,,,,,,,,,,
,,247,,,,,,,,,,
,,243,,,,,,,,,,
,,431,,,,,,,,,,
,,440,,,,,,,,,,
,,271,,,,,,,,,,
,,343,,,,,,,,,,
,,227,,,,,,,,,,
,,234,,,,,,,,,,
,,235,,,,,,,,,,
,,211,,,,,,,,,,
,,251,,,,,,,,,,
,,238,,,,,,,,,,
,,307,,,,,,,,,,
,,311,,,,,,,,,,
,,308,,,,,,,,,,
,,278,,,,,,,,,,
,,284,,,,,,,,,,
,,284,,,,,,,,,,
,,249,,,,,,,,,,
,,256,,,,,,,,,,
,,254,,,,,,,,,,
,,254,,,,,,,,,,
,,243,,,,,,,,,,
,,246,,,,,,,,,,
,,353,,,,,,,,,,
,,259,,,,,,,,,,
,,259,,,,,,,,,,
,,533,,,,,,,,,,
,,532,,,,,,,,,,
,,524,,,,,,,,,,
,,226,,,,,,,,,,
,,234,,,,,,,,,,
,,242,,,,,,,,,,
,,261,,,,,,,,,,
,,262,,,,,,,,,,
,,259,,,,,,,,,,
,,213,,,,,,,,,,
,,219,,,,,,,,,,
,,215,,,,,,,,,,
,,269,,,,,,,,,,
,,212,,,,,,,,,,
,,83,,,,,,,,,,
,,246,,,,,,,,,,
,,255,,,,,,,,,,
,,255,,,,,,,,,,
,,298,,,,,,,,,,
,,307,,,,,,,,,,
,,302,,,,,,,,,,
,,156,,,,,,,,,,
,,149,,,,,,,,,,
,,149,,,,,,,,,,
,,267,,,,,,,,,,
,,266,,,,,,,,,,
,,260,,,,,,,,,,
,,247,,,,,,,,,,
,,253,,,,,,,,,,
,,251,,,,,,,,,,
,,241,,,,,,,,,,
,,250,,,,,,,,,,
,,252,,,,,,,,,,
,,301,,,,,,,,,,
,,301,,,,,,,,,,
,,456,,,,,,,,,,
,,320,,,,,,,,,,
,,257,,,,,,,,,,
,,250,,,,,,,,,,
,,248,,,,,,,,,,
,,255,,,,,,,,,,
,,246,,,,,,,,,,
,,220,,,,,,,,,,
,,213,,,,,,,,,,
,,212,,,,,,,,,,
,,561,,,,,,,,,,
,,567,,,,,,,,,,
,,376,,,,,,,,,,
,,376,,,,,,,,,,
,,350,,,,,,,,,,
,,190,,,,,,,,,,
,,276,,,,,,,,,,
,,276,,,,,,,,,,
,,277,,,,,,,,,,
,,325,,,,,,,,,,
,,281,,,,,,,,,,
,,275,,,,,,,,,,
,,367,,,,,,,,,,
,,373,,,,,,,,,,
,,375,,,,,,,,,,
,,191,,,,,,,,,,
,,191,,,,,,,,,,
,,192,,,,,,,,,,
,,235,,,,,,,,,,
,,305,,,,,,,,,,
,,422,,,,,,,,,,
,,658,,,,,,,,,,
,,288,,,,,,,,,,
,,130,,,,,,,,,,
,,223,,,,,,,,,,
,,330,,,,,,,,,,
,,320,,,,,,,,,,
,,357,,,,,,,,,,
,,211,,,,,,,,,,
,,211,,,,,,,,,,
,,212,,,,,,,,,,
,,319,,,,,,,,,,
,,222,,,,,,,,,,
,,236,,,,,,,,,,
,,227,,,,,,,,,,
,,263,,,,,,,,,,
,,341,,,,,,,,,,
,,321,,,,,,,,,,
,,583,,,,,,,,,,
,,574,,,,,,,,,,
,,562,,,,,,,,,,
,,280,,,,,,,,,,
,,275,,,,,,,,,,
,,251,,,,,,,,,,
,,288,,,,,,,,,,
,,317,,,,,,,,,,
,,562,,,,,,,,,,
,,207,,,,,,,,,,
,,214,,,,,,,,,,
,,220,,,,,,,,,,
,,217,,,,,,,,,,
,,344,,,,,,,,,,
,,356,,,,,,,,,,
,,327,,,,,,,,,,
,,289,,,,,,,,,,
,,291,,,,,,,,,,
,,272,,,,,,,,,,
,,228,,,,,,,,,,
,,211,,,,,,,,,,
,,212,,,,,,,,,,
,,212,,,,,,,,,,
,,213,,,,,,,,,,
,,344,,,,,,,,,,
,,359,,,,,,,,,,
,,221,,,,,,,,,,
,,218,,,,,,,,,,
,,218,,,,,,,,,,
,,350,,,,,,,,,,
,,314,,,,,,,,,,
,,311,,,,,,,,,,
,,220,,,,,,,,,,
,,220,,,,,,,,,,
,,235,,,,,,,,,,
,,238,,,,,,,,,,
,,246,,,,,,,,,,
,,248,,,,,,,,,,
,,270,,,,,,,,,,
,,374,,,,,,,,,,
,,469,,,,,,,,,,
,,231,,,,,,,,,,
,,261,,,,,,,,,,
,,250,,,,,,,,,,
,,247,,,,,,,,,,
,,249,,,,,,,,,,
,,226,,,,,,,,,,
,,256,,,,,,,,,,
,,300,,,,,,,,,,
,,376,,,,,,,,,,
,,212,,,,,,,,,,
,,219,,,,,,,,,,
,,243,,,,,,,,,,
,,342,,,,,,,,,,
,,281,,,,,,,,,,
,,288,,,,,,,,,,
,,296,,,,,,,,,,
,,232,,,,,,,,,,
,,272,,,,,,,,,,
,,300,,,,,,,,,,
,,305,,,,,,,,,,
,,300,,,,,,,,,,
,,273,,,,,,,,,,
,,526,,,,,,,,,,
,,226,,,,,,,,,,
,,248,,,,,,,,,,
,,256,,,,,,,,,,
,,398,,,,,,,,,,
,,367,,,,,,,,,,
,,358,,,,,,,,,,
,,229,,,,,,,,,,
,,226,,,,,,,,,,
,,226,,,,,,,,,,
,,217,,,,,,,,,,
,,318,,,,,,,,,,
,,330,,,,,,,,,,
,,310,,,,,,,,,,
,,206,,,,,,,,,,
,,314,,,,,,,,,,
,,458,,,,,,,,,,
,,277,,,,,,,,,,
,,278,,,,,,,,,,
,,246,,,,,,,,,,
,,313,,,,,,,,,,
,,298,,,,,,,,,,
,,295,,,,,,,,,,
,,656,,,,,,,,,,
,,433,,,,,,,,,,
,,427,,,,,,,,,,
,,352,,,,,,,,,,
,,195,,,,,,,,,,
,,193,,,,,,,,,,
,,193,,,,,,,,,,
,,223,,,,,,,,,,
,,308,,,,,,,,,,
,,308,,,,,,,,,,
,,310,,,,,,,,,,
,,303,,,,,,,,,,
,,230,,,,,,,,,,
,,319,,,,,,,,,,
,,224,,,,,,,,,,
,,225,,,,,,,,,,
,,229,,,,,,,,,,
,,333,,,,,,,,,,
,,753,,,,,,,,,,
,,346,,,,,,,,,,
,,210,,,,,,,,,,
,,248,,,,,,,,,,
,,265,,,,,,,,,,
,,274,,,,,,,,,,
,,247,,,,,,,,,,
,,314,,,,,,,,,,
,,324,,,,,,,,,,
,,319,,,,,,,,,,
,,316,,,,,,,,,,
,,444,,,,,,,,,,
,,448,,,,,,,,,,
,,446,,,,,,,,,,
,,232,,,,,,,,,,
,,234,,,,,,,,,,
,,235,,,,,,,,,,
,,657,,,,,,,,,,
,,654,,,,,,,,,,
,,253,,,,,,,,,,
,,541,,,,,,,,,,
,,541,,,,,,,,,,
,,284,,,,,,,,,,
,,158,,,,,,,,,,
,,186,,,,,,,,,,
,,263,,,,,,,,,,
,,257,,,,,,,,,,
,,252,,,,,,,,,,
,,214,,,,,,,,,,
,,360,,,,,,,,,,
,,366,,,,,,,,,,
,,220,,,,,,,,,,
,,215,,,,,,,,,,
,,217,,,,,,,,,,
,,210,,,,,,,,,,
,,211,,,,,,,,,,
,,211,,,,,,,,,,
,,208,,,,,,,,,,
,,293,,,,,,,,,,
,,217,,,,,,,,,,
,,357,,,,,,,,,,
,,380,,,,,,,,,,
,,175,,,,,,,,,,
,,184,,,,,,,,,,
,,177,,,,,,,,,,
,,200,,,,,,,,,,
,,202,,,,,,,,,,
,,203,,,,,,,,,,
,,395,,,,,,,,,,
,,405,,,,,,,,,,
,,318,,,,,,,,,,
,,318,,,,,,,,,,
,,311,,,,,,,,,,
,,218,,,,,,,,,,
,,219,,,,,,,,,,
,,233,,,,,,,,,,
,,238,,,,,,,,,,
,,273,,,,,,,,,,
,,276,,,,,,,,,,
,,272,,,,,,,,,,
,,183,,,,,,,,,,
,,183,,,,,,,,,,
,,248,,,,,,,,,,
,,254,,,,,,,,,,
,,254,,,,,,,,,,
,,261,,,,,,,,,,
,,286,,,,,,,,,,
,,266,,,,,,,,,,
,,203,,,,,,,,,,
,,234,,,,,,,,,,
,,234,,,,,,,,,,
,,235,,,,,,,,,,
,,333,,,,,,,,,,
,,299,,,,,,,,,,
,,299,,,,,,,,,,
,,210,,,,,,,,,,
,,266,,,,,,,,,,
,,265,,,,,,,,,,
,,333,,,,,,,,,,
,,276,,,,,,,,,,
,,271,,,,,,,,,,
,,269,,,,,,,,,,
,,262,,,,,,,,,,
,,268,,,,,,,,,,
,,503,,,,,,,,,,
,,174,,,,,,,,,,
,,231,,,,,,,,,,
,,631,,,,,,,,,,
,,732,,,,,,,,,,
,,318,,,,,,,,,,
,,318,,,,,,,,,,
,,315,,,,,,,,,,
,,312,,,,,,,,,,
,,216,,,,,,,,,,
,,223,,,,,,,,,,
,,225,,,,,,,,,,
,,323,,,,,,,,,,
,,328,,,,,,,,,,
,,324,,,,,,,,,,
,,295,,,,,,,,,,
,,290,,,,,,,,,,
,,339,,,,,,,,,,
,,340,,,,,,,,,,
,,342,,,,,,,,,,
,,294,,,,,,,,,,
,,292,,,,,,,,,,
,,258,,,,,,,,,,
,,261,,,,,,,,,,
,,262,,,,,,,,,,
,,260,,,,,,,,,,
,,221,,,,,,,,,,
,,230,,,,,,,,,,
,,238,,,,,,,,,,
,,316,,,,,,,,,,
,,179,,,,,,,,,,
,,183,,,,,,,,,,
,,183,,,,,,,,,,
,,271,,,,,,,,,,
,,281,,,,,,,,,,
,,282,,,,,,,,,,
,,230,,,,,,,,,,
,,276,,,,,,,,,,
,,284,,,,,,,,,,
,,284,,,,,,,,,,
,,272,,,,,,,,,,
,,270,,,,,,,,,,
,,270,,,,,,,,,,
,,527,,,,,,,,,,
,,543,,,,,,,,,,
,,537,,,,,,,,,,
,,367,,,,,,,,,,
,,372,,,,,,,,,,
,,367,,,,,,,,,,
,,295,,,,,,,,,,
,,286,,,,,,,,,,
,,285,,,,,,,,,,
,,217,,,,,,,,,,
,,217,,,,,,,,,,
,,212,,,,,,,,,,
,,192,,,,,,,,,,
,,195,,,,,,,,,,
,,199,,,,,,,,,,
,,267,,,,,,,,,,
,,320,,,,,,,,,,
,,207,,,,,,,,,,
,,214,,,,,,,,,,
,,212,,,,,,,,,,
,,200,,,,,,,,,,
,,233,,,,,,,,,,
,,197,,,,,,,,,,
,,261,,,,,,,,,,
,,267,,,,,,,,,,
,,352,,,,,,,,,,
,,284,,,,,,,,,,
,,493,,,,,,,,,,
,,269,,,,,,,,,,
,,269,,,,,,,,,,
,,267,,,,,,,,,,
,,288,,,,,,,,,,
,,283,,,,,,,,,,
,,351,,,,,,,,,,
,,211,,,,,,,,,,
,,211,,,,,,,,,,
,,213,,,,,,,,,,
,,337,,,,,,,,,,
,,341,,,,,,,,,,
,,281,,,,,,,,,,
,,285,,,,,,,,,,
,,463,,,,,,,,,,
,,465,,,,,,,,,,
,,484,,,,,,,,,,
,,192,,,,,,,,,,
,,529,,,,,,,,,,
,,529,,,,,,,,,,
,,529,,,,,,,,,,
,,204,,,,,,,,,,
,,205,,,,,,,,,,
,,205,,,,,,,,,,
,,206,,,,,,,,,,
,,278,,,,,,,,,,
,,580,,,,,,,,,,
,,369,,,,,,,,,,
,,367,,,,,,,,,,
,,294,,,,,,,,,,
,,315,,,,,,,,,,
,,376,,,,,,,,,,
,,378,,,,,,,,,,
,,483,,,,,,,,,,
,,493,,,,,,,,,,
,,486,,,,,,,,,,
,,475,,,,,,,,,,
,,474,,,,,,,,,,
,,469,,,,,,,,,,
,,472,,,,,,,,,,
,,479,,,,,,,,,,
,,479,,,,,,,,,,
,,261,,,,,,,,,,
,,255,,,,,,,,,,
,,196,,,,,,,,,,
,,274,,,,,,,,,,
,,270,,,,,,,,,,
,,262,,,,,,,,,,
,,401,,,,,,,,,,
,,305,,,,,,,,,,
,,313,,,,,,,,,,
,,313,,,,,,,,,,
,,330,,,,,,,,,,
,,353,,,,,,,,,,
,,252,,,,,,,,,,
,,351,,,,,,,,,,
,,367,,,,,,,,,,
,,499,,,,,,,,,,
,,496,,,,,,,,,,
,,499,,,,,,,,,,
,,253,,,,,,,,,,
,,242,,,,,,,,,,
,,314,,,,,,,,,,
,,292,,,,,,,,,,
,,283,,,,,,,,,,
,,465,,,,,,,,,,
,,523,,,,,,,,,,
,,538,,,,,,,,,,
,,227,,,,,,,,,,
,,229,,,,,,,,,,
,,224,,,,,,,,,,
,,181,,,,,,,,,,
,,484,,,,,,,,,,
,,365,,,,,,,,,,
,,239,,,,,,,,,,
,,224,,,,,,,,,,
,,230,,,,,,,,,,
,,231,,,,,,,,,,
,,291,,,,,,,,,,
,,319,,,,,,,,,,
,,299,,,,,,,,,,
,,361,,,,,,,,,,
,,235,,,,,,,,,,
,,317,,,,,,,,,,
,,259,,,,,,,,,,
,,271,,,,,,,,,,
,,263,,,,,,,,,,
,,208,,,,,,,,,,
,,208,,,,,,,,,,
,,202,,,,,,,,,,
,,272,,,,,,,,,,
,,265,,,,,,,,,,
,,264,,,,,,,,,,
,,401,,,,,,,,,,
,,302,,,,,,,,,,
,,308,,,,,,,,,,
,,265,,,,,,,,,,
,,274,,,,,,,,,,
,,274,,,,,,,,,,
,,367,,,,,,,,,,
,,572,,,,,,,,,,
,,572,,,,,,,,,,
,,575,,,,,,,,,,
,,304,,,,,,,,,,
,,430,,,,,,,,,,
,,443,,,,,,,,,,
,,445,,,,,,,,,,
,,383,,,,,,,,,,
,,389,,,,,,,,,,
,,349,,,,,,,,,,
,,349,,,,,,,,,,
,,437,,,,,,,,,,
,,351,,,,,,,,,,
,,351,,,,,,,,,,
,,351,,,,,,,,,,
,,188,,,,,,,,,,
,,192,,,,,,,,,,
,,252,,,,,,,,,,
,,253,,,,,,,,,,
,,254,,,,,,,,,,
,,203,,,,,,,,,,
,,215,,,,,,,,,,
,,203,,,,,,,,,,
,,234,,,,,,,,,,
,,241,,,,,,,,,,
,,241,,,,,,,,,,
,,234,,,,,,,,,,
,,369,,,,,,,,,,
,,351,,,,,,,,,,
,,199,,,,,,,,,,
,,347,,,,,,,,,,
,,206,,,,,,,,,,
,,206,,,,,,,,,,
,,206,,,,,,,,,,
,,271,,,,,,,,,,
,,187,,,,,,,,,,
,,193,,,,,,,,,,
,,214,,,,,,,,,,
,,423,,,,,,,,,,
,,344,,,,,,,,,,
,,370,,,,,,,,,,
,,204,,,,,,,,,,
,,203,,,,,,,,,,
,,202,,,,,,,,,,
,,295,,,,,,,,,,
,,361,,,,,,,,,,
,,375,,,,,,,,,,
,,360,,,,,,,,,,
,,356,,,,,,,,,,
,,316,,,,,,,,,,
,,326,,,,,,,,,,
,,293,,,,,,,,,,
,,290,,,,,,,,,,
,,294,,,,,,,,,,
,,306,,,,,,,,,,
,,265,,,,,,,,,,
,,264,,,,,,,,,,
,,266,,,,,,,,,,
,,266,,,,,,,,,,
,,257,,,,,,,,,,
,,227,,,,,,,,,,
,,228,,,,,,,,,,
,,204,,,,,,,,,,
,,210,,,,,,,,,,
,,209,,,,,,,,,,
,,248,,,,,,,,,,
,,254,,,,,,,,,,
,,266,,,,,,,,,,
,,208,,,,,,,,,,
,,210,,,,,,,,,,
,,239,,,,,,,,,,
,,226,,,,,,,,,,
,,233,,,,,,,,,,
,,216,,,,,,,,,,
,,360,,,,,,,,,,
,,362,,,,,,,,,,
,,253,,,,,,,,,,
,,202,,,,,,,,,,
,,245,,,,,,,,,,
,,243,,,,,,,,,,
,,240,,,,,,,,,,
,,176,,,,,,,,,,
,,163,,,,,,,,,,
,,264,,,,,,,,,,
,,271,,,,,,,,,,
,,260,,,,,,,,,,
,,215,,,,,,,,,,
,,223,,,,,,,,,,
,,222,,,,,,,,,,
,,236,,,,,,,,,,
,,243,,,,,,,,,,
,,246,,,,,,,,,,
,,212,,,,,,,,,,
,,255,,,,,,,,,,
,,307,,,,,,,,,,
,,301,,,,,,,,,,
,,214,,,,,,,,,,
,,214,,,,,,,,,,
,,265,,,,,,,,,,
,,265,,,,,,,,,,
,,247,,,,,,,,,,
,,247,,,,,,,,,,
,,244,,,,,,,,,,
,,202,,,,,,,,,,
,,214,,,,,,,,,,
,,217,,,,,,,,,,
,,215,,,,,,,,,,
,,347,,,,,,,,,,
,,347,,,,,,,,,,
,,219,,,,,,,,,,
,,219,,,,,,,,,,
,,220,,,,,,,,,,
,,245,,,,,,,,,,
,,253,,,,,,,,,,
,,254,,,,,,,,,,
,,320,,,,,,,,,,
,,323,,,,,,,,,,
,,323,,,,,,,,,,
,,454,,,,,,,,,,
,,280,,,,,,,,,,
,,284,,,,,,,,,,
,,295,,,,,,,,,,
,,323,,,,,,,,,,
,,322,,,,,,,,,,
,,306,,,,,,,,,,
,,298,,,,,,,,,,
,,327,,,,,,,,,,
,,313,,,,,,,,,,
,,320,,,,,,,,,,
,,306,,,,,,,,,,
,,254,,,,,,,,,,
,,261,,,,,,,,,,
,,246,,,,,,,,,,
,,255,,,,,,,,,,
,,303,,,,,,,,,,
,,525,,,,,,,,,,
,,279,,,,,,,,,,
,,275,,,,,,,,,,
,,287,,,,,,,,,,
,,273,,,,,,,,,,
,,270,,,,,,,,,,
,,215,,,,,,,,,,
,,219,,,,,,,,,,
,,220,,,,,,,,,,
,,449,,,,,,,,,,
,,276,,,,,,,,,,
,,201,,,,,,,,,,
,,311,,,,,,,,,,
,,308,,,,,,,,,,
,,702,,,,,,,,,,
,,709,,,,,,,,,,
,,691,,,,,,,,,,
,,678,,,,,,,,,,
,,448,,,,,,,,,,
,,448,,,,,,,,,,
,,489,,,,,,,,,,
,,229,,,,,,,,,,
,,231,,,,,,,,,,
,,230,,,,,,,,,,
,,358,,,,,,,,,,
,,359,,,,,,,,,,
,,371,,,,,,,,,,
,,299,,,,,,,,,,
,,299,,,,,,,,,,
,,299,,,,,,,,,,
,,221,,,,,,,,,,
,,226,,,,,,,,,,
,,230,,,,,,,,,,
,,55,,,,,,,,,,
,,277,,,,,,,,,,
,,302,,,,,,,,,,
,,352,,,,,,,,,,
,,348,,,,,,,,,,
,,297,,,,,,,,,,
,,298,,,,,,,,,,
,,309,,,,,,,,,,
,,319,,,,,,,,,,
,,326,,,,,,,,,,
,,249,,,,,,,,,,
,,291,,,,,,,,,,
,,385,,,,,,,,,,
,,387,,,,,,,,,,
,,273,,,,,,,,,,
,,273,,,,,,,,,,
,,273,,,,,,,,,,
,,285,,,,,,,,,,
,,295,,,,,,,,,,
,,296,,,,,,,,,,
,,176,,,,,,,,,,
,,178,,,,,,,,,,
,,179,,,,,,,,,,
,,181,,,,,,,,,,
,,271,,,,,,,,,,
,,345,,,,,,,,,,
,,346,,,,,,,,,,
,,316,,,,,,,,,,
,,532,,,,,,,,,,
,,535,,,,,,,,,,
,,447,,,,,,,,,,
,,270,,,,,,,,,,
,,243,,,,,,,,,,
,,243,,,,,,,,,,
,,313,,,,,,,,,,
,,319,,,,,,,,,,
,,319,,,,,,,,,,
,,208,,,,,,,,,,
,,233,,,,,,,,,,
,,233,,,,,,,,,,
,,235,,,,,,,,,,
,,235,,,,,,,,,,
,,330,,,,,,,,,,
,,260,,,,,,,,,,
,,263,,,,,,,,,,
,,303,,,,,,,,,,
,,310,,,,,,,,,,
,,306,,,,,,,,,,
,,216,,,,,,,,,,
,,217,,,,,,,,,,
,,219,,,,,,,,,,
,,268,,,,,,,,,,
,,268,,,,,,,,,,
,,269,,,,,,,,,,
,,296,,,,,,,,,,
,,246,,,,,,,,,,
,,235,,,,,,,,,,
,,236,,,,,,,,,,
,,240,,,,,,,,,,
,,241,,,,,,,,,,
,,237,,,,,,,,,,
,,383,,,,,,,,,,
,,706,,,,,,,,,,
,,295,,,,,,,,,,
,,224,,,,,,,,,,
,,218,,,,,,,,,,
,,296,,,,,,,,,,
,,216,,,,,,,,,,
,,219,,,,,,,,,,
,,221,,,,,,,,,,
,,211,,,,,,,,,,
,,211,,,,,,,,,,
,,212,,,,,,,,,,
,,71,,,,,,,,,,
,,221,,,,,,,,,,
,,215,,,,,,,,,,
,,285,,,,,,,,,,
,,281,,,,,,,,,,
,,366,,,,,,,,,,
,,370,,,,,,,,,,
,,357,,,,,,,,,,
,,239,,,,,,,,,,
,,237,,,,,,,,,,
,,229,,,,,,,,,,
,,451,,,,,,,,,,
,,389,,,,,,,,,,
,,394,,,,,,,,,,
,,521,,,,,,,,,,
,,521,,,,,,,,,,
,,231,,,,,,,,,,
,,237,,,,,,,,,,
,,238,,,,,,,,,,
,,47,,,,,,,,,,
,,193,,,,,,,,,,
,,199,,,,,,,,,,
,,200,,,,,,,,,,
,,224,,,,,,,,,,
,,206,,,,,,,,,,
,,295,,,,,,,,,,
,,206,,,,,,,,,,
,,220,,,,,,,,,,
,,220,,,,,,,,,,
,,216,,,,,,,,,,
,,331,,,,,,,,,,
,,413,,,,,,,,,,
,,261,,,,,,,,,,
,,327,,,,,,,,,,
,,356,,,,,,,,,,
,,358,,,,,,,,,,
,,355,,,,,,,,,,
,,248,,,,,,,,,,
,,248,,,,,,,,,,
,,252,,,,,,,,,,
,,229,,,,,,,,,,
,,234,,,,,,,,,,
,,287,,,,,,,,,,
,,272,,,,,,,,,,
,,270,,,,,,,,,,
,,227,,,,,,,,,,
,,222,,,,,,,,,,
,,223,,,,,,,,,,
,,360,,,,,,,,,,
,,367,,,,,,,,,,
,,257,,,,,,,,,,
,,307,,,,,,,,,,
,,313,,,,,,,,,,
,,313,,,,,,,,,,
,,210,,,,,,,,,,
,,220,,,,,,,,,,
,,225,,,,,,,,,,
,,230,,,,,,,,,,
,,234,,,,,,,,,,
,,355,,,,,,,,,,
,,330,,,,,,,,,,
,,205,,,,,,,,,,
,,205,,,,,,,,,,
,,206,,,,,,,,,,
,,266,,,,,,,,,,
,,274,,,,,,,,,,
,,271,,,,,,,,,,
,,268,,,,,,,,,,
,,223,,,,,,,,,,
,,281,,,,,,,,,,
,,348,,,,,,,,,,
,,214,,,,,,,,,,
,,212,,,,,,,,,,
,,213,,,,,,,,,,
,,304,,,,,,,,,,
,,304,,,,,,,,,,
,,276,,,,,,,,,,
,,369,,,,,,,,,,
,,238,,,,,,,,,,
,,293,,,,,,,,,,
,,301,,,,,,,,,,
,,302,,,,,,,,,,
,,281,,,,,,,,,,
,,288,,,,,,,,,,
,,290,,,,,,,,,,
,,180,,,,,,,,,,
,,198,,,,,,,,,,
,,206,,,,,,,,,,
,,266,,,,,,,,,,
,,274,,,,,,,,,,
,,328,,,,,,,,,,
,,328,,,,,,,,,,
,,358,,,,,,,,,,
,,371,,,,,,,,,,
,,375,,,,,,,,,,
,,375,,,,,,,,,,
,,276,,,,,,,,,,
,,437,,,,,,,,,,
,,281,,,,,,,,,,
,,288,,,,,,,,,,
,,284,,,,,,,,,,
,,287,,,,,,,,,,
,,274,,,,,,,,,,
,,276,,,,,,,,,,
,,325,,,,,,,,,,
,,467,,,,,,,,,,
,,277,,,,,,,,,,
,,288,,,,,,,,,,
,,275,,,,,,,,,,
,,331,,,,,,,,,,
,,341,,,,,,,,,,
,,217,,,,,,,,,,
,,311,,,,,,,,,,
,,316,,,,,,,,,,
,,360,,,,,,,,,,
,,371,,,,,,,,,,
,,365,,,,,,,,,,
,,322,,,,,,,,,,
,,307,,,,,,,,,,
,,307,,,,,,,,,,
,,319,,,,,,,,,,
,,317,,,,,,,,,,
,,302,,,,,,,,,,
,,238,,,,,,,,,,
,,236,,,,,,,,,,
,,314,,,,,,,,,,
,,318,,,,,,,,,,
,,314,,,,,,,,,,
,,243,,,,,,,,,,
,,244,,,,,,,,,,
,,190,,,,,,,,,,
,,203,,,,,,,,,,
,,310,,,,,,,,,,
,,276,,,,,,,,,,
,,276,,,,,,,,,,
,,259,,,,,,,,,,
,,281,,,,,,,,,,
,,311,,,,,,,,,,
,,295,,,,,,,,,,
,,246,,,,,,,,,,
,,239,,,,,,,,,,
,,250,,,,,,,,,,
,,251,,,,,,,,,,
,,242,,,,,,,,,,
,,242,,,,,,,,,,
,,243,,,,,,,,,,
,,247,,,,,,,,,,
,,255,,,,,,,,,,
,,246,,,,,,,,,,
,,248,,,,,,,,,,
,,256,,,,,,,,,,
,,257,,,,,,,,,,
,,740,,,,,,,,,,
,,250,,,,,,,,,,
,,250,,,,,,,,,,
,,242,,,,,,,,,,
,,329,,,,,,,,,,
,,334,,,,,,,,,,
,,329,,,,,,,,,,
,,287,,,,,,,,,,
,,294,,,,,,,,,,
,,203,,,,,,,,,,
,,211,,,,,,,,,,
,,196,,,,,,,,,,
,,448,,,,,,,,,,
,,292,,,,,,,,,,
,,321,,,,,,,,,,
,,329,,,,,,,,,,
,,232,,,,,,,,,,
,,232,,,,,,,,,,
,,232,,,,,,,,,,
,,371,,,,,,,,,,
,,377,,,,,,,,,,
,,210,,,,,,,,,,
,,224,,,,,,,,,,
,,226,,,,,,,,,,
,,355,,,,,,,,,,
,,338,,,,,,,,,,
,,334,,,,,,,,,,
,,179,,,,,,,,,,
,,184,,,,,,,,,,
,,184,,,,,,,,,,
,,258,,,,,,,,,,
,,253,,,,,,,,,,
,,242,,,,,,,,,,
,,310,,,,,,,,,,
,,473,,,,,,,,,,
,,514,,,,,,,,,,
,,557,,,,,,,,,,
,,272,,,,,,,,,,
,,282,,,,,,,,,,
,,308,,,,,,,,,,
,,474,,,,,,,,,,
,,469,,,,,,,,,,
,,469,,,,,,,,,,
,,219,,,,,,,,,,
,,221,,,,,,,,,,
,,226,,,,,,,,,,
,,410,,,,,,,,,,
,,419,,,,,,,,,,
,,412,,,,,,,,,,
,,340,,,,,,,,,,
,,340,,,,,,,,,,
,,221,,,,,,,,,,
,,271,,,,,,,,,,
,,242,,,,,,,,,,
,,243,,,,,,,,,,
,,406,,,,,,,,,,
,,400,,,,,,,,,,
,,384,,,,,,,,,,
,,292,,,,,,,,,,
,,296,,,,,,,,,,
,,298,,,,,,,,,,
,,227,,,,,,,,,,
,,312,,,,,,,,,,
,,317,,,,,,,,,,
,,312,,,,,,,,,,
,,309,,,,,,,,,,
,,303,,,,,,,,,,
,,307,,,,,,,,,,
,,304,,,,,,,,,,
,,321,,,,,,,,,,
,,296,,,,,,,,,,
,,325,,,,,,,,,,
,,329,,,,,,,,,,
,,262,,,,,,,,,,
,,270,,,,,,,,,,
,,271,,,,,,,,,,
,,446,,,,,,,,,,
,,437,,,,,,,,,,
,,479,,,,,,,,,,
,,646,,,,,,,,,,
,,269,,,,,,,,,,
,,239,,,,,,,,,,
,,236,,,,,,,,,,
,,204,,,,,,,,,,
,,377,,,,,,,,,,
,,412,,,,,,,,,,
,,543,,,,,,,,,,
,,255,,,,,,,,,,
,,254,,,,,,,,,,
,,254,,,,,,,,,,
,,378,,,,,,,,,,
,,378,,,,,,,,,,
,,380,,,,,,,,,,
,,189,,,,,,,,,,
,,463,,,,,,,,,,
,,445,,,,,,,,,,
,,291,,,,,,,,,,
,,301,,,,,,,,,,
,,302,,,,,,,,,,
,,294,,,,,,,,,,
,,265,,,,,,,,,,
,,269,,,,,,,,,,
,,271,,,,,,,,,,
,,321,,,,,,,,,,
,,326,,,,,,,,,,
,,322,,,,,,,,,,
,,321,,,,,,,,,,
,,321,,,,,,,,,,
,,534,,,,,,,,,,
,,523,,,,,,,,,,
,,328,,,,,,,,,,
,,405,,,,,,,,,,
,,281,,,,,,,,,,
,,282,,,,,,,,,,
,,277,,,,,,,,,,
,,285,,,,,,,,,,
,,286,,,,,,,,,,
,,262,,,,,,,,,,
,,262,,,,,,,,,,
,,525,,,,,,,,,,
,,533,,,,,,,,,,
,,536,,,,,,,,,,
,,300,,,,,,,,,,
,,304,,,,,,,,,,
,,299,,,,,,,,,,
,,223,,,,,,,,,,
,,264,,,,,,,,,,
,,326,,,,,,,,,,
,,390,,,,,,,,,,
,,382,,,,,,,,,,
,,505,,,,,,,,,,
,,306,,,,,,,,,,
,,304,,,,,,,,,,
,,306,,,,,,,,,,
,,327,,,,,,,,,,
,,337,,,,,,,,,,
,,330,,,,,,,,,,
,,322,,,,,,,,,,
,,318,,,,,,,,,,
,,302,,,,,,,,,,
,,309,,,,,,,,,,
,,311,,,,,,,,,,
,,303,,,,,,,,,,
,,313,,,,,,,,,,
,,310,,,,,,,,,,
,,334,,,,,,,,,,
,,341,,,,,,,,,,
,,351,,,,,,,,,,
,,407,,,,,,,,,,
,,419,,,,,,,,,,
,,415,,,,,,,,,,
,,264,,,,,,,,,,
,,272,,,,,,,,,,
,,274,,,,,,,,,,
,,173,,,,,,,,,,
,,263,,,,,,,,,,
,,264,,,,,,,,,,
,,260,,,,,,,,,,
,,287,,,,,,,,,,
,,295,,,,,,,,,,
,,318,,,,,,,,,,
,,327,,,,,,,,,,
,,329,,,,,,,,,,
,,279,,,,,,,,,,
,,288,,,,,,,,,,
,,374,,,,,,,,,,
,,374,,,,,,,,,,
,,374,,,,,,,,,,
,,422,,,,,,,,,,
,,435,,,,,,,,,,
,,368,,,,,,,,,,
,,557,,,,,,,,,,
,,252,,,,,,,,,,
,,259,,,,,,,,,,
,,260,,,,,,,,,,
,,387,,,,,,,,,,
,,387,,,,,,,,,,
,,209,,,,,,,,,,
,,216,,,,,,,,,,
,,223,,,,,,,,,,
,,218,,,,,,,,,,
,,224,,,,,,,,,,
,,239,,,,,,,,,,
,,238,,,,,,,,,,
,,236,,,,,,,,,,
,,181,,,,,,,,,,
,,185,,,,,,,,,,
,,578,,,,,,,,,,
,,578,,,,,,,,,,
,,567,,,,,,,,,,
,,381,,,,,,,,,,
,,389,,,,,,,,,,
,,345,,,,,,,,,,
,,349,,,,,,,,,,
,,420,,,,,,,,,,
,,391,,,,,,,,,,
,,399,,,,,,,,,,
,,395,,,,,,,,,,
,,409,,,,,,,,,,
,,409,,,,,,,,,,
,,244,,,,,,,,,,
,,262,,,,,,,,,,
,,285,,,,,,,,,,
,,494,,,,,,,,,,
,,432,,,,,,,,,,
,,398,,,,,,,,,,
,,394,,,,,,,,,,
,,362,,,,,,,,,,
,,368,,,,,,,,,,
,,381,,,,,,,,,,
,,272,,,,,,,,,,
,,280,,,,,,,,,,
,,282,,,,,,,,,,
,,530,,,,,,,,,,
,,492,,,,,,,,,,
,,492,,,,,,,,,,
,,322,,,,,,,,,,
,,340,,,,,,,,,,
,,345,,,,,,,,,,
,,346,,,,,,,,,,
,,285,,,,,,,,,,
,,503,,,,,,,,,,
,,251,,,,,,,,,,
,,256,,,,,,,,,,
,,263,,,,,,,,,,
,,244,,,,,,,,,,
,,227,,,,,,,,,,
,,470,,,,,,,,,,
,,329,,,,,,,,,,
,,355,,,,,,,,,,
,,266,,,,,,,,,,
,,268,,,,,,,,,,
,,277,,,,,,,,,,
,,277,,,,,,,,,,
,,203,,,,,,,,,,
,,400,,,,,,,,,,
,,542,,,,,,,,,,
,,236,,,,,,,,,,
,,253,,,,,,,,,,
,,277,,,,,,,,,,
,,287,,,,,,,,,,
,,641,,,,,,,,,,
,,616,,,,,,,,,,
,,557,,,,,,,,,,
,,288,,,,,,,,,,
,,373,,,,,,,,,,
,,375,,,,,,,,,,
,,369,,,,,,,,,,
,,387,,,,,,,,,,
,,391,,,,,,,,,,
,,269,,,,,,,,,,
,,276,,,,,,,,,,
,,268,,,,,,,,,,
,,266,,,,,,,,,,
,,582,,,,,,,,,,
,,571,,,,,,,,,,
,,559,,,,,,,,,,
,,224,,,,,,,,,,
,,387,,,,,,,,,,
,,387,,,,,,,,,,
,,914,,,,,,,,,,
,,937,,,,,,,,,,
,,923,,,,,,,,,,
,,287,,,,,,,,,,
,,308,,,,,,,,,,
,,255,,,,,,,,,,
,,263,,,,,,,,,,
,,264,,,,,,,,,,
,,288,,,,,,,,,,
,,217,,,,,,,,,,
,,573,,,,,,,,,,
,,576,,,,,,,,,,
,,408,,,,,,,,,,
,,420,,,,,,,,,,
,,429,,,,,,,,,,
,,397,,,,,,,,,,
,,388,,,,,,,,,,
,,606,,,,,,,,,,
,,136,,,,,,,,,,
,,187,,,,,,,,,,
,,230,,,,,,,,,,
,,238,,,,,,,,,,
,,324,,,,,,,,,,
,,368,,,,,,,,,,
,,358,,,,,,,,,,
,,434,,,,,,,,,,
,,624,,,,,,,,,,
,,630,,,,,,,,,,
,,621,,,,,,,,,,
,,541,,,,,,,,,,
,,541,,,,,,,,,,
,,1063,,,,,,,,,,
,,491,,,,,,,,,,
,,765,,,,,,,,,,
,,287,,,,,,,,,,
,,345,,,,,,,,,,
,,254,,,,,,,,,,
,,301,,,,,,,,,,
,,275,,,,,,,,,,
,,272,,,,,,,,,,
,,194,,,,,,,,,,
,,196,,,,,,,,,,
,,335,,,,,,,,,,
,,343,,,,,,,,,,
,,338,,,,,,,,,,
,,334,,,,,,,,,,
,,293,,,,,,,,,,
,,294,,,,,,,,,,
,,280,,,,,,,,,,
,,276,,,,,,,,,,
,,270,,,,,,,,,,
,,312,,,,,,,,,,
,,320,,,,,,,,,,
,,322,,,,,,,,,,
,,239,,,,,,,,,,
,,257,,,,,,,,,,
,,515,,,,,,,,,,
,,492,,,,,,,,,,
,,225,,,,,,,,,,
,,616,,,,,,,,,,
,,297,,,,,,,,,,
,,231,,,,,,,,,,
,,259,,,,,,,,,,
,,386,,,,,,,,,,
,,260,,,,,,,,,,
,,260,,,,,,,,,,
,,264,,,,,,,,,,
,,338,,,,,,,,,,
,,347,,,,,,,,,,
,,359,,,,,,,,,,
,,242,,,,,,,,,,
,,522,,,,,,,,,,
,,325,,,,,,,,,,
,,332,,,,,,,,,,
,,313,,,,,,,,,,
,,350,,,,,,,,,,
,,361,,,,,,,,,,
,,357,,,,,,,,,,
,,286,,,,,,,,,,
,,575,,,,,,,,,,
,,264,,,,,,,,,,
,,276,,,,,,,,,,
,,602,,,,,,,,,,
,,650,,,,,,,,,,
,,260,,,,,,,,,,
,,265,,,,,,,,,,
,,321,,,,,,,,,,
,,205,,,,,,,,,,
,,205,,,,,,,,,,
,,306,,,,,,,,,,
,,233,,,,,,,,,,
,,225,,,,,,,,,,
,,215,,,,,,,,,,
,,267,,,,,,,,,,
,,274,,,,,,,,,,
,,153,,,,,,,,,,
,,305,,,,,,,,,,
,,158,,,,,,,,,,
,,180,,,,,,,,,,
,,185,,,,,,,,,,
,,388,,,,,,,,,,
,,390,,,,,,,,,,
,,384,,,,,,,,,,
,,169,,,,,,,,,,
,,172,,,,,,,,,,
,,284,,,,,,,,,,
,,279,,,,,,,,,,
,,584,,,,,,,,,,
,,587,,,,,,,,,,
,,323,,,,,,,,,,
,,324,,,,,,,,,,
,,650,,,,,,,,,,
,,792,,,,,,,,,,
,,323,,,,,,,,,,
,,329,,,,,,,,,,
,,292,,,,,,,,,,
,,301,,,,,,,,,,
,,301,,,,,,,,,,
,,318,,,,,,,,,,
,,301,,,,,,,,,,
,,296,,,,,,,,,,
,,215,,,,,,,,,,
,,330,,,,,,,,,,
,,509,,,,,,,,,,
,,660,,,,,,,,,,
,,306,,,,,,,,,,
,,324,,,,,,,,,,
,,320,,,,,,,,,,
,,484,,,,,,,,,,
,,520,,,,,,,,,,
,,325,,,,,,,,,,
,,333,,,,,,,,,,
,,212,,,,,,,,,,
,,565,,,,,,,,,,
,,558,,,,,,,,,,
,,473,,,,,,,,,,
,,194,,,,,,,,,,
,,197,,,,,,,,,,
,,287,,,,,,,,,,
,,206,,,,,,,,,,
,,210,,,,,,,,,,
,,289,,,,,,,,,,
,,301,,,,,,,,,,
,,311,,,,,,,,,,
,,313,,,,,,,,,,
,,302,,,,,,,,,,
,,297,,,,,,,,,,
,,493,,,,,,,,,,
,,626,,,,,,,,,,
,,664,,,,,,,,,,
,,664,,,,,,,,,,
,,284,,,,,,,,,,
,,287,,,,,,,,,,
,,288,,,,,,,,,,
,,270,,,,,,,,,,
,,286,,,,,,,,,,
,,259,,,,,,,,,,
,,209,,,,,,,,,,
,,208,,,,,,,,,,
,,495,,,,,,,,,,
,,313,,,,,,,,,,
,,250,,,,,,,,,,
,,259,,,,,,,,,,
,,260,,,,,,,,,,
,,307,,,,,,,,,,
,,334,,,,,,,,,,
,,352,,,,,,,,,,
,,300,,,,,,,,,,
,,352,,,,,,,,,,
,,400,,,,,,,,,,
,,402,,,,,,,,,,
,,389,,,,,,,,,,
,,397,,,,,,,,,,
,,160,,,,,,,,,,
,,258,,,,,,,,,,
,,360,,,,,,,,,,
,,756,,,,,,,,,,
,,313,,,,,,,,,,
,,264,,,,,,,,,,
,,224,,,,,,,,,,
,,224,,,,,,,,,,
,,222,,,,,,,,,,
,,828,,,,,,,,,,
,,944,,,,,,,,,,
,,1015,,,,,,,,,,
,,408,,,,,,,,,,
,,412,,,,,,,,,,
,,237,,,,,,,,,,
,,256,,,,,,,,,,
,,280,,,,,,,,,,
,,206,,,,,,,,,,
,,210,,,,,,,,,,
,,305,,,,,,,,,,
,,345,,,,,,,,,,
,,345,,,,,,,,,,
,,345,,,,,,,,,,
,,251,,,,,,,,,,
,,257,,,,,,,,,,
,,523,,,,,,,,,,
,,283,,,,,,,,,,
,,277,,,,,,,,,,
,,239,,,,,,,,,,
,,245,,,,,,,,,,
,,246,,,,,,,,,,
,,274,,,,,,,,,,
,,256,,,,,,,,,,
,,256,,,,,,,,,,
,,340,,,,,,,,,,
,,349,,,,,,,,,,
,,345,,,,,,,,,,
,,254,,,,,,,,,,
,,256,,,,,,,,,,
,,504,,,,,,,,,,
,,252,,,,,,,,,,
,,260,,,,,,,,,,
,,256,,,,,,,,,,
,,373,,,,,,,,,,
,,386,,,,,,,,,,
,,386,,,,,,,,,,
,,368,,,,,,,,,,
,,379,,,,,,,,,,
,,374,,,,,,,,,,
,,385,,,,,,,,,,
,,401,,,,,,,,,,
,,415,,,,,,,,,,
,,302,,,,,,,,,,
,,311,,,,,,,,,,
,,313,,,,,,,,,,
,,235,,,,,,,,,,
,,300,,,,,,,,,,
,,342,,,,,,,,,,
,,352,,,,,,,,,,
,,563,,,,,,,,,,
,,479,,,,,,,,,,
,,490,,,,,,,,,,
,,264,,,,,,,,,,
,,272,,,,,,,,,,
,,446,,,,,,,,,,
,,486,,,,,,,,,,
,,336,,,,,,,,,,
,,395,,,,,,,,,,
,,298,,,,,,,,,,
,,299,,,,,,,,,,
,,477,,,,,,,,,,
,,750,,,,,,,,,,
,,961,,,,,,,,,,
,,961,,,,,,,,,,
,,942,,,,,,,,,,
,,131,,,,,,,,,,
,,132,,,,,,,,,,
,,2008,,,,,,,,,,
,,1968,,,,,,,,,,
,,677,,,,,,,,,,
,,900,,,,,,,,,,
,,251,,,,,,,,,,
,,305,,,,,,,,,,
,,320,,,,,,,,,,
,,378,,,,,,,,,,
,,696,,,,,,,,,,
,,741,,,,,,,,,,
,,804,,,,,,,,,,
,,597,,,,,,,,,,
,,642,,,,,,,,,,
,,213,,,,,,,,,,
,,218,,,,,,,,,,
,,492,,,,,,,,,,
,,474,,,,,,,,,,
,,436,,,,,,,,,,
,,344,,,,,,,,,,
,,342,,,,,,,,,,
,,344,,,,,,,,,,
,,255,,,,,,,,,,
,,235,,,,,,,,,,
,,237,,,,,,,,,,
,,223,,,,,,,,,,
,,292,,,,,,,,,,
,,360,,,,,,,,,,
,,363,,,,,,,,,,
,,396,,,,,,,,,,
,,315,,,,,,,,,,
,,262,,,,,,,,,,
,,296,,,,,,,,,,
,,319,,,,,,,,,,
,,319,,,,,,,,,,
,,328,,,,,,,,,,
,,256,,,,,,,,,,
,,258,,,,,,,,,,
,,262,,,,,,,,,,
,,717,,,,,,,,,,
,,817,,,,,,,,,,
,,879,,,,,,,,,,
,,300,,,,,,,,,,
,,307,,,,,,,,,,
,,304,,,,,,,,,,
,,421,,,,,,,,,,
,,431,,,,,,,,,,
,,268,,,,,,,,,,
,,259,,,,,,,,,,
,,267,,,,,,,,,,
,,266,,,,,,,,,,
,,291,,,,,,,,,,
,,278,,,,,,,,,,
,,279,,,,,,,,,,
,,270,,,,,,,,,,
,,279,,,,,,,,,,
,,280,,,,,,,,,,
,,267,,,,,,,,,,
,,275,,,,,,,,,,
,,272,,,,,,,,,,
,,277,,,,,,,,,,
,,287,,,,,,,,,,
,,287,,,,,,,,,,
,,273,,,,,,,,,,
,,280,,,,,,,,,,
,,262,,,,,,,,,,
,,264,,,,,,,,,,
,,269,,,,,,,,,,
,,271,,,,,,,,,,
,,1083,,,,,,,,,,
,,1170,,,,,,,,,,
,,1298,,,,,,,,,,
,,233,,,,,,,,,,
,,300,,,,,,,,,,
,,308,,,,,,,,,,
,,305,,,,,,,,,,
,,256,,,,,,,,,,
,,264,,,,,,,,,,
,,265,,,,,,,,,,
,,362,,,,,,,,,,
,,344,,,,,,,,,,
,,340,,,,,,,,,,
,,608,,,,,,,,,,
,,608,,,,,,,,,,
,,611,,,,,,,,,,
,,609,,,,,,,,,,
,,541,,,,,,,,,,
,,544,,,,,,,,,,
,,527,,,,,,,,,,
,,258,,,,,,,,,,
,,287,,,,,,,,,,
,,293,,,,,,,,,,
,,297,,,,,,,,,,
,,306,,,,,,,,,,
,,341,,,,,,,,,,
,,340,,,,,,,,,,
,,341,,,,,,,,,,
,,299,,,,,,,,,,
,,308,,,,,,,,,,
,,310,,,,,,,,,,
,,395,,,,,,,,,,
,,408,,,,,,,,,,
,,410,,,,,,,,,,
,,316,,,,,,,,,,
,,325,,,,,,,,,,
,,314,,,,,,,,,,
,,549,,,,,,,,,,
,,604,,,,,,,,,,
,,464,,,,,,,,,,
,,435,,,,,,,,,,
,,472,,,,,,,,,,
,,293,,,,,,,,,,
,,293,,,,,,,,,,
,,251,,,,,,,,,,
,,314,,,,,,,,,,
,,323,,,,,,,,,,
,,325,,,,,,,,,,
,,365,,,,,,,,,,
,,370,,,,,,,,,,
,,309,,,,,,,,,,
,,320,,,,,,,,,,
,,320,,,,,,,,,,
,,305,,,,,,,,,,
,,306,,,,,,,,,,
,,453,,,,,,,,,,
,,224,,,,,,,,,,
,,230,,,,,,,,,,
,,230,,,,,,,,,,
,,322,,,,,,,,,,
,,327,,,,,,,,,,
,,270,,,,,,,,,,
,,271,,,,,,,,,,
,,260,,,,,,,,,,
,,220,,,,,,,,,,
,,489,,,,,,,,,,
,,496,,,,,,,,,,
,,489,,,,,,,,,,
,,305,,,,,,,,,,
,,314,,,,,,,,,,
,,311,,,,,,,,,,
,,236,,,,,,,,,,
,,236,,,,,,,,,,
,,234,,,,,,,,,,
,,340,,,,,,,,,,
,,336,,,,,,,,,,
,,331,,,,,,,,,,
,,324,,,,,,,,,,
,,547,,,,,,,,,,
,,405,,,,,,,,,,
,,266,,,,,,,,,,
,,274,,,,,,,,,,
,,276,,,,,,,,,,
,,265,,,,,,,,,,
,,272,,,,,,,,,,
,,269,,,,,,,,,,
,,263,,,,,,,,,,
,,267,,,,,,,,,,
,,268,,,,,,,,,,
,,295,,,,,,,,,,
,,300,,,,,,,,,,
,,305,,,,,,,,,,
,,351,,,,,,,,,,
,,268,,,,,,,,,,
,,268,,,,,,,,,,
,,269,,,,,,,,,,
,,308,,,,,,,,,,
,,309,,,,,,,,,,
,,293,,,,,,,,,,
,,381,,,,,,,,,,
,,354,,,,,,,,,,
,,368,,,,,,,,,,
,,400,,,,,,,,,,
,,400,,,,,,,,,,
,,396,,,,,,,,,,
,,411,,,,,,,,,,
,,376,,,,,,,,,,
,,429,,,,,,,,,,
,,301,,,,,,,,,,
,,226,,,,,,,,,,
,,211,,,,,,,,,,
,,211,,,,,,,,,,
,,302,,,,,,,,,,
,,310,,,,,,,,,,
,,305,,,,,,,,,,
,,285,,,,,,,,,,
,,267,,,,,,,,,,
,,251,,,,,,,,,,
,,259,,,,,,,,,,
,,237,,,,,,,,,,
,,320,,,,,,,,,,
,,315,,,,,,,,,,
,,319,,,,,,,,,,
,,273,,,,,,,,,,
,,368,,,,,,,,,,
,,294,,,,,,,,,,
,,262,,,,,,,,,,
,,533,,,,,,,,,,
,,518,,,,,,,,,,
,,414,,,,,,,,,,
,,433,,,,,,,,,,
,,262,,,,,,,,,,
,,271,,,,,,,,,,
,,271,,,,,,,,,,
,,301,,,,,,,,,,
,,310,,,,,,,,,,
,,311,,,,,,,,,,
,,358,,,,,,,,,,
,,370,,,,,,,,,,
,,372,,,,,,,,,,
,,398,,,,,,,,,,
,,370,,,,,,,,,,
,,299,,,,,,,,,,
,,309,,,,,,,,,,
,,311,,,,,,,,,,
,,267,,,,,,,,,,
,,275,,,,,,,,,,
,,275,,,,,,,,,,
,,296,,,,,,,,,,
,,449,,,,,,,,,,
,,449,,,,,,,,,,
,,452,,,,,,,,,,
,,507,,,,,,,,,,
,,515,,,,,,,,,,
,,512,,,,,,,,,,
,,271,,,,,,,,,,
,,280,,,,,,,,,,
,,319,,,,,,,,,,
,,325,,,,,,,,,,
,,322,,,,,,,,,,
,,586,,,,,,,,,,
,,1075,,,,,,,,,,
,,1226,,,,,,,,,,
,,349,,,,,,,,,,
,,464,,,,,,,,,,
,,320,,,,,,,,,,
,,320,,,,,,,,,,
,,334,,,,,,,,,,
,,125,,,,,,,,,,
,,226,,,,,,,,,,
,,281,,,,,,,,,,
,,341,,,,,,,,,,
,,386,,,,,,,,,,
,,280,,,,,,,,,,
,,287,,,,,,,,,,
,,284,,,,,,,,,,
,,217,,,,,,,,,,
,,298,,,,,,,,,,
,,298,,,,,,,,,,
,,312,,,,,,,,,,
,,359,,,,,,,,,,
,,358,,,,,,,,,,
,,354,,,,,,,,,,
,,303,,,,,,,,,,
,,303,,,,,,,,,,
,,304,,,,,,,,,,
,,300,,,,,,,,,,
,,300,,,,,,,,,,
,,233,,,,,,,,,,
,,240,,,,,,,,,,
,,240,,,,,,,,,,
,,393,,,,,,,,,,
,,384,,,,,,,,,,
,,273,,,,,,,,,,
,,308,,,,,,,,,,
,,335,,,,,,,,,,
,,258,,,,,,,,,,
,,239,,,,,,,,,,
,,243,,,,,,,,,,
,,648,,,,,,,,,,
,,651,,,,,,,,,,
,,461,,,,,,,,,,
,,741,,,,,,,,,,
,,706,,,,,,,,,,
,,695,,,,,,,,,,
,,685,,,,,,,,,,
,,428,,,,,,,,,,
,,521,,,,,,,,,,
,,494,,,,,,,,,,
,,284,,,,,,,,,,
,,292,,,,,,,,,,
,,281,,,,,,,,,,
,,246,,,,,,,,,,
,,252,,,,,,,,,,
,,277,,,,,,,,,,
,,87,,,,,,,,,,
,,265,,,,,,,,,,
,,148,,,,,,,,,,
,,364,,,,,,,,,,
,,464,,,,,,,,,,
,,317,,,,,,,,,,
,,311,,,,,,,,,,
,,321,,,,,,,,,,
,,323,,,,,,,,,,
,,255,,,,,,,,,,
,,262,,,,,,,,,,
,,263,,,,,,,,,,
,,363,,,,,,,,,,
,,348,,,,,,,,,,
,,281,,,,,,,,,,
,,293,,,,,,,,,,
,,301,,,,,,,,,,
,,332,,,,,,,,,,
,,391,,,,,,,,,,
,,282,,,,,,,,,,
,,290,,,,,,,,,,
,,290,,,,,,,,,,
,,290,,,,,,,,,,
,,267,,,,,,,,,,
,,272,,,,,,,,,,
,,262,,,,,,,,,,
,,333,,,,,,,,,,
,,347,,,,,,,,,,
,,395,,,,,,,,,,
,,314,,,,,,,,,,
,,317,,,,,,,,,,
,,289,,,,,,,,,,
,,267,,,,,,,,,,
,,268,,,,,,,,,,
,,498,,,,,,,,,,
,,298,,,,,,,,,,
,,292,,,,,,,,,,
,,280,,,,,,,,,,
,,304,,,,,,,,,,
,,304,,,,,,,,,,
,,306,,,,,,,,,,
,,316,,,,,,,,,,
,,324,,,,,,,,,,
,,328,,,,,,,,,,
,,387,,,,,,,,,,
,,401,,,,,,,,,,
,,378,,,,,,,,,,
,,479,,,,,,,,,,
,,254,,,,,,,,,,
,,261,,,,,,,,,,
,,263,,,,,,,,,,
,,439,,,,,,,,,,
,,439,,,,,,,,,,
,,441,,,,,,,,,,
,,287,,,,,,,,,,
,,287,,,,,,,,,,
,,297,,,,,,,,,,
,,248,,,,,,,,,,
,,261,,,,,,,,,,
,,277,,,,,,,,,,
,,282,,,,,,,,,,
,,283,,,,,,,,,,
,,285,,,,,,,,,,
,,354,,,,,,,,,,
,,363,,,,,,,,,,
,,358,,,,,,,,,,
,,327,,,,,,,,,,
,,332,,,,,,,,,,
,,296,,,,,,,,,,
,,433,,,,,,,,,,
,,433,,,,,,,,,,
,,272,,,,,,,,,,
,,309,,,,,,,,,,
,,309,,,,,,,,,,
,,340,,,,,,,,,,
,,213,,,,,,,,,,
,,318,,,,,,,,,,
,,315,,,,,,,,,,
,,263,,,,,,,,,,
,,288,,,,,,,,,,
,,290,,,,,,,,,,
,,282,,,,,,,,,,
,,291,,,,,,,,,,
,,291,,,,,,,,,,
,,464,,,,,,,,,,
,,284,,,,,,,,,,
,,290,,,,,,,,,,
,,291,,,,,,,,,,
,,278,,,,,,,,,,
,,329,,,,,,,,,,
,,71,,,,,,,,,,
,,272,,,,,,,,,,
,,282,,,,,,,,,,
,,283,,,,,,,,,,
,,334,,,,,,,,,,
,,330,,,,,,,,,,
,,233,,,,,,,,,,
,,239,,,,,,,,,,
,,244,,,,,,,,,,
,,333,,,,,,,,,,
,,663,,,,,,,,,,
,,680,,,,,,,,,,
,,670,,,,,,,,,,
,,314,,,,,,,,,,
,,325,,,,,,,,,,
,,327,,,,,,,,,,
,,259,,,,,,,,,,
,,499,,,,,,,,,,
,,345,,,,,,,,,,
,,355,,,,,,,,,,
,,350,,,,,,,,,,
,,346,,,,,,,,,,
,,357,,,,,,,,,,
,,351,,,,,,,,,,
,,598,,,,,,,,,,
,,634,,,,,,,,,,
,,631,,,,,,,,,,
,,244,,,,,,,,,,
,,244,,,,,,,,,,
,,232,,,,,,,,,,
,,308,,,,,,,,,,
,,367,,,,,,,,,,
,,367,,,,,,,,,,
,,324,,,,,,,,,,
,,311,,,,,,,,,,
,,320,,,,,,,,,,
,,291,,,,,,,,,,
,,338,,,,,,,,,,
,,361,,,,,,,,,,
,,374,,,,,,,,,,
,,577,,,,,,,,,,
,,1105,,,,,,,,,,
,,529,,,,,,,,,,
,,577,,,,,,,,,,
,,288,,,,,,,,,,
,,293,,,,,,,,,,
,,320,,,,,,,,,,
,,274,,,,,,,,,,
,,254,,,,,,,,,,
,,263,,,,,,,,,,
,,264,,,,,,,,,,
,,346,,,,,,,,,,
,,328,,,,,,,,,,
,,322,,,,,,,,,,
,,319,,,,,,,,,,
,,591,,,,,,,,,,
,,609,,,,,,,,,,
,,462,,,,,,,,,,
,,422,,,,,,,,,,
,,434,,,,,,,,,,
,,432,,,,,,,,,,
,,384,,,,,,,,,,
,,407,,,,,,,,,,
,,409,,,,,,,,,,
,,227,,,,,,,,,,
,,228,,,,,,,,,,
,,242,,,,,,,,,,
,,337,,,,,,,,,,
,,321,,,,,,,,,,
,,331,,,,,,,,,,
,,333,,,,,,,,,,
,,236,,,,,,,,,,
,,252,,,,,,,,,,
,,261,,,,,,,,,,
,,267,,,,,,,,,,
,,307,,,,,,,,,,
,,314,,,,,,,,,,
,,299,,,,,,,,,,
,,305,,,,,,,,,,
,,315,,,,,,,,,,
,,230,,,,,,,,,,
,,236,,,,,,,,,,
,,236,,,,,,,,,,
,,296,,,,,,,,,,
,,303,,,,,,,,,,
,,303,,,,,,,,,,
,,261,,,,,,,,,,
,,267,,,,,,,,,,
,,269,,,,,,,,,,
,,300,,,,,,,,,,
,,301,,,,,,,,,,
,,313,,,,,,,,,,
,,232,,,,,,,,,,
,,237,,,,,,,,,,
,,268,,,,,,,,,,
,,273,,,,,,,,,,
,,275,,,,,,,,,,
,,305,,,,,,,,,,
,,307,,,,,,,,,,
,,278,,,,,,,,,,
,,285,,,,,,,,,,
,,437,,,,,,,,,,
,,448,,,,,,,,,,
,,453,,,,,,,,,,
,,444,,,,,,,,,,
,,437,,,,,,,,,,
,,340,,,,,,,,,,
,,340,,,,,,,,,,
,,344,,,,,,,,,,
,,322,,,,,,,,,,
,,264,,,,,,,,,,
,,254,,,,,,,,,,
,,274,,,,,,,,,,
,,282,,,,,,,,,,
,,265,,,,,,,,,,
,,205,,,,,,,,,,
,,370,,,,,,,,,,
,,279,,,,,,,,,,
,,263,,,,,,,,,,
,,263,,,,,,,,,,
,,284,,,,,,,,,,
,,320,,,,,,,,,,
,,680,,,,,,,,,,
,,479,,,,,,,,,,
,,338,,,,,,,,,,
,,308,,,,,,,,,,
,,286,,,,,,,,,,
,,238,,,,,,,,,,
,,264,,,,,,,,,,
,,272,,,,,,,,,,
,,386,,,,,,,,,,
,,357,,,,,,,,,,
,,279,,,,,,,,,,
,,505,,,,,,,,,,
,,512,,,,,,,,,,
,,283,,,,,,,,,,
,,268,,,,,,,,,,
,,266,,,,,,,,,,
,,368,,,,,,,,,,
,,378,,,,,,,,,,
,,374,,,,,,,,,,
,,386,,,,,,,,,,
,,380,,,,,,,,,,
,,366,,,,,,,,,,
,,366,,,,,,,,,,
,,256,,,,,,,,,,
,,315,,,,,,,,,,
,,349,,,,,,,,,,
,,355,,,,,,,,,,
,,336,,,,,,,,,,
,,442,,,,,,,,,,
,,455,,,,,,,,,,
,,479,,,,,,,,,,
,,274,,,,,,,,,,
,,283,,,,,,,,,,
,,260,,,,,,,,,,
,,484,,,,,,,,,,
,,486,,,,,,,,,,
,,299,,,,,,,,,,
,,288,,,,,,,,,,
,,753,,,,,,,,,,
,,393,,,,,,,,,,
,,334,,,,,,,,,,
,,352,,,,,,,,,,
,,351,,,,,,,,,,
,,351,,,,,,,,,,
,,327,,,,,,,,,,
,,305,,,,,,,,,,
,,472,,,,,,,,,,
,,671,,,,,,,,,,
,,312,,,,,,,,,,
,,316,,,,,,,,,,
,,311,,,,,,,,,,
,,325,,,,,,,,,,
,,279,,,,,,,,,,
,,281,,,,,,,,,,
,,235,,,,,,,,,,
,,242,,,,,,,,,,
,,220,,,,,,,,,,
,,221,,,,,,,,,,
,,218,,,,,,,,,,
,,344,,,,,,,,,,
,,341,,,,,,,,,,
,,338,,,,,,,,,,
,,339,,,,,,,,,,
,,577,,,,,,,,,,
,,583,,,,,,,,,,
,,330,,,,,,,,,,
,,551,,,,,,,,,,
,,554,,,,,,,,,,
,,320,,,,,,,,,,
,,322,,,,,,,,,,
,,503,,,,,,,,,,
,,493,,,,,,,,,,
,,266,,,,,,,,,,
,,266,,,,,,,,,,
,,267,,,,,,,,,,
,,389,,,,,,,,,,
,,313,,,,,,,,,,
,,368,,,,,,,,,,
,,393,,,,,,,,,,
,,425,,,,,,,,,,
,,335,,,,,,,,,,
,,446,,,,,,,,,,
,,262,,,,,,,,,,
,,270,,,,,,,,,,
,,271,,,,,,,,,,
,,802,,,,,,,,,,
,,130,,,,,,,,,,
,,390,,,,,,,,,,
,,371,,,,,,,,,,
,,371,,,,,,,,,,
,,352,,,,,,,,,,
,,496,,,,,,,,,,
,,243,,,,,,,,,,
,,250,,,,,,,,,,
,,352,,,,,,,,,,
,,328,,,,,,,,,,
,,312,,,,,,,,,,
,,655,,,,,,,,,,
,,295,,,,,,,,,,
,,286,,,,,,,,,,
,,660,,,,,,,,,,
,,374,,,,,,,,,,
,,374,,,,,,,,,,
,,794,,,,,,,,,,
,,778,,,,,,,,,,
,,108,,,,,,,,,,
,,252,,,,,,,,,,
,,178,,,,,,,,,,
,,225,,,,,,,,,,
,,299,,,,,,,,,,
,,298,,,,,,,,,,
,,298,,,,,,,,,,
,,288,,,,,,,,,,
,,298,,,,,,,,,,
,,307,,,,,,,,,,
,,307,,,,,,,,,,
,,325,,,,,,,,,,
,,288,,,,,,,,,,
,,296,,,,,,,,,,
,,379,,,,,,,,,,
,,379,,,,,,,,,,
,,379,,,,,,,,,,
,,582,,,,,,,,,,
,,624,,,,,,,,,,
,,612,,,,,,,,,,
,,333,,,,,,,,,,
,,333,,,,,,,,,,
,,335,,,,,,,,,,
,,302,,,,,,,,,,
,,279,,,,,,,,,,
,,287,,,,,,,,,,
,,287,,,,,,,,,,
,,519,,,,,,,,,,
,,350,,,,,,,,,,
,,326,,,,,,,,,,
,,334,,,,,,,,,,
,,319,,,,,,,,,,
,,496,,,,,,,,,,
,,317,,,,,,,,,,
,,285,,,,,,,,,,
,,306,,,,,,,,,,
,,308,,,,,,,,,,
,,579,,,,,,,,,,
,,610,,,,,,,,,,
,,292,,,,,,,,,,
,,302,,,,,,,,,,
,,348,,,,,,,,,,
,,346,,,,,,,,,,
,,632,,,,,,,,,,
,,629,,,,,,,,,,
,,452,,,,,,,,,,
,,519,,,,,,,,,,
,,864,,,,,,,,,,
,,886,,,,,,,,,,
,,881,,,,,,,,,,
,,371,,,,,,,,,,
,,384,,,,,,,,,,
,,384,,,,,,,,,,
,,378,,,,,,,,,,
,,427,,,,,,,,,,
,,411,,,,,,,,,,
,,405,,,,,,,,,,
,,247,,,,,,,,,,
,,273,,,,,,,,,,
,,283,,,,,,,,,,
,,266,,,,,,,,,,
,,273,,,,,,,,,,
,,276,,,,,,,,,,
,,492,,,,,,,,,,
,,340,,,,,,,,,,
,,340,,,,,,,,,,
,,252,,,,,,,,,,
,,305,,,,,,,,,,
,,370,,,,,,,,,,
,,387,,,,,,,,,,
,,330,,,,,,,,,,
,,441,,,,,,,,,,
,,269,,,,,,,,,,
,,271,,,,,,,,,,
,,294,,,,,,,,,,
,,308,,,,,,,,,,
,,313,,,,,,,,,,
,,322,,,,,,,,,,
,,325,,,,,,,,,,
,,335,,,,,,,,,,
,,275,,,,,,,,,,
,,301,,,,,,,,,,
,,312,,,,,,,,,,
,,314,,,,,,,,,,
,,272,,,,,,,,,,
,,278,,,,,,,,,,
,,431,,,,,,,,,,
,,422,,,,,,,,,,
,,422,,,,,,,,,,
,,420,,,,,,,,,,
,,209,,,,,,,,,,
,,362,,,,,,,,,,
,,358,,,,,,,,,,
,,253,,,,,,,,,,
,,170,,,,,,,,,,
,,170,,,,,,,,,,
,,188,,,,,,,,,,
,,172,,,,,,,,,,
,,173,,,,,,,,,,
,,337,,,,,,,,,,
,,342,,,,,,,,,,
,,413,,,,,,,,,,
,,406,,,,,,,,,,
,,406,,,,,,,,,,
,,298,,,,,,,,,,
,,303,,,,,,,,,,
,,305,,,,,,,,,,
,,398,,,,,,,,,,
,,398,,,,,,,,,,
,,398,,,,,,,,,,
,,451,,,,,,,,,,
,,481,,,,,,,,,,
,,320,,,,,,,,,,
,,344,,,,,,,,,,
,,320,,,,,,,,,,
,,329,,,,,,,,,,
,,326,,,,,,,,,,
,,405,,,,,,,,,,
,,437,,,,,,,,,,
,,330,,,,,,,,,,
,,205,,,,,,,,,,
,,258,,,,,,,,,,
,,354,,,,,,,,,,
,,315,,,,,,,,,,
,,68,,,,,,,,,,
,,260,,,,,,,,,,
,,260,,,,,,,,,,
,,266,,,,,,,,,,
,,274,,,,,,,,,,
,,271,,,,,,,,,,
,,448,,,,,,,,,,
,,455,,,,,,,,,,
,,448,,,,,,,,,,
,,461,,,,,,,,,,
,,468,,,,,,,,,,
,,268,,,,,,,,,,
,,439,,,,,,,,,,
,,439,,,,,,,,,,
,,437,,,,,,,,,,
,,48,,,,,,,,,,
,,307,,,,,,,,,,
,,332,,,,,,,,,,
,,337,,,,,,,,,,
,,341,,,,,,,,,,
,,326,,,,,,,,,,
,,270,,,,,,,,,,
,,268,,,,,,,,,,
,,269,,,,,,,,,,
,,294,,,,,,,,,,
,,303,,,,,,,,,,
,,304,,,,,,,,,,
,,266,,,,,,,,,,
,,276,,,,,,,,,,
,,276,,,,,,,,,,
,,335,,,,,,,,,,
,,341,,,,,,,,,,
,,341,,,,,,,,,,
,,292,,,,,,,,,,
,,301,,,,,,,,,,
,,302,,,,,,,,,,
,,480,,,,,,,,,,
,,530,,,,,,,,,,
,,525,,,,,,,,,,
,,608,,,,,,,,,,
,,623,,,,,,,,,,
,,270,,,,,,,,,,
,,281,,,,,,,,,,
,,290,,,,,,,,,,
,,263,,,,,,,,,,
,,265,,,,,,,,,,
,,339,,,,,,,,,,
,,297,,,,,,,,,,
,,293,,,,,,,,,,
,,291,,,,,,,,,,
,,387,,,,,,,,,,
,,357,,,,,,,,,,
,,487,,,,,,,,,,
,,339,,,,,,,,,,
,,337,,,,,,,,,,
,,661,,,,,,,,,,
,,335,,,,,,,,,,
,,686,,,,,,,,,,
,,686,,,,,,,,,,
,,427,,,,,,,,,,
,,555,,,,,,,,,,
,,315,,,,,,,,,,
,,320,,,,,,,,,,
,,320,,,,,,,,,,
,,337,,,,,,,,,,
,,346,,,,,,,,,,
,,341,,,,,,,,,,
,,276,,,,,,,,,,
,,281,,,,,,,,,,
,,282,,,,,,,,,,
,,1168,,,,,,,,,,
,,1214,,,,,,,,,,
,,760,,,,,,,,,,
,,745,,,,,,,,,,
,,338,,,,,,,,,,
,,357,,,,,,,,,,
,,374,,,,,,,,,,
,,348,,,,,,,,,,
,,212,,,,,,,,,,
,,221,,,,,,,,,,
,,221,,,,,,,,,,
,,568,,,,,,,,,,
,,326,,,,,,,,,,
,,333,,,,,,,,,,
,,329,,,,,,,,,,
,,407,,,,,,,,,,
,,407,,,,,,,,,,
,,304,,,,,,,,,,
,,281,,,,,,,,,,
,,282,,,,,,,,,,
,,271,,,,,,,,,,
,,301,,,,,,,,,,
,,289,,,,,,,,,,
,,279,,,,,,,,,,
,,292,,,,,,,,,,
,,246,,,,,,,,,,
,,253,,,,,,,,,,
,,253,,,,,,,,,,
,,276,,,,,,,,,,
,,301,,,,,,,,,,
,,356,,,,,,,,,,
,,520,,,,,,,,,,
,,376,,,,,,,,,,
,,280,,,,,,,,,,
,,287,,,,,,,,,,
,,293,,,,,,,,,,
,,440,,,,,,,,,,
,,446,,,,,,,,,,
,,446,,,,,,,,,,
,,449,,,,,,,,,,
,,267,,,,,,,,,,
,,267,,,,,,,,,,
,,271,,,,,,,,,,
,,410,,,,,,,,,,
,,504,,,,,,,,,,
,,442,,,,,,,,,,
,,281,,,,,,,,,,
,,288,,,,,,,,,,
,,299,,,,,,,,,,
,,394,,,,,,,,,,
,,396,,,,,,,,,,
,,396,,,,,,,,,,
,,677,,,,,,,,,,
,,329,,,,,,,,,,
,,331,,,,,,,,,,
,,336,,,,,,,,,,
,,202,,,,,,,,,,
,,389,,,,,,,,,,
,,385,,,,,,,,,,
,,247,,,,,,,,,,
,,482,,,,,,,,,,
,,703,,,,,,,,,,
,,365,,,,,,,,,,
,,379,,,,,,,,,,
,,373,,,,,,,,,,
,,370,,,,,,,,,,
,,767,,,,,,,,,,
,,311,,,,,,,,,,
,,319,,,,,,,,,,
,,332,,,,,,,,,,
,,294,,,,,,,,,,
,,291,,,,,,,,,,
,,288,,,,,,,,,,
,,198,,,,,,,,,,
,,278,,,,,,,,,,
,,1457,,,,,,,,,,
,,181,,,,,,,,,,
,,342,,,,,,,,,,
,,301,,,,,,,,,,
,,321,,,,,,,,,,
,,326,,,,,,,,,,
,,254,,,,,,,,,,
,,341,,,,,,,,,,
,,346,,,,,,,,,,
,,341,,,,,,,,,,
,,381,,,,,,,,,,
,,393,,,,,,,,,,
,,389,,,,,,,,,,
,,699,,,,,,,,,,
,,314,,,,,,,,,,
,,314,,,,,,,,,,
,,316,,,,,,,,,,
,,274,,,,,,,,,,
,,404,,,,,,,,,,
,,422,,,,,,,,,,
,,503,,,,,,,,,,
,,623,,,,,,,,,,
,,414,,,,,,,,,,
,,423,,,,,,,,,,
,,605,,,,,,,,,,
,,626,,,,,,,,,,
,,597,,,,,,,,,,
,,464,,,,,,,,,,
,,471,,,,,,,,,,
,,344,,,,,,,,,,
,,381,,,,,,,,,,
,,249,,,,,,,,,,
,,258,,,,,,,,,,
,,258,,,,,,,,,,
,,417,,,,,,,,,,
,,417,,,,,,,,,,
,,357,,,,,,,,,,
,,377,,,,,,,,,,
,,150,,,,,,,,,,
,,420,,,,,,,,,,
,,472,,,,,,,,,,
,,484,,,,,,,,,,
,,486,,,,,,,,,,
,,296,,,,,,,,,,
,,308,,,,,,,,,,
,,309,,,,,,,,,,
,,401,,,,,,,,,,
,,354,,,,,,,,,,
,,359,,,,,,,,,,
,,357,,,,,,,,,,
,,351,,,,,,,,,,
,,320,,,,,,,,,,
,,348,,,,,,,,,,
,,354,,,,,,,,,,
,,354,,,,,,,,,,
,,416,,,,,,,,,,
,,424,,,,,,,,,,
,,426,,,,,,,,,,
,,287,,,,,,,,,,
,,287,,,,,,,,,,
,,288,,,,,,,,,,
,,519,,,,,,,,,,
,,321,,,,,,,,,,
,,338,,,,,,,,,,
,,353,,,,,,,,,,
,,341,,,,,,,,,,
,,366,,,,,,,,,,
,,383,,,,,,,,,,
,,341,,,,,,,,,,
,,373,,,,,,,,,,
,,241,,,,,,,,,,
,,367,,,,,,,,,,
,,239,,,,,,,,,,
,,376,,,,,,,,,,
,,883,,,,,,,,,,
,,330,,,,,,,,,,
,,338,,,,,,,,,,
,,334,,,,,,,,,,
,,265,,,,,,,,,,
,,285,,,,,,,,,,
,,310,,,,,,,,,,
,,286,,,,,,,,,,
,,504,,,,,,,,,,
,,517,,,,,,,,,,
,,563,,,,,,,,,,
,,680,,,,,,,,,,
,,408,,,,,,,,,,
,,399,,,,,,,,,,
,,274,,,,,,,,,,
,,267,,,,,,,,,,
,,267,,,,,,,,,,
,,391,,,,,,,,,,
,,379,,,,,,,,,,
,,508,,,,,,,,,,
,,525,,,,,,,,,,
,,528,,,,,,,,,,
,,323,,,,,,,,,,
,,319,,,,,,,,,,
,,455,,,,,,,,,,
,,455,,,,,,,,,,
,,455,,,,,,,,,,
,,510,,,,,,,,,,
,,334,,,,,,,,,,
,,406,,,,,,,,,,
,,249,,,,,,,,,,
,,44,,,,,,,,,,
,,349,,,,,,,,,,
,,307,,,,,,,,,,
,,315,,,,,,,,,,
,,426,,,,,,,,,,
,,378,,,,,,,,,,
,,382,,,,,,,,,,
,,378,,,,,,,,,,
,,335,,,,,,,,,,
,,335,,,,,,,,,,
,,232,,,,,,,,,,
,,418,,,,,,,,,,
,,262,,,,,,,,,,
,,262,,,,,,,,,,
,,281,,,,,,,,,,
,,281,,,,,,,,,,
,,294,,,,,,,,,,
,,745,,,,,,,,,,
,,745,,,,,,,,,,
,,730,,,,,,,,,,
,,304,,,,,,,,,,
,,495,,,,,,,,,,
,,288,,,,,,,,,,
,,560,,,,,,,,,,
,,315,,,,,,,,,,
,,256,,,,,,,,,,
,,265,,,,,,,,,,
,,271,,,,,,,,,,
,,275,,,,,,,,,,
,,481,,,,,,,,,,
,,342,,,,,,,,,,
,,354,,,,,,,,,,
,,356,,,,,,,,,,
,,530,,,,,,,,,,
,,291,,,,,,,,,,
,,304,,,,,,,,,,
,,384,,,,,,,,,,
,,353,,,,,,,,,,
,,353,,,,,,,,,,
,,243,,,,,,,,,,
,,302,,,,,,,,,,
,,311,,,,,,,,,,
,,311,,,,,,,,,,
,,193,,,,,,,,,,
,,306,,,,,,,,,,
,,306,,,,,,,,,,
,,260,,,,,,,,,,
,,269,,,,,,,,,,
,,336,,,,,,,,,,
,,599,,,,,,,,,,
,,402,,,,,,,,,,
,,238,,,,,,,,,,
,,245,,,,,,,,,,
,,245,,,,,,,,,,
,,314,,,,,,,,,,
,,339,,,,,,,,,,
,,340,,,,,,,,,,
,,340,,,,,,,,,,
,,300,,,,,,,,,,
,,306,,,,,,,,,,
,,682,,,,,,,,,,
,,685,,,,,,,,,,
,,672,,,,,,,,,,
,,844,,,,,,,,,,
,,350,,,,,,,,,,
,,350,,,,,,,,,,
,,355,,,,,,,,,,
,,362,,,,,,,,,,
,,359,,,,,,,,,,
,,290,,,,,,,,,,
,,318,,,,,,,,,,
,,336,,,,,,,,,,
,,361,,,,,,,,,,
,,268,,,,,,,,,,
,,243,,,,,,,,,,
,,250,,,,,,,,,,
,,259,,,,,,,,,,
,,654,,,,,,,,,,
,,658,,,,,,,,,,
,,269,,,,,,,,,,
,,275,,,,,,,,,,
,,365,,,,,,,,,,
,,390,,,,,,,,,,
,,384,,,,,,,,,,
,,211,,,,,,,,,,
,,211,,,,,,,,,,
,,212,,,,,,,,,,
,,265,,,,,,,,,,
,,269,,,,,,,,,,
,,993,,,,,,,,,,
,,335,,,,,,,,,,
,,318,,,,,,,,,,
,,320,,,,,,,,,,
,,294,,,,,,,,,,
,,294,,,,,,,,,,
,,295,,,,,,,,,,
,,393,,,,,,,,,,
,,504,,,,,,,,,,
,,230,,,,,,,,,,
,,236,,,,,,,,,,
,,229,,,,,,,,,,
,,441,,,,,,,,,,
,,441,,,,,,,,,,
,,294,,,,,,,,,,
,,296,,,,,,,,,,
,,287,,,,,,,,,,
,,351,,,,,,,,,,
,,360,,,,,,,,,,
,,356,,,,,,,,,,
,,396,,,,,,,,,,
,,340,,,,,,,,,,
,,377,,,,,,,,,,
,,379,,,,,,,,,,
,,312,,,,,,,,,,
,,315,,,,,,,,,,
,,311,,,,,,,,,,
,,249,,,,,,,,,,
,,291,,,,,,,,,,
,,290,,,,,,,,,,
,,240,,,,,,,,,,
,,241,,,,,,,,,,
,,357,,,,,,,,,,
,,349,,,,,,,,,,
,,358,,,,,,,,,,
,,354,,,,,,,,,,
,,299,,,,,,,,,,
,,301,,,,,,,,,,
,,311,,,,,,,,,,
,,336,,,,,,,,,,
,,247,,,,,,,,,,
,,345,,,,,,,,,,
,,345,,,,,,,,,,
,,487,,,,,,,,,,
,,313,,,,,,,,,,
,,308,,,,,,,,,,
,,299,,,,,,,,,,
,,314,,,,,,,,,,
,,299,,,,,,,,,,
,,264,,,,,,,,,,
,,269,,,,,,,,,,
,,300,,,,,,,,,,
,,304,,,,,,,,,,
,,300,,,,,,,,,,
,,383,,,,,,,,,,
,,390,,,,,,,,,,
,,556,,,,,,,,,,
,,257,,,,,,,,,,
,,456,,,,,,,,,,
,,456,,,,,,,,,,
,,460,,,,,,,,,,
,,308,,,,,,,,,,
,,285,,,,,,,,,,
,,282,,,,,,,,,,
,,159,,,,,,,,,,
,,403,,,,,,,,,,
,,291,,,,,,,,,,
,,284,,,,,,,,,,
,,172,,,,,,,,,,
,,501,,,,,,,,,,
,,519,,,,,,,,,,
,,521,,,,,,,,,,
,,354,,,,,,,,,,
,,340,,,,,,,,,,
,,668,,,,,,,,,,
,,367,,,,,,,,,,
,,374,,,,,,,,,,
,,368,,,,,,,,,,
,,276,,,,,,,,,,
,,258,,,,,,,,,,
,,259,,,,,,,,,,
,,298,,,,,,,,,,
,,306,,,,,,,,,,
,,312,,,,,,,,,,
,,316,,,,,,,,,,
,,323,,,,,,,,,,
,,655,,,,,,,,,,
,,655,,,,,,,,,,
,,560,,,,,,,,,,
,,79,,,,,,,,,,
,,291,,,,,,,,,,
,,596,,,,,,,,,,
,,293,,,,,,,,,,
,,291,,,,,,,,,,
,,74,,,,,,,,,,
,,398,,,,,,,,,,
,,642,,,,,,,,,,
,,597,,,,,,,,,,
,,563,,,,,,,,,,
,,249,,,,,,,,,,
,,401,,,,,,,,,,
,,407,,,,,,,,,,
,,401,,,,,,,,,,
,,153,,,,,,,,,,
,,319,,,,,,,,,,
,,319,,,,,,,,,,
,,267,,,,,,,,,,
,,275,,,,,,,,,,
,,277,,,,,,,,,,
,,384,,,,,,,,,,
,,393,,,,,,,,,,
,,362,,,,,,,,,,
,,335,,,,,,,,,,
,,335,,,,,,,,,,
,,501,,,,,,,,,,
,,270,,,,,,,,,,
,,279,,,,,,,,,,
,,279,,,,,,,,,,
,,369,,,,,,,,,,
,,378,,,,,,,,,,
,,522,,,,,,,,,,
,,540,,,,,,,,,,
,,543,,,,,,,,,,
,,264,,,,,,,,,,
,,271,,,,,,,,,,
,,349,,,,,,,,,,
,,266,,,,,,,,,,
,,323,,,,,,,,,,
,,325,,,,,,,,,,
,,322,,,,,,,,,,
,,155,,,,,,,,,,
,,332,,,,,,,,,,
,,335,,,,,,,,,,
,,260,,,,,,,,,,
,,265,,,,,,,,,,
,,352,,,,,,,,,,
,,412,,,,,,,,,,
,,445,,,,,,,,,,
,,373,,,,,,,,,,
,,237,,,,,,,,,,
,,240,,,,,,,,,,
,,237,,,,,,,,,,
,,301,,,,,,,,,,
,,277,,,,,,,,,,
,,421,,,,,,,,,,
,,248,,,,,,,,,,
,,258,,,,,,,,,,
,,259,,,,,,,,,,
,,265,,,,,,,,,,
,,524,,,,,,,,,,
,,259,,,,,,,,,,
,,267,,,,,,,,,,
,,218,,,,,,,,,,
,,237,,,,,,,,,,
,,238,,,,,,,,,,
,,582,,,,,,,,,,
,,588,,,,,,,,,,
,,258,,,,,,,,,,
,,265,,,,,,,,,,
,,266,,,,,,,,,,
,,246,,,,,,,,,,
,,249,,,,,,,,,,
,,249,,,,,,,,,,
,,614,,,,,,,,,,
,,602,,,,,,,,,,
,,334,,,,,,,,,,
,,349,,,,,,,,,,
,,632,,,,,,,,,,
,,647,,,,,,,,,,
,,647,,,,,,,,,,
,,651,,,,,,,,,,
,,261,,,,,,,,,,
,,269,,,,,,,,,,
,,270,,,,,,,,,,
,,267,,,,,,,,,,
,,275,,,,,,,,,,
,,275,,,,,,,,,,
,,330,,,,,,,,,,
,,340,,,,,,,,,,
,,370,,,,,,,,,,
,,323,,,,,,,,,,
,,307,,,,,,,,,,
,,302,,,,,,,,,,
,,305,,,,,,,,,,
,,305,,,,,,,,,,
,,313,,,,,,,,,,
,,279,,,,,,,,,,
,,280,,,,,,,,,,
,,258,,,,,,,,,,
,,263,,,,,,,,,,
,,264,,,,,,,,,,
,,702,,,,,,,,,,
,,702,,,,,,,,,,
,,706,,,,,,,,,,
,,336,,,,,,,,,,
,,292,,,,,,,,,,
,,301,,,,,,,,,,
,,302,,,,,,,,,,
,,109,,,,,,,,,,
,,283,,,,,,,,,,
,,284,,,,,,,,,,
,,290,,,,,,,,,,
,,286,,,,,,,,,,
,,431,,,,,,,,,,
,,293,,,,,,,,,,
,,302,,,,,,,,,,
,,470,,,,,,,,,,
,,373,,,,,,,,,,
,,286,,,,,,,,,,
,,390,,,,,,,,,,
,,534,,,,,,,,,,
,,662,,,,,,,,,,
,,301,,,,,,,,,,
,,195,,,,,,,,,,
,,469,,,,,,,,,,
,,473,,,,,,,,,,
,,259,,,,,,,,,,
,,269,,,,,,,,,,
,,441,,,,,,,,,,
,,261,,,,,,,,,,
,,448,,,,,,,,,,
,,457,,,,,,,,,,
,,464,,,,,,,,,,
,,425,,,,,,,,,,
,,548,,,,,,,,,,
,,343,,,,,,,,,,
,,353,,,,,,,,,,
,,355,,,,,,,,,,
,,580,,,,,,,,,,
,,341,,,,,,,,,,
,,351,,,,,,,,,,
,,348,,,,,,,,,,
,,386,,,,,,,,,,
,,424,,,,,,,,,,
,,323,,,,,,,,,,
,,323,,,,,,,,,,
,,298,,,,,,,,,,
,,578,,,,,,,,,,
,,578,,,,,,,,,,
,,368,,,,,,,,,,
,,368,,,,,,,,,,
,,619,,,,,,,,,,
,,640,,,,,,,,,,
,,284,,,,,,,,,,
,,281,,,,,,,,,,
,,528,,,,,,,,,,
,,264,,,,,,,,,,
,,652,,,,,,,,,,
,,665,,,,,,,,,,
,,352,,,,,,,,,,
,,387,,,,,,,,,,
,,303,,,,,,,,,,
,,279,,,,,,,,,,
,,280,,,,,,,,,,
,,322,,,,,,,,,,
,,329,,,,,,,,,,
,,330,,,,,,,,,,
,,269,,,,,,,,,,
,,421,,,,,,,,,,
,,319,,,,,,,,,,
,,331,,,,,,,,,,
,,298,,,,,,,,,,
,,302,,,,,,,,,,
,,327,,,,,,,,,,
,,527,,,,,,,,,,
,,360,,,,,,,,,,
,,354,,,,,,,,,,
,,448,,,,,,,,,,
,,500,,,,,,,,,,
,,311,,,,,,,,,,
,,313,,,,,,,,,,
,,230,,,,,,,,,,
,,336,,,,,,,,,,
,,412,,,,,,,,,,
,,412,,,,,,,,,,
,,272,,,,,,,,,,
,,271,,,,,,,,,,
,,292,,,,,,,,,,
,,329,,,,,,,,,,
,,360,,,,,,,,,,
,,370,,,,,,,,,,
,,302,,,,,,,,,,
,,334,,,,,,,,,,
,,364,,,,,,,,,,
,,306,,,,,,,,,,
,,316,,,,,,,,,,
,,312,,,,,,,,,,
,,276,,,,,,,,,,
,,207,,,,,,,,,,
,,207,,,,,,,,,,
,,238,,,,,,,,,,
,,243,,,,,,,,,,
,,236,,,,,,,,,,
,,533,,,,,,,,,,
,,536,,,,,,,,,,
,,316,,,,,,,,,,
,,303,,,,,,,,,,
,,304,,,,,,,,,,
,,332,,,,,,,,,,
,,342,,,,,,,,,,
,,376,,,,,,,,,,
,,500,,,,,,,,,,
,,518,,,,,,,,,,
,,250,,,,,,,,,,
,,257,,,,,,,,,,
,,270,,,,,,,,,,
,,290,,,,,,,,,,
,,298,,,,,,,,,,
,,274,,,,,,,,,,
,,294,,,,,,,,,,
,,185,,,,,,,,,,
,,282,,,,,,,,,,
,,294,,,,,,,,,,
,,317,,,,,,,,,,
,,318,,,,,,,,,,
,,486,,,,,,,,,,
,,318,,,,,,,,,,
,,340,,,,,,,,,,
,,327,,,,,,,,,,
,,329,,,,,,,,,,
,,252,,,,,,,,,,
,,320,,,,,,,,,,
,,170,,,,,,,,,,
,,302,,,,,,,,,,
,,289,,,,,,,,,,
,,459,,,,,,,,,,
,,494,,,,,,,,,,
,,308,,,,,,,,,,
,,285,,,,,,,,,,
,,294,,,,,,,,,,
,,295,,,,,,,,,,
,,358,,,,,,,,,,
,,367,,,,,,,,,,
,,369,,,,,,,,,,
,,334,,,,,,,,,,
,,328,,,,,,,,,,
,,338,,,,,,,,,,
,,556,,,,,,,,,,
,,226,,,,,,,,,,
,,216,,,,,,,,,,
,,215,,,,,,,,,,
,,256,,,,,,,,,,
,,265,,,,,,,,,,
,,265,,,,,,,,,,
,,267,,,,,,,,,,
,,253,,,,,,,,,,
,,252,,,,,,,,,,
,,253,,,,,,,,,,
,,445,,,,,,,,,,
,,716,,,,,,,,,,
,,373,,,,,,,,,,
,,384,,,,,,,,,,
,,266,,,,,,,,,,
,,579,,,,,,,,,,
,,197,,,,,,,,,,
,,204,,,,,,,,,,
,,210,,,,,,,,,,
,,239,,,,,,,,,,
,,222,,,,,,,,,,
,,214,,,,,,,,,,
,,519,,,,,,,,,,
,,266,,,,,,,,,,
,,277,,,,,,,,,,
,,278,,,,,,,,,,
,,52,,,,,,,,,,
,,226,,,,,,,,,,
,,342,,,,,,,,,,
,,271,,,,,,,,,,
,,327,,,,,,,,,,
,,327,,,,,,,,,,
,,327,,,,,,,,,,
,,343,,,,,,,,,,
,,343,,,,,,,,,,
,,488,,,,,,,,,,
,,501,,,,,,,,,,
,,541,,,,,,,,,,
,,611,,,,,,,,,,
,,599,,,,,,,,,,
,,275,,,,,,,,,,
,,275,,,,,,,,,,
,,244,,,,,,,,,,
,,247,,,,,,,,,,
,,248,,,,,,,,,,
,,336,,,,,,,,,,
,,420,,,,,,,,,,
,,276,,,,,,,,,,
,,283,,,,,,,,,,
,,296,,,,,,,,,,
,,910,,,,,,,,,,
,,263,,,,,,,,,,
,,270,,,,,,,,,,
,,450,,,,,,,,,,
,,462,,,,,,,,,,
,,237,,,,,,,,,,
,,244,,,,,,,,,,
,,243,,,,,,,,,,
,,357,,,,,,,,,,
,,332,,,,,,,,,,
,,310,,,,,,,,,,
,,272,,,,,,,,,,
,,381,,,,,,,,,,
,,393,,,,,,,,,,
,,389,,,,,,,,,,
,,269,,,,,,,,,,
,,277,,,,,,,,,,
,,278,,,,,,,,,,
,,310,,,,,,,,,,
,,320,,,,,,,,,,
,,310,,,,,,,,,,
,,276,,,,,,,,,,
,,310,,,,,,,,,,
,,308,,,,,,,,,,
,,566,,,,,,,,,,
,,631,,,,,,,,,,
,,322,,,,,,,,,,
,,401,,,,,,,,,,
,,304,,,,,,,,,,
,,313,,,,,,,,,,
,,315,,,,,,,,,,
,,378,,,,,,,,,,
,,412,,,,,,,,,,
,,464,,,,,,,,,,
,,469,,,,,,,,,,
,,309,,,,,,,,,,
,,396,,,,,,,,,,
,,496,,,,,,,,,,
,,501,,,,,,,,,,
,,272,,,,,,,,,,
,,382,,,,,,,,,,
,,249,,,,,,,,,,
,,251,,,,,,,,,,
,,494,,,,,,,,,,
,,469,,,,,,,,,,
,,464,,,,,,,,,,
,,221,,,,,,,,,,
,,229,,,,,,,,,,
,,230,,,,,,,,,,
,,565,,,,,,,,,,
,,544,,,,,,,,,,
,,334,,,,,,,,,,
,,334,,,,,,,,,,
,,334,,,,,,,,,,
,,381,,,,,,,,,,
,,800,,,,,,,,,,
,,804,,,,,,,,,,
,,788,,,,,,,,,,
,,288,,,,,,,,,,
,,245,,,,,,,,,,
,,251,,,,,,,,,,
,,239,,,,,,,,,,
,,721,,,,,,,,,,
,,761,,,,,,,,,,
,,753,,,,,,,,,,
,,430,,,,,,,,,,
,,285,,,,,,,,,,
,,293,,,,,,,,,,
,,295,,,,,,,,,,
,,266,,,,,,,,,,
,,266,,,,,,,,,,
,,271,,,,,,,,,,
,,111,,,,,,,,,,
,,331,,,,,,,,,,
,,327,,,,,,,,,,
,,273,,,,,,,,,,
,,273,,,,,,,,,,
,,274,,,,,,,,,,
,,349,,,,,,,,,,
,,375,,,,,,,,,,
,,375,,,,,,,,,,
,,317,,,,,,,,,,
,,326,,,,,,,,,,
,,326,,,,,,,,,,
,,442,,,,,,,,,,
,,414,,,,,,,,,,
,,416,,,,,,,,,,
,,343,,,,,,,,,,
,,288,,,,,,,,,,
,,294,,,,,,,,,,
,,291,,,,,,,,,,
,,311,,,,,,,,,,
,,311,,,,,,,,,,
,,327,,,,,,,,,,
,,272,,,,,,,,,,
,,573,,,,,,,,,,
,,344,,,,,,,,,,
,,350,,,,,,,,,,
,,350,,,,,,,,,,
,,346,,,,,,,,,,
,,358,,,,,,,,,,
,,358,,,,,,,,,,
,,372,,,,,,,,,,
,,370,,,,,,,,,,
,,372,,,,,,,,,,
,,319,,,,,,,,,,
,,234,,,,,,,,,,
,,241,,,,,,,,,,
,,241,,,,,,,,,,
,,243,,,,,,,,,,
,,232,,,,,,,,,,
,,232,,,,,,,,,,
,,257,,,,,,,,,,
,,268,,,,,,,,,,
,,269,,,,,,,,,,
,,248,,,,,,,,,,
,,312,,,,,,,,,,
,,312,,,,,,,,,,
,,309,,,,,,,,,,
,,275,,,,,,,,,,
,,285,,,,,,,,,,
,,285,,,,,,,,,,
,,289,,,,,,,,,,
,,295,,,,,,,,,,
,,510,,,,,,,,,,
,,246,,,,,,,,,,
,,254,,,,,,,,,,
,,255,,,,,,,,,,
,,305,,,,,,,,,,
,,260,,,,,,,,,,
,,267,,,,,,,,,,
,,268,,,,,,,,,,
,,331,,,,,,,,,,
,,353,,,,,,,,,,
,,319,,,,,,,,,,
,,329,,,,,,,,,,
,,330,,,,,,,,,,
,,279,,,,,,,,,,
,,260,,,,,,,,,,
,,296,,,,,,,,,,
,,292,,,,,,,,,,
,,569,,,,,,,,,,
,,569,,,,,,,,,,
,,327,,,,,,,,,,
,,377,,,,,,,,,,
,,370,,,,,,,,,,
,,371,,,,,,,,,,
,,252,,,,,,,,,,
,,260,,,,,,,,,,
,,269,,,,,,,,,,
,,273,,,,,,,,,,
,,305,,,,,,,,,,
,,329,,,,,,,,,,
,,243,,,,,,,,,,
,,287,,,,,,,,,,
,,313,,,,,,,,,,
,,263,,,,,,,,,,
,,271,,,,,,,,,,
,,271,,,,,,,,,,
,,233,,,,,,,,,,
,,461,,,,,,,,,,
,,314,,,,,,,,,,
,,296,,,,,,,,,,
,,296,,,,,,,,,,
,,325,,,,,,,,,,
,,289,,,,,,,,,,
,,292,,,,,,,,,,
,,290,,,,,,,,,,
,,348,,,,,,,,,,
,,359,,,,,,,,,,
,,339,,,,,,,,,,
,,266,,,,,,,,,,
,,290,,,,,,,,,,
,,265,,,,,,,,,,
,,390,,,,,,,,,,
,,396,,,,,,,,,,
,,488,,,,,,,,,,
,,503,,,,,,,,,,
,,503,,,,,,,,,,
,,284,,,,,,,,,,
,,264,,,,,,,,,,
,,265,,,,,,,,,,
,,200,,,,,,,,,,
,,200,,,,,,,,,,
,,402,,,,,,,,,,
,,490,,,,,,,,,,
,,295,,,,,,,,,,
,,497,,,,,,,,,,
,,527,,,,,,,,,,
,,571,,,,,,,,,,
,,600,,,,,,,,,,
,,569,,,,,,,,,,
,,165,,,,,,,,,,
,,433,,,,,,,,,,
,,345,,,,,,,,,,
,,350,,,,,,,,,,
,,383,,,,,,,,,,
,,289,,,,,,,,,,
,,330,,,,,,,,,,
,,330,,,,,,,,,,
,,327,,,,,,,,,,
,,330,,,,,,,,,,
,,334,,,,,,,,,,
,,335,,,,,,,,,,
,,251,,,,,,,,,,
,,252,,,,,,,,,,
,,353,,,,,,,,,,
,,598,,,,,,,,,,
,,291,,,,,,,,,,
,,286,,,,,,,,,,
,,295,,,,,,,,,,
,,289,,,,,,,,,,
,,287,,,,,,,,,,
,,221,,,,,,,,,,
,,277,,,,,,,,,,
,,474,,,,,,,,,,
,,293,,,,,,,,,,
,,303,,,,,,,,,,
,,305,,,,,,,,,,
,,574,,,,,,,,,,
,,574,,,,,,,,,,
,,577,,,,,,,,,,
,,300,,,,,,,,,,
,,324,,,,,,,,,,
,,320,,,,,,,,,,
,,290,,,,,,,,,,
,,303,,,,,,,,,,
,,461,,,,,,,,,,
,,477,,,,,,,,,,
,,373,,,,,,,,,,
,,324,,,,,,,,,,
,,269,,,,,,,,,,
,,254,,,,,,,,,,
,,338,,,,,,,,,,
,,204,,,,,,,,,,
,,296,,,,,,,,,,
,,305,,,,,,,,,,
,,302,,,,,,,,,,
,,366,,,,,,,,,,
,,346,,,,,,,,,,
,,342,,,,,,,,,,
,,312,,,,,,,,,,
,,278,,,,,,,,,,
,,280,,,,,,,,,,
,,265,,,,,,,,,,
,,256,,,,,,,,,,
,,263,,,,,,,,,,
,,278,,,,,,,,,,
,,278,,,,,,,,,,
,,381,,,,,,,,,,
,,433,,,,,,,,,,
,,237,,,,,,,,,,
,,236,,,,,,,,,,
,,236,,,,,,,,,,
,,354,,,,,,,,,,
,,132,,,,,,,,,,
,,197,,,,,,,,,,
,,321,,,,,,,,,,
,,324,,,,,,,,,,
,,414,,,,,,,,,,
,,414,,,,,,,,,,
,,438,,,,,,,,,,
,,443,,,,,,,,,,
,,393,,,,,,,,,,
,,225,,,,,,,,,,
,,231,,,,,,,,,,
,,354,,,,,,,,,,
,,367,,,,,,,,,,
,,368,,,,,,,,,,
,,282,,,,,,,,,,
,,291,,,,,,,,,,
,,292,,,,,,,,,,
,,303,,,,,,,,,,
,,368,,,,,,,,,,
,,301,,,,,,,,,,
,,648,,,,,,,,,,
,,428,,,,,,,,,,
,,411,,,,,,,,,,
,,399,,,,,,,,,,
,,266,,,,,,,,,,
,,303,,,,,,,,,,
,,550,,,,,,,,,,
,,533,,,,,,,,,,
,,549,,,,,,,,,,
,,329,,,,,,,,,,
,,341,,,,,,,,,,
,,356,,,,,,,,,,
,,282,,,,,,,,,,
,,236,,,,,,,,,,
,,256,,,,,,,,,,
,,349,,,,,,,,,,
,,366,,,,,,,,,,
,,368,,,,,,,,,,
,,302,,,,,,,,,,
,,317,,,,,,,,,,
,,317,,,,,,,,,,
,,317,,,,,,,,,,
,,365,,,,,,,,,,
,,387,,,,,,,,,,
,,346,,,,,,,,,,
,,355,,,,,,,,,,
,,355,,,,,,,,,,
,,259,,,,,,,,,,
,,261,,,,,,,,,,
,,259,,,,,,,,,,
,,377,,,,,,,,,,
,,120,,,,,,,,,,
,,387,,,,,,,,,,
,,205,,,,,,,,,,
,,437,,,,,,,,,,
,,435,,,,,,,,,,
,,437,,,,,,,,,,
,,159,,,,,,,,,,
,,342,,,,,,,,,,
,,278,,,,,,,,,,
,,250,,,,,,,,,,
,,250,,,,,,,,,,
,,251,,,,,,,,,,
,,337,,,,,,,,,,
,,272,,,,,,,,,,
,,276,,,,,,,,,,
,,277,,,,,,,,,,
,,303,,,,,,,,,,
,,430,,,,,,,,,,
,,278,,,,,,,,,,
,,288,,,,,,,,,,
,,227,,,,,,,,,,
,,234,,,,,,,,,,
,,224,,,,,,,,,,
,,301,,,,,,,,,,
,,292,,,,,,,,,,
,,186,,,,,,,,,,
,,361,,,,,,,,,,
,,334,,,,,,,,,,
,,331,,,,,,,,,,
,,554,,,,,,,,,,
,,601,,,,,,,,,,
,,610,,,,,,,,,,
,,376,,,,,,,,,,
,,407,,,,,,,,,,
,,450,,,,,,,,,,
,,290,,,,,,,,,,
,,199,,,,,,,,,,
,,304,,,,,,,,,,
,,311,,,,,,,,,,
,,288,,,,,,,,,,
,,293,,,,,,,,,,
,,292,,,,,,,,,,
,,441,,,,,,,,,,
,,446,,,,,,,,,,
,,420,,,,,,,,,,
,,316,,,,,,,,,,
,,348,,,,,,,,,,
,,285,,,,,,,,,,
,,653,,,,,,,,,,
,,436,,,,,,,,,,
,,433,,,,,,,,,,
,,392,,,,,,,,,,
,,384,,,,,,,,,,
,,658,,,,,,,,,,
,,449,,,,,,,,,,
,,449,,,,,,,,,,
,,447,,,,,,,,,,
,,351,,,,,,,,,,
,,295,,,,,,,,,,
,,295,,,,,,,,,,
,,208,,,,,,,,,,
,,275,,,,,,,,,,
,,285,,,,,,,,,,
,,285,,,,,,,,,,
,,304,,,,,,,,,,
,,304,,,,,,,,,,
,,284,,,,,,,,,,
,,444,,,,,,,,,,
,,448,,,,,,,,,,
,,277,,,,,,,,,,
,,277,,,,,,,,,,
,,260,,,,,,,,,,
,,255,,,,,,,,,,
,,260,,,,,,,,,,
,,331,,,,,,,,,,
,,275,,,,,,,,,,
,,270,,,,,,,,,,
,,279,,,,,,,,,,
,,268,,,,,,,,,,
,,286,,,,,,,,,,
,,336,,,,,,,,,,
,,343,,,,,,,,,,
,,338,,,,,,,,,,
,,373,,,,,,,,,,
,,375,,,,,,,,,,
,,292,,,,,,,,,,
,,290,,,,,,,,,,
,,292,,,,,,,,,,
,,144,,,,,,,,,,
,,434,,,,,,,,,,
,,445,,,,,,,,,,
,,402,,,,,,,,,,
,,389,,,,,,,,,,
,,361,,,,,,,,,,
,,314,,,,,,,,,,
,,253,,,,,,,,,,
,,249,,,,,,,,,,
,,249,,,,,,,,,,
,,251,,,,,,,,,,
,,259,,,,,,,,,,
,,218,,,,,,,,,,
,,308,,,,,,,,,,
,,76,,,,,,,,,,
,,289,,,,,,,,,,
,,289,,,,,,,,,,
,,290,,,,,,,,,,
,,335,,,,,,,,,,
,,378,,,,,,,,,,
,,379,,,,,,,,,,
,,379,,,,,,,,,,
,,368,,,,,,,,,,
,,331,,,,,,,,,,
,,338,,,,,,,,,,
,,335,,,,,,,,,,
,,132,,,,,,,,,,
,,327,,,,,,,,,,
,,344,,,,,,,,,,
,,347,,,,,,,,,,
,,347,,,,,,,,,,
,,409,,,,,,,,,,
,,152,,,,,,,,,,
,,286,,,,,,,,,,
,,294,,,,,,,,,,
,,290,,,,,,,,,,
,,287,,,,,,,,,,
,,341,,,,,,,,,,
,,348,,,,,,,,,,
,,343,,,,,,,,,,
,,308,,,,,,,,,,
,,317,,,,,,,,,,
,,328,,,,,,,,,,
,,405,,,,,,,,,,
,,417,,,,,,,,,,
,,227,,,,,,,,,,
,,499,,,,,,,,,,
,,466,,,,,,,,,,
,,326,,,,,,,,,,
,,326,,,,,,,,,,
,,326,,,,,,,,,,
,,272,,,,,,,,,,
,,278,,,,,,,,,,
,,280,,,,,,,,,,
,,402,,,,,,,,,,
,,386,,,,,,,,,,
,,289,,,,,,,,,,
,,309,,,,,,,,,,
,,394,,,,,,,,,,
,,529,,,,,,,,,,
,,540,,,,,,,,,,
,,356,,,,,,,,,,
,,309,,,,,,,,,,
,,431,,,,,,,,,,
,,433,,,,,,,,,,
,,405,,,,,,,,,,
,,352,,,,,,,,,,
,,359,,,,,,,,,,
,,319,,,,,,,,,,
,,322,,,,,,,,,,
,,325,,,,,,,,,,
,,333,,,,,,,,,,
,,329,,,,,,,,,,
,,471,,,,,,,,,,
,,552,,,,,,,,,,
,,707,,,,,,,,,,
,,700,,,,,,,,,,
,,300,,,,,,,,,,
,,311,,,,,,,,,,
,,328,,,,,,,,,,
,,364,,,,,,,,,,
,,353,,,,,,,,,,
,,356,,,,,,,,,,
,,358,,,,,,,,,,
,,299,,,,,,,,,,
,,306,,,,,,,,,,
,,308,,,,,,,,,,
,,561,,,,,,,,,,
,,569,,,,,,,,,,
,,324,,,,,,,,,,
,,333,,,,,,,,,,
,,333,,,,,,,,,,
,,369,,,,,,,,,,
,,369,,,,,,,,,,
,,366,,,,,,,,,,
,,172,,,,,,,,,,
,,438,,,,,,,,,,
,,345,,,,,,,,,,
,,350,,,,,,,,,,
,,343,,,,,,,,,,
,,242,,,,,,,,,,
,,250,,,,,,,,,,
,,361,,,,,,,,,,
,,369,,,,,,,,,,
,,271,,,,,,,,,,
,,276,,,,,,,,,,
,,322,,,,,,,,,,
,,441,,,,,,,,,,
,,443,,,,,,,,,,
,,414,,,,,,,,,,
,,546,,,,,,,,,,
,,375,,,,,,,,,,
,,381,,,,,,,,,,
,,377,,,,,,,,,,
,,574,,,,,,,,,,
,,577,,,,,,,,,,
,,283,,,,,,,,,,
,,589,,,,,,,,,,
,,607,,,,,,,,,,
,,555,,,,,,,,,,
,,336,,,,,,,,,,
,,344,,,,,,,,,,
,,288,,,,,,,,,,
,,299,,,,,,,,,,
,,315,,,,,,,,,,
,,284,,,,,,,,,,
,,284,,,,,,,,,,
,,289,,,,,,,,,,
,,471,,,,,,,,,,
,,476,,,,,,,,,,
,,478,,,,,,,,,,
,,347,,,,,,,,,,
,,355,,,,,,,,,,
,,395,,,,,,,,,,
,,257,,,,,,,,,,
,,263,,,,,,,,,,
,,264,,,,,,,,,,
,,320,,,,,,,,,,
,,317,,,,,,,,,,
,,314,,,,,,,,,,
,,459,,,,,,,,,,
,,263,,,,,,,,,,
,,317,,,,,,,,,,
,,292,,,,,,,,,,
,,285,,,,,,,,,,
,,366,,,,,,,,,,
,,208,,,,,,,,,,
,,209,,,,,,,,,,
,,345,,,,,,,,,,
,,356,,,,,,,,,,
,,352,,,,,,,,,,
,,249,,,,,,,,,,
,,257,,,,,,,,,,
,,253,,,,,,,,,,
,,280,,,,,,,,,,
,,290,,,,,,,,,,
,,279,,,,,,,,,,
,,279,,,,,,,,,,
,,274,,,,,,,,,,
,,294,,,,,,,,,,
,,284,,,,,,,,,,
,,252,,,,,,,,,,
,,462,,,,,,,,,,
,,268,,,,,,,,,,
,,269,,,,,,,,,,
,,243,,,,,,,,,,
,,313,,,,,,,,,,
,,259,,,,,,,,,,
,,407,,,,,,,,,,
,,332,,,,,,,,,,
,,327,,,,,,,,,,
,,357,,,,,,,,,,
,,708,,,,,,,,,,
,,509,,,,,,,,,,
,,301,,,,,,,,,,
,,307,,,,,,,,,,
,,253,,,,,,,,,,
,,257,,,,,,,,,,
,,285,,,,,,,,,,
,,429,,,,,,,,,,
,,461,,,,,,,,,,
,,519,,,,,,,,,,
,,444,,,,,,,,,,
,,435,,,,,,,,,,
,,433,,,,,,,,,,
,,584,,,,,,,,,,
,,579,,,,,,,,,,
,,587,,,,,,,,,,
,,584,,,,,,,,,,
,,385,,,,,,,,,,
,,385,,,,,,,,,,
,,279,,,,,,,,,,
,,477,,,,,,,,,,
,,682,,,,,,,,,,
,,685,,,,,,,,,,
,,364,,,,,,,,,,
,,394,,,,,,,,,,
,,362,,,,,,,,,,
,,366,,,,,,,,,,
,,262,,,,,,,,,,
,,271,,,,,,,,,,
,,271,,,,,,,,,,
,,336,,,,,,,,,,
,,346,,,,,,,,,,
,,346,,,,,,,,,,
,,346,,,,,,,,,,
,,389,,,,,,,,,,
,,492,,,,,,,,,,
,,713,,,,,,,,,,
,,290,,,,,,,,,,
,,437,,,,,,,,,,
,,435,,,,,,,,,,
,,255,,,,,,,,,,
,,264,,,,,,,,,,
,,264,,,,,,,,,,
,,266,,,,,,,,,,
,,278,,,,,,,,,,
,,529,,,,,,,,,,
,,532,,,,,,,,,,
,,521,,,,,,,,,,
,,103,,,,,,,,,,
,,355,,,,,,,,,,
,,350,,,,,,,,,,
,,356,,,,,,,,,,
,,365,,,,,,,,,,
,,361,,,,,,,,,,
,,316,,,,,,,,,,
,,334,,,,,,,,,,
,,364,,,,,,,,,,
,,357,,,,,,,,,,
,,389,,,,,,,,,,
,,357,,,,,,,,,,
,,263,,,,,,,,,,
,,263,,,,,,,,,,
,,257,,,,,,,,,,
,,349,,,,,,,,,,
,,421,,,,,,,,,,
,,425,,,,,,,,,,
,,418,,,,,,,,,,
,,422,,,,,,,,,,
,,294,,,,,,,,,,
,,283,,,,,,,,,,
,,285,,,,,,,,,,
,,281,,,,,,,,,,
,,369,,,,,,,,,,
,,373,,,,,,,,,,
,,348,,,,,,,,,,
,,382,,,,,,,,,,
,,289,,,,,,,,,,
,,297,,,,,,,,,,
,,358,,,,,,,,,,
,,351,,,,,,,,,,
,,372,,,,,,,,,,
,,402,,,,,,,,,,
,,371,,,,,,,,,,
,,275,,,,,,,,,,
,,286,,,,,,,,,,
,,286,,,,,,,,,,
,,301,,,,,,,,,,
,,935,,,,,,,,,,
,,756,,,,,,,,,,
,,323,,,,,,,,,,
,,336,,,,,,,,,,
,,337,,,,,,,,,,
,,393,,,,,,,,,,
,,394,,,,,,,,,,
,,394,,,,,,,,,,
,,388,,,,,,,,,,
,,332,,,,,,,,,,
,,597,,,,,,,,,,
,,600,,,,,,,,,,
,,657,,,,,,,,,,
,,363,,,,,,,,,,
,,382,,,,,,,,,,
,,225,,,,,,,,,,
,,225,,,,,,,,,,
,,219,,,,,,,,,,
,,321,,,,,,,,,,
,,318,,,,,,,,,,
,,276,,,,,,,,,,
,,288,,,,,,,,,,
,,288,,,,,,,,,,
,,289,,,,,,,,,,
,,950,,,,,,,,,,
,,169,,,,,,,,,,
,,283,,,,,,,,,,
,,302,,,,,,,,,,
,,251,,,,,,,,,,
,,428,,,,,,,,,,
,,432,,,,,,,,,,
,,591,,,,,,,,,,
,,239,,,,,,,,,,
,,679,,,,,,,,,,
,,689,,,,,,,,,,
,,529,,,,,,,,,,
,,557,,,,,,,,,,
,,569,,,,,,,,,,
,,370,,,,,,,,,,
,,396,,,,,,,,,,
,,372,,,,,,,,,,
,,385,,,,,,,,,,
,,387,,,,,,,,,,
,,477,,,,,,,,,,
,,793,,,,,,,,,,
,,793,,,,,,,,,,
,,329,,,,,,,,,,
,,330,,,,,,,,,,
,,484,,,,,,,,,,
,,527,,,,,,,,,,
,,385,,,,,,,,,,
,,414,,,,,,,,,,
,,290,,,,,,,,,,
,,275,,,,,,,,,,
,,255,,,,,,,,,,
,,413,,,,,,,,,,
,,423,,,,,,,,,,
,,351,,,,,,,,,,
,,290,,,,,,,,,,
,,341,,,,,,,,,,
,,365,,,,,,,,,,
,,358,,,,,,,,,,
,,538,,,,,,,,,,
,,495,,,,,,,,,,
,,485,,,,,,,,,,
,,272,,,,,,,,,,
,,439,,,,,,,,,,
,,441,,,,,,,,,,
,,322,,,,,,,,,,
,,373,,,,,,,,,,
,,418,,,,,,,,,,
,,364,,,,,,,,,,
,,375,,,,,,,,,,
,,376,,,,,,,,,,
,,415,,,,,,,,,,
,,177,,,,,,,,,,
,,257,,,,,,,,,,
,,525,,,,,,,,,,
,,514,,,,,,,,,,
,,247,,,,,,,,,,
,,289,,,,,,,,,,
,,297,,,,,,,,,,
,,299,,,,,,,,,,
,,363,,,,,,,,,,
,,371,,,,,,,,,,
,,371,,,,,,,,,,
,,379,,,,,,,,,,
,,380,,,,,,,,,,
,,380,,,,,,,,,,
,,331,,,,,,,,,,
,,253,,,,,,,,,,
,,243,,,,,,,,,,
,,250,,,,,,,,,,
,,250,,,,,,,,,,
,,252,,,,,,,,,,
,,272,,,,,,,,,,
,,281,,,,,,,,,,
,,359,,,,,,,,,,
,,368,,,,,,,,,,
,,243,,,,,,,,,,
,,253,,,,,,,,,,
,,334,,,,,,,,,,
,,344,,,,,,,,,,
,,339,,,,,,,,,,
,,260,,,,,,,,,,
,,261,,,,,,,,,,
,,135,,,,,,,,,,
,,342,,,,,,,,,,
,,654,,,,,,,,,,
,,615,,,,,,,,,,
,,339,,,,,,,,,,
,,407,,,,,,,,,,
,,646,,,,,,,,,,
,,275,,,,,,,,,,
,,382,,,,,,,,,,
,,392,,,,,,,,,,
,,394,,,,,,,,,,
,,429,,,,,,,,,,
,,442,,,,,,,,,,
,,444,,,,,,,,,,
,,445,,,,,,,,,,
,,269,,,,,,,,,,
,,265,,,,,,,,,,
,,363,,,,,,,,,,
,,395,,,,,,,,,,
,,412,,,,,,,,,,
,,291,,,,,,,,,,
,,268,,,,,,,,,,
,,423,,,,,,,,,,
,,439,,,,,,,,,,
,,437,,,,,,,,,,
,,376,,,,,,,,,,
,,387,,,,,,,,,,
,,290,,,,,,,,,,
,,205,,,,,,,,,,
,,360,,,,,,,,,,
,,366,,,,,,,,,,
,,366,,,,,,,,,,
,,662,,,,,,,,,,
,,305,,,,,,,,,,
,,622,,,,,,,,,,
,,291,,,,,,,,,,
,,300,,,,,,,,,,
,,323,,,,,,,,,,
,,133,,,,,,,,,,
,,460,,,,,,,,,,
,,279,,,,,,,,,,
,,370,,,,,,,,,,
,,351,,,,,,,,,,
,,293,,,,,,,,,,
,,274,,,,,,,,,,
,,370,,,,,,,,,,
,,528,,,,,,,,,,
,,513,,,,,,,,,,
,,510,,,,,,,,,,
,,533,,,,,,,,,,
,,340,,,,,,,,,,
,,348,,,,,,,,,,
,,350,,,,,,,,,,
,,659,,,,,,,,,,
,,628,,,,,,,,,,
,,646,,,,,,,,,,
,,363,,,,,,,,,,
,,401,,,,,,,,,,
,,447,,,,,,,,,,
,,474,,,,,,,,,,
,,297,,,,,,,,,,
,,253,,,,,,,,,,
,,253,,,,,,,,,,
,,255,,,,,,,,,,
,,419,,,,,,,,,,
,,427,,,,,,,,,,
,,689,,,,,,,,,,
,,948,,,,,,,,,,
,,403,,,,,,,,,,
,,409,,,,,,,,,,
,,248,,,,,,,,,,
,,248,,,,,,,,,,
,,321,,,,,,,,,,
,,327,,,,,,,,,,
,,656,,,,,,,,,,
,,566,,,,,,,,,,
,,381,,,,,,,,,,
,,309,,,,,,,,,,
,,296,,,,,,,,,,
,,297,,,,,,,,,,
,,296,,,,,,,,,,
,,297,,,,,,,,,,
,,419,,,,,,,,,,
,,371,,,,,,,,,,
,,378,,,,,,,,,,
,,491,,,,,,,,,,
,,514,,,,,,,,,,
,,514,,,,,,,,,,
,,506,,,,,,,,,,
,,433,,,,,,,,,,
,,417,,,,,,,,,,
,,674,,,,,,,,,,
,,401,,,,,,,,,,
,,397,,,,,,,,,,
,,434,,,,,,,,,,
,,441,,,,,,,,,,
,,434,,,,,,,,,,
,,291,,,,,,,,,,
,,297,,,,,,,,,,
,,304,,,,,,,,,,
,,640,,,,,,,,,,
,,434,,,,,,,,,,
,,434,,,,,,,,,,
,,432,,,,,,,,,,
,,305,,,,,,,,,,
,,314,,,,,,,,,,
,,312,,,,,,,,,,
,,319,,,,,,,,,,
,,319,,,,,,,,,,
,,70,,,,,,,,,,
,,315,,,,,,,,,,
,,233,,,,,,,,,,
,,238,,,,,,,,,,
,,242,,,,,,,,,,
,,410,,,,,,,,,,
,,450,,,,,,,,,,
,,305,,,,,,,,,,
,,302,,,,,,,,,,
,,478,,,,,,,,,,
,,450,,,,,,,,,,
,,412,,,,,,,,,,
,,414,,,,,,,,,,
,,429,,,,,,,,,,
,,266,,,,,,,,,,
,,732,,,,,,,,,,
,,358,,,,,,,,,,
,,337,,,,,,,,,,
,,333,,,,,,,,,,
,,353,,,,,,,,,,
,,365,,,,,,,,,,
,,246,,,,,,,,,,
,,315,,,,,,,,,,
,,324,,,,,,,,,,
,,321,,,,,,,,,,
,,204,,,,,,,,,,
,,210,,,,,,,,,,
,,211,,,,,,,,,,
,,243,,,,,,,,,,
,,261,,,,,,,,,,
,,283,,,,,,,,,,
,,325,,,,,,,,,,
,,309,,,,,,,,,,
,,266,,,,,,,,,,
,,279,,,,,,,,,,
,,288,,,,,,,,,,
,,290,,,,,,,,,,
,,250,,,,,,,,,,
,,259,,,,,,,,,,
,,260,,,,,,,,,,
,,314,,,,,,,,,,
,,322,,,,,,,,,,
,,216,,,,,,,,,,
,,222,,,,,,,,,,
,,227,,,,,,,,,,
,,232,,,,,,,,,,
,,240,,,,,,,,,,
,,223,,,,,,,,,,
,,230,,,,,,,,,,
,,98,,,,,,,,,,
,,537,,,,,,,,,,
,,246,,,,,,,,,,
,,246,,,,,,,,,,
,,375,,,,,,,,,,
,,202,,,,,,,,,,
,,208,,,,,,,,,,
,,196,,,,,,,,,,
,,308,,,,,,,,,,
,,321,,,,,,,,,,
,,313,,,,,,,,,,
,,297,,,,,,,,,,
,,298,,,,,,,,,,
,,242,,,,,,,,,,
,,251,,,,,,,,,,
,,252,,,,,,,,,,
,,58,,,,,,,,,,
,,260,,,,,,,,,,
,,249,,,,,,,,,,
,,257,,,,,,,,,,
,,207,,,,,,,,,,
,,211,,,,,,,,,,
,,269,,,,,,,,,,
,,276,,,,,,,,,,
,,828,,,,,,,,,,
,,836,,,,,,,,,,
,,815,,,,,,,,,,
,,362,,,,,,,,,,
,,364,,,,,,,,,,
,,364,,,,,,,,,,
,,290,,,,,,,,,,
,,448,,,,,,,,,,
,,227,,,,,,,,,,
,,231,,,,,,,,,,
,,354,,,,,,,,,,
,,354,,,,,,,,,,
,,352,,,,,,,,,,
,,388,,,,,,,,,,
,,215,,,,,,,,,,
,,319,,,,,,,,,,
,,343,,,,,,,,,,
,,358,,,,,,,,,,
,,305,,,,,,,,,,
,,231,,,,,,,,,,
,,295,,,,,,,,,,
,,273,,,,,,,,,,
,,275,,,,,,,,,,
,,367,,,,,,,,,,
,,378,,,,,,,,,,
,,374,,,,,,,,,,
,,310,,,,,,,,,,
,,313,,,,,,,,,,
,,310,,,,,,,,,,
,,245,,,,,,,,,,
,,252,,,,,,,,,,
,,230,,,,,,,,,,
,,227,,,,,,,,,,
,,251,,,,,,,,,,
,,273,,,,,,,,,,
,,257,,,,,,,,,,
,,304,,,,,,,,,,
,,309,,,,,,,,,,
,,379,,,,,,,,,,
,,480,,,,,,,,,,
,,480,,,,,,,,,,
,,428,,,,,,,,,,
,,502,,,,,,,,,,
,,522,,,,,,,,,,
,,325,,,,,,,,,,
,,372,,,,,,,,,,
,,288,,,,,,,,,,
,,293,,,,,,,,,,
,,278,,,,,,,,,,
,,405,,,,,,,,,,
,,405,,,,,,,,,,
,,235,,,,,,,,,,
,,242,,,,,,,,,,
,,231,,,,,,,,,,
,,470,,,,,,,,,,
,,329,,,,,,,,,,
,,323,,,,,,,,,,
,,312,,,,,,,,,,
,,286,,,,,,,,,,
,,239,,,,,,,,,,
,,247,,,,,,,,,,
,,248,,,,,,,,,,
,,306,,,,,,,,,,
,,317,,,,,,,,,,
,,318,,,,,,,,,,
,,283,,,,,,,,,,
,,292,,,,,,,,,,
,,293,,,,,,,,,,
,,228,,,,,,,,,,
,,447,,,,,,,,,,
,,227,,,,,,,,,,
,,315,,,,,,,,,,
,,317,,,,,,,,,,
,,219,,,,,,,,,,
,,275,,,,,,,,,,
,,284,,,,,,,,,,
,,259,,,,,,,,,,
,,232,,,,,,,,,,
,,239,,,,,,,,,,
,,239,,,,,,,,,,
,,286,,,,,,,,,,
,,287,,,,,,,,,,
,,508,,,,,,,,,,
,,481,,,,,,,,,,
,,471,,,,,,,,,,
,,249,,,,,,,,,,
,,250,,,,,,,,,,
,,627,,,,,,,,,,
,,621,,,,,,,,,,
,,436,,,,,,,,,,
,,203,,,,,,,,,,
,,209,,,,,,,,,,
,,213,,,,,,,,,,
,,219,,,,,,,,,,
,,302,,,,,,,,,,
,,294,,,,,,,,,,
,,296,,,,,,,,,,
,,533,,,,,,,,,,
,,543,,,,,,,,,,
,,259,,,,,,,,,,
,,499,,,,,,,,,,
,,331,,,,,,,,,,
,,334,,,,,,,,,,
,,261,,,,,,,,,,
,,269,,,,,,,,,,
,,270,,,,,,,,,,
,,247,,,,,,,,,,
,,251,,,,,,,,,,
,,252,,,,,,,,,,
,,353,,,,,,,,,,
,,360,,,,,,,,,,
,,357,,,,,,,,,,
,,287,,,,,,,,,,
,,294,,,,,,,,,,
,,291,,,,,,,,,,
,,283,,,,,,,,,,
,,305,,,,,,,,,,
,,254,,,,,,,,,,
,,260,,,,,,,,,,
,,401,,,,,,,,,,
,,252,,,,,,,,,,
,,277,,,,,,,,,,
,,283,,,,,,,,,,
,,283,,,,,,,,,,
,,301,,,,,,,,,,
,,301,,,,,,,,,,
,,301,,,,,,,,,,
,,348,,,,,,,,,,
,,349,,,,,,,,,,
,,346,,,,,,,,,,
,,333,,,,,,,,,,
,,333,,,,,,,,,,
,,445,,,,,,,,,,
,,281,,,,,,,,,,
,,282,,,,,,,,,,
,,303,,,,,,,,,,
,,303,,,,,,,,,,
,,360,,,,,,,,,,
,,341,,,,,,,,,,
,,264,,,,,,,,,,
,,272,,,,,,,,,,
,,249,,,,,,,,,,
,,313,,,,,,,,,,
,,313,,,,,,,,,,
,,313,,,,,,,,,,
,,409,,,,,,,,,,
,,258,,,,,,,,,,
,,347,,,,,,,,,,
,,353,,,,,,,,,,
,,308,,,,,,,,,,
,,341,,,,,,,,,,
,,342,,,,,,,,,,
,,366,,,,,,,,,,
,,326,,,,,,,,,,
,,326,,,,,,,,,,
,,326,,,,,,,,,,
,,303,,,,,,,,,,
,,325,,,,,,,,,,
,,325,,,,,,,,,,
,,356,,,,,,,,,,
,,361,,,,,,,,,,
,,497,,,,,,,,,,
,,492,,,,,,,,,,
,,351,,,,,,,,,,
,,346,,,,,,,,,,
,,250,,,,,,,,,,
,,333,,,,,,,,,,
,,284,,,,,,,,,,
,,270,,,,,,,,,,
,,272,,,,,,,,,,
,,299,,,,,,,,,,
,,303,,,,,,,,,,
,,303,,,,,,,,,,
,,422,,,,,,,,,,
,,359,,,,,,,,,,
,,378,,,,,,,,,,
,,370,,,,,,,,,,
,,426,,,,,,,,,,
,,430,,,,,,,,,,
,,441,,,,,,,,,,
,,681,,,,,,,,,,
,,743,,,,,,,,,,
,,381,,,,,,,,,,
,,446,,,,,,,,,,
,,486,,,,,,,,,,
,,342,,,,,,,,,,
,,342,,,,,,,,,,
,,318,,,,,,,,,,
,,354,,,,,,,,,,
,,287,,,,,,,,,,
,,286,,,,,,,,,,
,,287,,,,,,,,,,
,,346,,,,,,,,,,
,,465,,,,,,,,,,
,,465,,,,,,,,,,
,,232,,,,,,,,,,
,,327,,,,,,,,,,
,,323,,,,,,,,,,
,,267,,,,,,,,,,
,,375,,,,,,,,,,
,,383,,,,,,,,,,
,,349,,,,,,,,,,
,,266,,,,,,,,,,
,,274,,,,,,,,,,
,,270,,,,,,,,,,
,,266,,,,,,,,,,
,,272,,,,,,,,,,
,,268,,,,,,,,,,
,,584,,,,,,,,,,
,,359,,,,,,,,,,
,,333,,,,,,,,,,
,,333,,,,,,,,,,
,,249,,,,,,,,,,
,,373,,,,,,,,,,
,,386,,,,,,,,,,
,,292,,,,,,,,,,
,,292,,,,,,,,,,
,,367,,,,,,,,,,
,,376,,,,,,,,,,
,,299,,,,,,,,,,
,,321,,,,,,,,,,
,,349,,,,,,,,,,
,,512,,,,,,,,,,
,,599,,,,,,,,,,
,,649,,,,,,,,,,
,,646,,,,,,,,,,
,,652,,,,,,,,,,
,,656,,,,,,,,,,
,,334,,,,,,,,,,
,,955,,,,,,,,,,
,,371,,,,,,,,,,
,,378,,,,,,,,,,
,,284,,,,,,,,,,
,,408,,,,,,,,,,
,,509,,,,,,,,,,
,,273,,,,,,,,,,
,,476,,,,,,,,,,
,,211,,,,,,,,,,
,,232,,,,,,,,,,
,,237,,,,,,,,,,
,,237,,,,,,,,,,
,,836,,,,,,,,,,
,,836,,,,,,,,,,
,,397,,,,,,,,,,
,,403,,,,,,,,,,
,,403,,,,,,,,,,
,,268,,,,,,,,,,
,,272,,,,,,,,,,
,,371,,,,,,,,,,
,,371,,,,,,,,,,
,,369,,,,,,,,,,
,,495,,,,,,,,,,
,,495,,,,,,,,,,
,,490,,,,,,,,,,
,,302,,,,,,,,,,
,,326,,,,,,,,,,
,,354,,,,,,,,,,
,,356,,,,,,,,,,
,,397,,,,,,,,,,
,,428,,,,,,,,,,
,,430,,,,,,,,,,
,,430,,,,,,,,,,
,,467,,,,,,,,,,
,,421,,,,,,,,,,
,,391,,,,,,,,,,
,,352,,,,,,,,,,
,,242,,,,,,,,,,
,,242,,,,,,,,,,
,,260,,,,,,,,,,
,,247,,,,,,,,,,
,,784,,,,,,,,,,
,,715,,,,,,,,,,
,,251,,,,,,,,,,
,,249,,,,,,,,,,
,,193,,,,,,,,,,
,,198,,,,,,,,,,
,,205,,,,,,,,,,
,,219,,,,,,,,,,
,,223,,,,,,,,,,
,,221,,,,,,,,,,
,,250,,,,,,,,,,
,,252,,,,,,,,,,
,,301,,,,,,,,,,
,,309,,,,,,,,,,
,,214,,,,,,,,,,
,,200,,,,,,,,,,
,,289,,,,,,,,,,
,,296,,,,,,,,,,
,,293,,,,,,,,,,
,,284,,,,,,,,,,
,,294,,,,,,,,,,
,,296,,,,,,,,,,
,,330,,,,,,,,,,
,,273,,,,,,,,,,
,,295,,,,,,,,,,
,,326,,,,,,,,,,
,,221,,,,,,,,,,
,,229,,,,,,,,,,
,,230,,,,,,,,,,
,,305,,,,,,,,,,
,,314,,,,,,,,,,
,,309,,,,,,,,,,
,,292,,,,,,,,,,
,,393,,,,,,,,,,
,,400,,,,,,,,,,
,,408,,,,,,,,,,
,,284,,,,,,,,,,
,,291,,,,,,,,,,
,,288,,,,,,,,,,
,,297,,,,,,,,,,
,,307,,,,,,,,,,
,,315,,,,,,,,,,
,,607,,,,,,,,,,
,,359,,,,,,,,,,
,,368,,,,,,,,,,
,,364,,,,,,,,,,
,,365,,,,,,,,,,
,,336,,,,,,,,,,
,,405,,,,,,,,,,
,,640,,,,,,,,,,
,,640,,,,,,,,,,
,,281,,,,,,,,,,
,,265,,,,,,,,,,
,,297,,,,,,,,,,
,,152,,,,,,,,,,
,,209,,,,,,,,,,
,,397,,,,,,,,,,
,,229,,,,,,,,,,
,,247,,,,,,,,,,
,,206,,,,,,,,,,
,,207,,,,,,,,,,
,,206,,,,,,,,,,
,,602,,,,,,,,,,
,,310,,,,,,,,,,
,,195,,,,,,,,,,
,,292,,,,,,,,,,
,,290,,,,,,,,,,
,,294,,,,,,,,,,
,,351,,,,,,,,,,
,,232,,,,,,,,,,
,,232,,,,,,,,,,
,,256,,,,,,,,,,
,,267,,,,,,,,,,
,,527,,,,,,,,,,
,,527,,,,,,,,,,
,,535,,,,,,,,,,
,,230,,,,,,,,,,
,,222,,,,,,,,,,
,,198,,,,,,,,,,
,,423,,,,,,,,,,
,,411,,,,,,,,,,
,,668,,,,,,,,,,
,,533,,,,,,,,,,
,,500,,,,,,,,,,
,,310,,,,,,,,,,
,,313,,,,,,,,,,
,,230,,,,,,,,,,
,,702,,,,,,,,,,
,,305,,,,,,,,,,
,,315,,,,,,,,,,
,,310,,,,,,,,,,
,,295,,,,,,,,,,
,,295,,,,,,,,,,
,,172,,,,,,,,,,
,,255,,,,,,,,,,
,,303,,,,,,,,,,
,,405,,,,,,,,,,
,,127,,,,,,,,,,
,,215,,,,,,,,,,
,,227,,,,,,,,,,
,,228,,,,,,,,,,
,,453,,,,,,,,,,
,,391,,,,,,,,,,
,,369,,,,,,,,,,
,,368,,,,,,,,,,
,,637,,,,,,,,,,
,,505,,,,,,,,,,
,,682,,,,,,,,,,
,,750,,,,,,,,,,
,,353,,,,,,,,,,
,,588,,,,,,,,,,
,,299,,,,,,,,,,
,,299,,,,,,,,,,
,,299,,,,,,,,,,
,,301,,,,,,,,,,
,,313,,,,,,,,,,
,,315,,,,,,,,,,
,,292,,,,,,,,,,
,,295,,,,,,,,,,
,,296,,,,,,,,,,
,,365,,,,,,,,,,
,,372,,,,,,,,,,
,,368,,,,,,,,,,
,,366,,,,,,,,,,
,,220,,,,,,,,,,
,,262,,,,,,,,,,
,,259,,,,,,,,,,
,,262,,,,,,,,,,
,,285,,,,,,,,,,
,,247,,,,,,,,,,
,,313,,,,,,,,,,
,,425,,,,,,,,,,
,,352,,,,,,,,,,
,,290,,,,,,,,,,
,,309,,,,,,,,,,
,,315,,,,,,,,,,
,,221,,,,,,,,,,
,,276,,,,,,,,,,
,,251,,,,,,,,,,
,,253,,,,,,,,,,
,,250,,,,,,,,,,
,,269,,,,,,,,,,
,,272,,,,,,,,,,
,,272,,,,,,,,,,
,,264,,,,,,,,,,
,,373,,,,,,,,,,
,,334,,,,,,,,,,
,,825,,,,,,,,,,
,,338,,,,,,,,,,
,,296,,,,,,,,,,
,,297,,,,,,,,,,
,,431,,,,,,,,,,
,,434,,,,,,,,,,
,,239,,,,,,,,,,
,,158,,,,,,,,,,
,,242,,,,,,,,,,
,,243,,,,,,,,,,
,,282,,,,,,,,,,
,,249,,,,,,,,,,
,,256,,,,,,,,,,
,,257,,,,,,,,,,
,,265,,,,,,,,,,
,,232,,,,,,,,,,
,,233,,,,,,,,,,
,,327,,,,,,,,,,
,,322,,,,,,,,,,
,,215,,,,,,,,,,
,,210,,,,,,,,,,
,,198,,,,,,,,,,
,,268,,,,,,,,,,
,,217,,,,,,,,,,
,,218,,,,,,,,,,
,,258,,,,,,,,,,
,,260,,,,,,,,,,
,,202,,,,,,,,,,
,,260,,,,,,,,,,
,,235,,,,,,,,,,
,,306,,,,,,,,,,
,,479,,,,,,,,,,
,,384,,,,,,,,,,
,,434,,,,,,,,,,
,,415,,,,,,,,,,
,,229,,,,,,,,,,
,,230,,,,,,,,,,
,,357,,,,,,,,,,
,,368,,,,,,,,,,
,,362,,,,,,,,,,
,,438,,,,,,,,,,
,,316,,,,,,,,,,
,,330,,,,,,,,,,
,,343,,,,,,,,,,
,,329,,,,,,,,,,
,,334,,,,,,,,,,
,,331,,,,,,,,,,
,,273,,,,,,,,,,
,,272,,,,,,,,,,
,,280,,,,,,,,,,
,,290,,,,,,,,,,
,,176,,,,,,,,,,
,,439,,,,,,,,,,
,,412,,,,,,,,,,
,,335,,,,,,,,,,
,,516,,,,,,,,,,
,,489,,,,,,,,,,
,,491,,,,,,,,,,
,,223,,,,,,,,,,
,,330,,,,,,,,,,
,,335,,,,,,,,,,
,,335,,,,,,,,,,
,,209,,,,,,,,,,
,,276,,,,,,,,,,
,,280,,,,,,,,,,
,,282,,,,,,,,,,
,,297,,,,,,,,,,
,,297,,,,,,,,,,
,,294,,,,,,,,,,
,,340,,,,,,,,,,
,,348,,,,,,,,,,
,,348,,,,,,,,,,
,,306,,,,,,,,,,
,,304,,,,,,,,,,
,,301,,,,,,,,,,
,,237,,,,,,,,,,
,,313,,,,,,,,,,
,,259,,,,,,,,,,
,,309,,,,,,,,,,
,,353,,,,,,,,,,
,,386,,,,,,,,,,
,,304,,,,,,,,,,
,,294,,,,,,,,,,
,,447,,,,,,,,,,
,,447,,,,,,,,,,
,,282,,,,,,,,,,
,,279,,,,,,,,,,
,,296,,,,,,,,,,
,,419,,,,,,,,,,
,,284,,,,,,,,,,
,,285,,,,,,,,,,
,,282,,,,,,,,,,
,,444,,,,,,,,,,
,,457,,,,,,,,,,
,,282,,,,,,,,,,
,,276,,,,,,,,,,
,,265,,,,,,,,,,
,,240,,,,,,,,,,
,,462,,,,,,,,,,
,,484,,,,,,,,,,
,,519,,,,,,,,,,
,,357,,,,,,,,,,
,,362,,,,,,,,,,
,,322,,,,,,,,,,
,,321,,,,,,,,,,
,,342,,,,,,,,,,
,,677,,,,,,,,,,
,,704,,,,,,,,,,
,,757,,,,,,,,,,
,,214,,,,,,,,,,
,,242,,,,,,,,,,
,,301,,,,,,,,,,
,,312,,,,,,,,,,
,,281,,,,,,,,,,
,,236,,,,,,,,,,
,,236,,,,,,,,,,
,,237,,,,,,,,,,
,,355,,,,,,,,,,
,,339,,,,,,,,,,
,,336,,,,,,,,,,
,,276,,,,,,,,,,
,,270,,,,,,,,,,
,,366,,,,,,,,,,
,,378,,,,,,,,,,
,,388,,,,,,,,,,
,,244,,,,,,,,,,
,,254,,,,,,,,,,
,,402,,,,,,,,,,
,,419,,,,,,,,,,
,,405,,,,,,,,,,
,,242,,,,,,,,,,
,,362,,,,,,,,,,
,,215,,,,,,,,,,
,,193,,,,,,,,,,
,,200,,,,,,,,,,
,,378,,,,,,,,,,
,,419,,,,,,,,,,
,,423,,,,,,,,,,
,,417,,,,,,,,,,
,,363,,,,,,,,,,
,,363,,,,,,,,,,
,,313,,,,,,,,,,
,,304,,,,,,,,,,
,,297,,,,,,,,,,
,,590,,,,,,,,,,
,,317,,,,,,,,,,
,,317,,,,,,,,,,
,,348,,,,,,,,,,
,,277,,,,,,,,,,
,,283,,,,,,,,,,
,,338,,,,,,,,,,
,,372,,,,,,,,,,
,,540,,,,,,,,,,
,,481,,,,,,,,,,
,,534,,,,,,,,,,
,,508,,,,,,,,,,
,,288,,,,,,,,,,
,,291,,,,,,,,,,
,,216,,,,,,,,,,
,,511,,,,,,,,,,
,,515,,,,,,,,,,
,,685,,,,,,,,,,
,,266,,,,,,,,,,
,,270,,,,,,,,,,
,,208,,,,,,,,,,
,,252,,,,,,,,,,
,,530,,,,,,,,,,
,,283,,,,,,,,,,
,,453,,,,,,,,,,
,,157,,,,,,,,,,
,,226,,,,,,,,,,
,,242,,,,,,,,,,
,,162,,,,,,,,,,
,,307,,,,,,,,,,
,,307,,,,,,,,,,
,,307,,,,,,,,,,
,,308,,,,,,,,,,
,,409,,,,,,,,,,
,,415,,,,,,,,,,
,,415,,,,,,,,,,
,,247,,,,,,,,,,
,,253,,,,,,,,,,
,,208,,,,,,,,,,
,,214,,,,,,,,,,
,,269,,,,,,,,,,
,,239,,,,,,,,,,
,,329,,,,,,,,,,
,,337,,,,,,,,,,
,,364,,,,,,,,,,
,,614,,,,,,,,,,
,,272,,,,,,,,,,
,,281,,,,,,,,,,
,,277,,,,,,,,,,
,,368,,,,,,,,,,
,,308,,,,,,,,,,
,,309,,,,,,,,,,
,,306,,,,,,,,,,
,,533,,,,,,,,,,
,,538,,,,,,,,,,
,,530,,,,,,,,,,
,,260,,,,,,,,,,
,,326,,,,,,,,,,
,,409,,,,,,,,,,
,,258,,,,,,,,,,
,,266,,,,,,,,,,
,,268,,,,,,,,,,
,,206,,,,,,,,,,
,,105,,,,,,,,,,
,,420,,,,,,,,,,
,,306,,,,,,,,,,
,,306,,,,,,,,,,
,,592,,,,,,,,,,
,,339,,,,,,,,,,
,,347,,,,,,,,,,
,,654,,,,,,,,,,
,,227,,,,,,,,,,
,,232,,,,,,,,,,
,,269,,,,,,,,,,
,,345,,,,,,,,,,
,,336,,,,,,,,,,
,,242,,,,,,,,,,
,,249,,,,,,,,,,
,,247,,,,,,,,,,
,,296,,,,,,,,,,
,,303,,,,,,,,,,
,,215,,,,,,,,,,
,,507,,,,,,,,,,
,,625,,,,,,,,,,
,,573,,,,,,,,,,
,,393,,,,,,,,,,
,,395,,,,,,,,,,
,,273,,,,,,,,,,
,,281,,,,,,,,,,
,,315,,,,,,,,,,
,,420,,,,,,,,,,
,,886,,,,,,,,,,
,,434,,,,,,,,,,
,,471,,,,,,,,,,
,,299,,,,,,,,,,
,,327,,,,,,,,,,
,,340,,,,,,,,,,
,,305,,,,,,,,,,
,,173,,,,,,,,,,
,,185,,,,,,,,,,
,,401,,,,,,,,,,
,,648,,,,,,,,,,
,,648,,,,,,,,,,
,,299,,,,,,,,,,
,,324,,,,,,,,,,
,,318,,,,,,,,,,
,,645,,,,,,,,,,
,,290,,,,,,,,,,
,,364,,,,,,,,,,
,,364,,,,,,,,,,
,,330,,,,,,,,,,
,,337,,,,,,,,,,
,,337,,,,,,,,,,
,,636,,,,,,,,,,
,,430,,,,,,,,,,
,,432,,,,,,,,,,
,,445,,,,,,,,,,
,,501,,,,,,,,,,
,,365,,,,,,,,,,
,,376,,,,,,,,,,
,,376,,,,,,,,,,
,,387,,,,,,,,,,
,,342,,,,,,,,,,
,,344,,,,,,,,,,
,,389,,,,,,,,,,
,,473,,,,,,,,,,
,,520,,,,,,,,,,
,,559,,,,,,,,,,
,,769,,,,,,,,,,
,,323,,,,,,,,,,
,,328,,,,,,,,,,
,,279,,,,,,,,,,
,,333,,,,,,,,,,
,,320,,,,,,,,,,
,,354,,,,,,,,,,
,,401,,,,,,,,,,
,,56,,,,,,,,,,
,,59,,,,,,,,,,
,,59,,,,,,,,,,
,,54,,,,,,,,,,
,,54,,,,,,,,,,
,,384,,,,,,,,,,
,,331,,,,,,,,,,
,,274,,,,,,,,,,
,,260,,,,,,,,,,
,,288,,,,,,,,,,
,,294,,,,,,,,,,
,,398,,,,,,,,,,
,,302,,,,,,,,,,
,,300,,,,,,,,,,
,,302,,,,,,,,,,
,,365,,,,,,,,,,
,,686,,,,,,,,,,
,,671,,,,,,,,,,
,,674,,,,,,,,,,
,,255,,,,,,,,,,
,,265,,,,,,,,,,
,,262,,,,,,,,,,
,,456,,,,,,,,,,
,,445,,,,,,,,,,
,,485,,,,,,,,,,
,,677,,,,,,,,,,
,,454,,,,,,,,,,
,,423,,,,,,,,,,
,,391,,,,,,,,,,
,,388,,,,,,,,,,
,,362,,,,,,,,,,
,,51,,,,,,,,,,
,,261,,,,,,,,,,
,,286,,,,,,,,,,
,,268,,,,,,,,,,
,,53,,,,,,,,,,
,,225,,,,,,,,,,
,,515,,,,,,,,,,
,,522,,,,,,,,,,
,,224,,,,,,,,,,
,,312,,,,,,,,,,
,,276,,,,,,,,,,
,,293,,,,,,,,,,
,,173,,,,,,,,,,
,,178,,,,,,,,,,
,,195,,,,,,,,,,
,,271,,,,,,,,,,
,,277,,,,,,,,,,
,,263,,,,,,,,,,
,,252,,,,,,,,,,
,,253,,,,,,,,,,
,,281,,,,,,,,,,
,,229,,,,,,,,,,
,,238,,,,,,,,,,
,,239,,,,,,,,,,
,,240,,,,,,,,,,
,,263,,,,,,,,,,
,,264,,,,,,,,,,
,,285,,,,,,,,,,
,,262,,,,,,,,,,
,,264,,,,,,,,,,
,,286,,,,,,,,,,
,,325,,,,,,,,,,
,,471,,,,,,,,,,
,,508,,,,,,,,,,
,,319,,,,,,,,,,
,,317,,,,,,,,,,
,,312,,,,,,,,,,
,,917,,,,,,,,,,
,,261,,,,,,,,,,
,,268,,,,,,,,,,
,,283,,,,,,,,,,
,,274,,,,,,,,,,
,,269,,,,,,,,,,
,,296,,,,,,,,,,
,,271,,,,,,,,,,
,,267,,,,,,,,,,
,,275,,,,,,,,,,
,,275,,,,,,,,,,
,,267,,,,,,,,,,
,,267,,,,,,,,,,
,,238,,,,,,,,,,
,,591,,,,,,,,,,
,,279,,,,,,,,,,
,,288,,,,,,,,,,
,,289,,,,,,,,,,
,,303,,,,,,,,,,
,,303,,,,,,,,,,
,,303,,,,,,,,,,
,,62,,,,,,,,,,
,,287,,,,,,,,,,
,,287,,,,,,,,,,
,,289,,,,,,,,,,
,,825,,,,,,,,,,
,,332,,,,,,,,,,
,,364,,,,,,,,,,
,,491,,,,,,,,,,
,,278,,,,,,,,,,
,,288,,,,,,,,,,
,,382,,,,,,,,,,
,,378,,,,,,,,,,
,,438,,,,,,,,,,
,,288,,,,,,,,,,
,,563,,,,,,,,,,
,,286,,,,,,,,,,
,,301,,,,,,,,,,
,,122,,,,,,,,,,
,,260,,,,,,,,,,
,,250,,,,,,,,,,
,,166,,,,,,,,,,
,,298,,,,,,,,,,
,,312,,,,,,,,,,
,,350,,,,,,,,,,
,,214,,,,,,,,,,
,,222,,,,,,,,,,
,,222,,,,,,,,,,
,,223,,,,,,,,,,
,,328,,,,,,,,,,
,,331,,,,,,,,,,
,,326,,,,,,,,,,
,,266,,,,,,,,,,
,,266,,,,,,,,,,
,,243,,,,,,,,,,
,,294,,,,,,,,,,
,,294,,,,,,,,,,
,,340,,,,,,,,,,
,,350,,,,,,,,,,
,,351,,,,,,,,,,
,,341,,,,,,,,,,
,,336,,,,,,,,,,
,,224,,,,,,,,,,
,,311,,,,,,,,,,
,,338,,,,,,,,,,
,,378,,,,,,,,,,
,,256,,,,,,,,,,
,,280,,,,,,,,,,
,,327,,,,,,,,,,
,,262,,,,,,,,,,
,,268,,,,,,,,,,
,,270,,,,,,,,,,
,,361,,,,,,,,,,
,,588,,,,,,,,,,
,,301,,,,,,,,,,
,,448,,,,,,,,,,
,,459,,,,,,,,,,
,,462,,,,,,,,,,
,,283,,,,,,,,,,
,,284,,,,,,,,,,
,,306,,,,,,,,,,
,,342,,,,,,,,,,
,,1376,,,,,,,,,,
,,390,,,,,,,,,,
,,420,,,,,,,,,,
,,474,,,,,,,,,,
,,290,,,,,,,,,,
,,287,,,,,,,,,,
,,319,,,,,,,,,,
,,215,,,,,,,,,,
,,222,,,,,,,,,,
,,205,,,,,,,,,,
,,257,,,,,,,,,,
,,256,,,,,,,,,,
,,257,,,,,,,,,,
,,336,,,,,,,,,,
,,345,,,,,,,,,,
,,346,,,,,,,,,,
,,232,,,,,,,,,,
,,228,,,,,,,,,,
,,311,,,,,,,,,,
,,322,,,,,,,,,,
,,324,,,,,,,,,,
,,365,,,,,,,,,,
,,367,,,,,,,,,,
,,196,,,,,,,,,,
,,607,,,,,,,,,,
,,300,,,,,,,,,,
,,315,,,,,,,,,,
,,295,,,,,,,,,,
,,339,,,,,,,,,,
,,374,,,,,,,,,,
,,249,,,,,,,,,,
,,257,,,,,,,,,,
,,257,,,,,,,,,,
,,343,,,,,,,,,,
,,413,,,,,,,,,,
,,444,,,,,,,,,,
,,502,,,,,,,,,,
,,347,,,,,,,,,,
,,358,,,,,,,,,,
,,574,,,,,,,,,,
,,562,,,,,,,,,,
,,217,,,,,,,,,,
,,218,,,,,,,,,,
,,219,,,,,,,,,,
,,143,,,,,,,,,,
,,320,,,,,,,,,,
,,360,,,,,,,,,,
,,1779,,,,,,,,,,
,,339,,,,,,,,,,
,,259,,,,,,,,,,
,,259,,,,,,,,,,
,,363,,,,,,,,,,
,,388,,,,,,,,,,
,,437,,,,,,,,,,
,,1748,,,,,,,,,,
,,1757,,,,,,,,,,
,,406,,,,,,,,,,
,,303,,,,,,,,,,
,,313,,,,,,,,,,
,,294,,,,,,,,,,
,,313,,,,,,,,,,
,,323,,,,,,,,,,
,,324,,,,,,,,,,
,,269,,,,,,,,,,
,,277,,,,,,,,,,
,,278,,,,,,,,,,
,,669,,,,,,,,,,
,,669,,,,,,,,,,
,,672,,,,,,,,,,
,,238,,,,,,,,,,
,,281,,,,,,,,,,
,,279,,,,,,,,,,
,,281,,,,,,,,,,
,,443,,,,,,,,,,
,,455,,,,,,,,,,
,,230,,,,,,,,,,
,,349,,,,,,,,,,
,,349,,,,,,,,,,
,,334,,,,,,,,,,
,,464,,,,,,,,,,
,,459,,,,,,,,,,
,,255,,,,,,,,,,
,,247,,,,,,,,,,
,,248,,,,,,,,,,
,,413,,,,,,,,,,
,,426,,,,,,,,,,
,,419,,,,,,,,,,
,,245,,,,,,,,,,
,,310,,,,,,,,,,
,,253,,,,,,,,,,
,,383,,,,,,,,,,
,,462,,,,,,,,,,
,,475,,,,,,,,,,
,,413,,,,,,,,,,
,,424,,,,,,,,,,
,,477,,,,,,,,,,
,,382,,,,,,,,,,
,,396,,,,,,,,,,
,,368,,,,,,,,,,
,,374,,,,,,,,,,
,,474,,,,,,,,,,
,,553,,,,,,,,,,
,,327,,,,,,,,,,
,,323,,,,,,,,,,
,,274,,,,,,,,,,
,,449,,,,,,,,,,
,,441,,,,,,,,,,
,,299,,,,,,,,,,
,,300,,,,,,,,,,
,,106,,,,,,,,,,
,,300,,,,,,,,,,
,,481,,,,,,,,,,
,,497,,,,,,,,,,
,,851,,,,,,,,,,
,,966,,,,,,,,,,
,,230,,,,,,,,,,
,,231,,,,,,,,,,
,,234,,,,,,,,,,
,,287,,,,,,,,,,
,,271,,,,,,,,,,
,,271,,,,,,,,,,
,,325,,,,,,,,,,
,,317,,,,,,,,,,
,,312,,,,,,,,,,
,,309,,,,,,,,,,
,,219,,,,,,,,,,
,,211,,,,,,,,,,
,,211,,,,,,,,,,
,,249,,,,,,,,,,
,,255,,,,,,,,,,
,,264,,,,,,,,,,
,,274,,,,,,,,,,
,,175,,,,,,,,,,
,,271,,,,,,,,,,
,,251,,,,,,,,,,
,,248,,,,,,,,,,
,,263,,,,,,,,,,
,,259,,,,,,,,,,
,,268,,,,,,,,,,
,,69,,,,,,,,,,
,,265,,,,,,,,,,
,,267,,,,,,,,,,
,,238,,,,,,,,,,
,,226,,,,,,,,,,
,,240,,,,,,,,,,
,,432,,,,,,,,,,
,,432,,,,,,,,,,
,,432,,,,,,,,,,
,,255,,,,,,,,,,
,,252,,,,,,,,,,
,,256,,,,,,,,,,
,,246,,,,,,,,,,
,,415,,,,,,,,,,
,,259,,,,,,,,,,
,,366,,,,,,,,,,
,,285,,,,,,,,,,
,,285,,,,,,,,,,
,,386,,,,,,,,,,
,,392,,,,,,,,,,
,,323,,,,,,,,,,
,,333,,,,,,,,,,
,,329,,,,,,,,,,
,,213,,,,,,,,,,
,,222,,,,,,,,,,
,,234,,,,,,,,,,
,,421,,,,,,,,,,
,,347,,,,,,,,,,
,,305,,,,,,,,,,
,,264,,,,,,,,,,
,,274,,,,,,,,,,
,,372,,,,,,,,,,
,,344,,,,,,,,,,
,,339,,,,,,,,,,
,,294,,,,,,,,,,
,,396,,,,,,,,,,
,,404,,,,,,,,,,
,,347,,,,,,,,,,
,,615,,,,,,,,,,
,,558,,,,,,,,,,
,,513,,,,,,,,,,
,,171,,,,,,,,,,
,,251,,,,,,,,,,
,,252,,,,,,,,,,
,,314,,,,,,,,,,
,,325,,,,,,,,,,
,,460,,,,,,,,,,
,,424,,,,,,,,,,
,,400,,,,,,,,,,
,,280,,,,,,,,,,
,,270,,,,,,,,,,
,,265,,,,,,,,,,
,,215,,,,,,,,,,
,,222,,,,,,,,,,
,,222,,,,,,,,,,
,,465,,,,,,,,,,
,,227,,,,,,,,,,
,,225,,,,,,,,,,
,,233,,,,,,,,,,
,,274,,,,,,,,,,
,,277,,,,,,,,,,
,,257,,,,,,,,,,
,,240,,,,,,,,,,
,,248,,,,,,,,,,
,,268,,,,,,,,,,
,,255,,,,,,,,,,
,,252,,,,,,,,,,
,,248,,,,,,,,,,
,,240,,,,,,,,,,
,,331,,,,,,,,,,
,,339,,,,,,,,,,
,,764,,,,,,,,,,
,,736,,,,,,,,,,
,,740,,,,,,,,,,
,,267,,,,,,,,,,
,,271,,,,,,,,,,
,,263,,,,,,,,,,
,,442,,,,,,,,,,
,,477,,,,,,,,,,
,,642,,,,,,,,,,
,,503,,,,,,,,,,
,,608,,,,,,,,,,
,,611,,,,,,,,,,
,,194,,,,,,,,,,
,,292,,,,,,,,,,
,,295,,,,,,,,,,
,,295,,,,,,,,,,
,,288,,,,,,,,,,
,,567,,,,,,,,,,
,,286,,,,,,,,,,
,,271,,,,,,,,,,
,,279,,,,,,,,,,
,,279,,,,,,,,,,
,,155,,,,,,,,,,
,,492,,,,,,,,,,
,,501,,,,,,,,,,
,,350,,,,,,,,,,
,,266,,,,,,,,,,
,,275,,,,,,,,,,
,,300,,,,,,,,,,
,,306,,,,,,,,,,
,,332,,,,,,,,,,
,,353,,,,,,,,,,
,,353,,,,,,,,,,
,,353,,,,,,,,,,
,,392,,,,,,,,,,
,,504,,,,,,,,,,
,,362,,,,,,,,,,
,,389,,,,,,,,,,
,,424,,,,,,,,,,
,,565,,,,,,,,,,
,,413,,,,,,,,,,
,,386,,,,,,,,,,
,,380,,,,,,,,,,
,,311,,,,,,,,,,
,,317,,,,,,,,,,
,,316,,,,,,,,,,
,,374,,,,,,,,,,
,,223,,,,,,,,,,
,,221,,,,,,,,,,
,,221,,,,,,,,,,
,,311,,,,,,,,,,
,,347,,,,,,,,,,
,,372,,,,,,,,,,
,,405,,,,,,,,,,
,,294,,,,,,,,,,
,,343,,,,,,,,,,
,,352,,,,,,,,,,
,,347,,,,,,,,,,
,,170,,,,,,,,,,
,,174,,,,,,,,,,
,,320,,,,,,,,,,
,,467,,,,,,,,,,
,,691,,,,,,,,,,
,,670,,,,,,,,,,
,,653,,,,,,,,,,
,,305,,,,,,,,,,
,,649,,,,,,,,,,
,,752,,,,,,,,,,
,,377,,,,,,,,,,
,,379,,,,,,,,,,
,,377,,,,,,,,,,
,,286,,,,,,,,,,
,,293,,,,,,,,,,
,,288,,,,,,,,,,
,,286,,,,,,,,,,
,,306,,,,,,,,,,
,,314,,,,,,,,,,
,,314,,,,,,,,,,
,,363,,,,,,,,,,
,,394,,,,,,,,,,
,,282,,,,,,,,,,
,,282,,,,,,,,,,
,,283,,,,,,,,,,
,,520,,,,,,,,,,
,,528,,,,,,,,,,
,,530,,,,,,,,,,
,,336,,,,,,,,,,
,,629,,,,,,,,,,
,,361,,,,,,,,,,
,,260,,,,,,,,,,
,,267,,,,,,,,,,
,,330,,,,,,,,,,
,,330,,,,,,,,,,
,,330,,,,,,,,,,
,,221,,,,,,,,,,
,,387,,,,,,,,,,
,,389,,,,,,,,,,
,,390,,,,,,,,,,
,,304,,,,,,,,,,
,,304,,,,,,,,,,
,,425,,,,,,,,,,
,,293,,,,,,,,,,
,,297,,,,,,,,,,
,,307,,,,,,,,,,
,,282,,,,,,,,,,
,,273,,,,,,,,,,
,,293,,,,,,,,,,
,,284,,,,,,,,,,
,,311,,,,,,,,,,
,,316,,,,,,,,,,
,,298,,,,,,,,,,
,,298,,,,,,,,,,
,,263,,,,,,,,,,
,,271,,,,,,,,,,
,,267,,,,,,,,,,
,,318,,,,,,,,,,
,,287,,,,,,,,,,
,,293,,,,,,,,,,
,,273,,,,,,,,,,
,,280,,,,,,,,,,
,,274,,,,,,,,,,
,,267,,,,,,,,,,
,,324,,,,,,,,,,
,,316,,,,,,,,,,
,,327,,,,,,,,,,
,,435,,,,,,,,,,
,,440,,,,,,,,,,
,,429,,,,,,,,,,
,,375,,,,,,,,,,
,,287,,,,,,,,,,
,,224,,,,,,,,,,
,,532,,,,,,,,,,
,,285,,,,,,,,,,
,,260,,,,,,,,,,
,,266,,,,,,,,,,
,,317,,,,,,,,,,
,,338,,,,,,,,,,
,,317,,,,,,,,,,
,,747,,,,,,,,,,
,,999,,,,,,,,,,
,,984,,,,,,,,,,
,,335,,,,,,,,,,
,,331,,,,,,,,,,
,,324,,,,,,,,,,
,,321,,,,,,,,,,
,,232,,,,,,,,,,
,,312,,,,,,,,,,
,,204,,,,,,,,,,
,,295,,,,,,,,,,
,,287,,,,,,,,,,
,,289,,,,,,,,,,
,,272,,,,,,,,,,
,,496,,,,,,,,,,
,,414,,,,,,,,,,
,,414,,,,,,,,,,
,,412,,,,,,,,,,
,,163,,,,,,,,,,
,,386,,,,,,,,,,
,,390,,,,,,,,,,
,,147,,,,,,,,,,
,,308,,,,,,,,,,
,,204,,,,,,,,,,
,,205,,,,,,,,,,
,,426,,,,,,,,,,
,,288,,,,,,,,,,
,,266,,,,,,,,,,
,,273,,,,,,,,,,
,,210,,,,,,,,,,
,,230,,,,,,,,,,
,,295,,,,,,,,,,
,,440,,,,,,,,,,
,,230,,,,,,,,,,
,,235,,,,,,,,,,
,,236,,,,,,,,,,
,,422,,,,,,,,,,
,,192,,,,,,,,,,
,,352,,,,,,,,,,
,,448,,,,,,,,,,
,,448,,,,,,,,,,
,,319,,,,,,,,,,
,,374,,,,,,,,,,
,,387,,,,,,,,,,
,,361,,,,,,,,,,
,,365,,,,,,,,,,
,,255,,,,,,,,,,
,,255,,,,,,,,,,
,,256,,,,,,,,,,
,,254,,,,,,,,,,
,,411,,,,,,,,,,
,,210,,,,,,,,,,
,,210,,,,,,,,,,
,,211,,,,,,,,,,
,,259,,,,,,,,,,
,,250,,,,,,,,,,
,,251,,,,,,,,,,
,,540,,,,,,,,,,
,,483,,,,,,,,,,
,,486,,,,,,,,,,
,,288,,,,,,,,,,
,,297,,,,,,,,,,
,,298,,,,,,,,,,
,,246,,,,,,,,,,
,,289,,,,,,,,,,
,,277,,,,,,,,,,
,,267,,,,,,,,,,
,,313,,,,,,,,,,
,,297,,,,,,,,,,
,,295,,,,,,,,,,
,,303,,,,,,,,,,
,,453,,,,,,,,,,
,,303,,,,,,,,,,
,,305,,,,,,,,,,
,,295,,,,,,,,,,
,,295,,,,,,,,,,
,,218,,,,,,,,,,
,,212,,,,,,,,,,
,,218,,,,,,,,,,
,,237,,,,,,,,,,
,,278,,,,,,,,,,
,,247,,,,,,,,,,
,,255,,,,,,,,,,
,,255,,,,,,,,,,
,,256,,,,,,,,,,
,,282,,,,,,,,,,
,,287,,,,,,,,,,
,,245,,,,,,,,,,
,,238,,,,,,,,,,
,,240,,,,,,,,,,
,,303,,,,,,,,,,
,,312,,,,,,,,,,
,,324,,,,,,,,,,
,,229,,,,,,,,,,
,,276,,,,,,,,,,
,,321,,,,,,,,,,
,,202,,,,,,,,,,
,,73,,,,,,,,,,
,,241,,,,,,,,,,
,,251,,,,,,,,,,
,,247,,,,,,,,,,
,,313,,,,,,,,,,
,,443,,,,,,,,,,
,,439,,,,,,,,,,
,,455,,,,,,,,,,
,,272,,,,,,,,,,
,,279,,,,,,,,,,
,,540,,,,,,,,,,
,,332,,,,,,,,,,
,,293,,,,,,,,,,
,,583,,,,,,,,,,
,,453,,,,,,,,,,
,,219,,,,,,,,,,
,,314,,,,,,,,,,
,,425,,,,,,,,,,
,,418,,,,,,,,,,
,,410,,,,,,,,,,
,,278,,,,,,,,,,
,,333,,,,,,,,,,
,,345,,,,,,,,,,
,,345,,,,,,,,,,
,,474,,,,,,,,,,
,,320,,,,,,,,,,
,,315,,,,,,,,,,
,,279,,,,,,,,,,
,,287,,,,,,,,,,
,,223,,,,,,,,,,
,,223,,,,,,,,,,
,,225,,,,,,,,,,
,,273,,,,,,,,,,
,,224,,,,,,,,,,
,,248,,,,,,,,,,
,,197,,,,,,,,,,
,,246,,,,,,,,,,
,,318,,,,,,,,,,
,,135,,,,,,,,,,
,,506,,,,,,,,,,
,,290,,,,,,,,,,
,,299,,,,,,,,,,
,,296,,,,,,,,,,
,,363,,,,,,,,,,
,,433,,,,,,,,,,
,,308,,,,,,,,,,
,,319,,,,,,,,,,
,,290,,,,,,,,,,
,,279,,,,,,,,,,
,,419,,,,,,,,,,
,,267,,,,,,,,,,
,,230,,,,,,,,,,
,,527,,,,,,,,,,
,,516,,,,,,,,,,
,,519,,,,,,,,,,
,,134,,,,,,,,,,
,,387,,,,,,,,,,
,,209,,,,,,,,,,
,,212,,,,,,,,,,
,,220,,,,,,,,,,
,,359,,,,,,,,,,
,,258,,,,,,,,,,
,,251,,,,,,,,,,
,,302,,,,,,,,,,
,,285,,,,,,,,,,
,,305,,,,,,,,,,
,,305,,,,,,,,,,
,,240,,,,,,,,,,
,,262,,,,,,,,,,
,,235,,,,,,,,,,
,,242,,,,,,,,,,
,,240,,,,,,,,,,
,,283,,,,,,,,,,
,,289,,,,,,,,,,
,,286,,,,,,,,,,
,,123,,,,,,,,,,
,,127,,,,,,,,,,
,,128,,,,,,,,,,
,,253,,,,,,,,,,
,,411,,,,,,,,,,
,,415,,,,,,,,,,
,,411,,,,,,,,,,
,,196,,,,,,,,,,
,,265,,,,,,,,,,
,,369,,,,,,,,,,
,,392,,,,,,,,,,
,,388,,,,,,,,,,
,,263,,,,,,,,,,
,,269,,,,,,,,,,
,,780,,,,,,,,,,
,,198,,,,,,,,,,
,,261,,,,,,,,,,
,,270,,,,,,,,,,
,,340,,,,,,,,,,
,,169,,,,,,,,,,
,,297,,,,,,,,,,
,,304,,,,,,,,,,
,,374,,,,,,,,,,
,,517,,,,,,,,,,
,,514,,,,,,,,,,
,,415,,,,,,,,,,
,,411,,,,,,,,,,
,,279,,,,,,,,,,
,,262,,,,,,,,,,
,,205,,,,,,,,,,
,,60,,,,,,,,,,
,,62,,,,,,,,,,
,,302,,,,,,,,,,
,,192,,,,,,,,,,
,,243,,,,,,,,,,
,,326,,,,,,,,,,
,,318,,,,,,,,,,
,,429,,,,,,,,,,
,,252,,,,,,,,,,
,,231,,,,,,,,,,
,,231,,,,,,,,,,
,,247,,,,,,,,,,
,,139,,,,,,,,,,
,,291,,,,,,,,,,
,,287,,,,,,,,,,
,,280,,,,,,,,,,
,,286,,,,,,,,,,
,,277,,,,,,,,,,
,,279,,,,,,,,,,
,,1493,,,,,,,,,,
,,322,,,,,,,,,,
,,339,,,,,,,,,,
,,296,,,,,,,,,,
,,300,,,,,,,,,,
,,609,,,,,,,,,,
,,612,,,,,,,,,,
,,600,,,,,,,,,,
,,264,,,,,,,,,,
,,273,,,,,,,,,,
,,273,,,,,,,,,,
,,370,,,,,,,,,,
,,1030,,,,,,,,,,
,,452,,,,,,,,,,
,,452,,,,,,,,,,
,,455,,,,,,,,,,
,,289,,,,,,,,,,
,,287,,,,,,,,,,
,,289,,,,,,,,,,
,,813,,,,,,,,,,
,,816,,,,,,,,,,
,,885,,,,,,,,,,
,,275,,,,,,,,,,
,,283,,,,,,,,,,
,,283,,,,,,,,,,
,,435,,,,,,,,,,
,,609,,,,,,,,,,
,,344,,,,,,,,,,
,,397,,,,,,,,,,
,,174,,,,,,,,,,
,,357,,,,,,,,,,
,,320,,,,,,,,,,
,,328,,,,,,,,,,
,,336,,,,,,,,,,
,,338,,,,,,,,,,
,,235,,,,,,,,,,
,,262,,,,,,,,,,
,,310,,,,,,,,,,
,,310,,,,,,,,,,
,,119,,,,,,,,,,
,,125,,,,,,,,,,
,,266,,,,,,,,,,
,,246,,,,,,,,,,
,,203,,,,,,,,,,
,,203,,,,,,,,,,
,,312,,,,,,,,,,
,,318,,,,,,,,,,
,,313,,,,,,,,,,
,,310,,,,,,,,,,
,,323,,,,,,,,,,
,,333,,,,,,,,,,
,,345,,,,,,,,,,
,,274,,,,,,,,,,
,,271,,,,,,,,,,
,,338,,,,,,,,,,
,,119,,,,,,,,,,
,,291,,,,,,,,,,
,,290,,,,,,,,,,
,,279,,,,,,,,,,
,,277,,,,,,,,,,
,,325,,,,,,,,,,
,,400,,,,,,,,,,
,,404,,,,,,,,,,
,,406,,,,,,,,,,
,,229,,,,,,,,,,
,,236,,,,,,,,,,
,,246,,,,,,,,,,
,,256,,,,,,,,,,
,,262,,,,,,,,,,
,,261,,,,,,,,,,
,,245,,,,,,,,,,
,,430,,,,,,,,,,
,,367,,,,,,,,,,
,,199,,,,,,,,,,
,,206,,,,,,,,,,
,,317,,,,,,,,,,
,,326,,,,,,,,,,
,,328,,,,,,,,,,
,,330,,,,,,,,,,
,,345,,,,,,,,,,
,,379,,,,,,,,,,
,,327,,,,,,,,,,
,,329,,,,,,,,,,
,,311,,,,,,,,,,
,,269,,,,,,,,,,
,,279,,,,,,,,,,
,,280,,,,,,,,,,
,,353,,,,,,,,,,
,,357,,,,,,,,,,
,,263,,,,,,,,,,
,,467,,,,,,,,,,
,,349,,,,,,,,,,
,,224,,,,,,,,,,
,,231,,,,,,,,,,
,,910,,,,,,,,,,
,,919,,,,,,,,,,
,,901,,,,,,,,,,
,,185,,,,,,,,,,
,,191,,,,,,,,,,
,,194,,,,,,,,,,
,,198,,,,,,,,,,
,,327,,,,,,,,,,
,,352,,,,,,,,,,
,,273,,,,,,,,,,
,,282,,,,,,,,,,
,,288,,,,,,,,,,
,,224,,,,,,,,,,
,,235,,,,,,,,,,
,,274,,,,,,,,,,
,,335,,,,,,,,,,
,,707,,,,,,,,,,
,,278,,,,,,,,,,
,,308,,,,,,,,,,
,,595,,,,,,,,,,
,,589,,,,,,,,,,
,,226,,,,,,,,,,
,,117,,,,,,,,,,
,,248,,,,,,,,,,
,,271,,,,,,,,,,
,,299,,,,,,,,,,
,,175,,,,,,,,,,
,,346,,,,,,,,,,
,,269,,,,,,,,,,
,,265,,,,,,,,,,
,,388,,,,,,,,,,
,,401,,,,,,,,,,
,,311,,,,,,,,,,
,,321,,,,,,,,,,
,,318,,,,,,,,,,
,,316,,,,,,,,,,
,,314,,,,,,,,,,
,,316,,,,,,,,,,
,,165,,,,,,,,,,
,,170,,,,,,,,,,
,,687,,,,,,,,,,
,,687,,,,,,,,,,
,,300,,,,,,,,,,
,,300,,,,,,,,,,
,,284,,,,,,,,,,
,,350,,,,,,,,,,
,,292,,,,,,,,,,
,,435,,,,,,,,,,
,,225,,,,,,,,,,
,,232,,,,,,,,,,
,,299,,,,,,,,,,
,,301,,,,,,,,,,
,,256,,,,,,,,,,
,,262,,,,,,,,,,
,,266,,,,,,,,,,
,,253,,,,,,,,,,
,,257,,,,,,,,,,
,,418,,,,,,,,,,
,,277,,,,,,,,,,
,,339,,,,,,,,,,
,,446,,,,,,,,,,
,,273,,,,,,,,,,
,,279,,,,,,,,,,
,,174,,,,,,,,,,
,,174,,,,,,,,,,
,,236,,,,,,,,,,
,,245,,,,,,,,,,
,,234,,,,,,,,,,
,,218,,,,,,,,,,
,,162,,,,,,,,,,
,,415,,,,,,,,,,
,,419,,,,,,,,,,
,,244,,,,,,,,,,
,,200,,,,,,,,,,
,,394,,,,,,,,,,
,,408,,,,,,,,,,
,,408,,,,,,,,,,
,,356,,,,,,,,,,
,,368,,,,,,,,,,
,,264,,,,,,,,,,
,,267,,,,,,,,,,
,,400,,,,,,,,,,
,,229,,,,,,,,,,
,,273,,,,,,,,,,
,,277,,,,,,,,,,
,,250,,,,,,,,,,
,,228,,,,,,,,,,
,,293,,,,,,,,,,
,,312,,,,,,,,,,
,,298,,,,,,,,,,
,,151,,,,,,,,,,
,,161,,,,,,,,,,
,,167,,,,,,,,,,
,,466,,,,,,,,,,
,,249,,,,,,,,,,
,,247,,,,,,,,,,
,,207,,,,,,,,,,
,,209,,,,,,,,,,
,,210,,,,,,,,,,
,,296,,,,,,,,,,
,,304,,,,,,,,,,
,,437,,,,,,,,,,
,,324,,,,,,,,,,
,,318,,,,,,,,,,
,,323,,,,,,,,,,
,,435,,,,,,,,,,
,,294,,,,,,,,,,
,,304,,,,,,,,,,
,,333,,,,,,,,,,
,,675,,,,,,,,,,
,,257,,,,,,,,,,
,,257,,,,,,,,,,
,,267,,,,,,,,,,
,,275,,,,,,,,,,
,,251,,,,,,,,,,
,,259,,,,,,,,,,
,,277,,,,,,,,,,
,,284,,,,,,,,,,
,,264,,,,,,,,,,
,,345,,,,,,,,,,
,,294,,,,,,,,,,
,,322,,,,,,,,,,
,,330,,,,,,,,,,
,,225,,,,,,,,,,
,,280,,,,,,,,,,
,,372,,,,,,,,,,
,,379,,,,,,,,,,
,,339,,,,,,,,,,
,,346,,,,,,,,,,
,,497,,,,,,,,,,
,,277,,,,,,,,,,
,,269,,,,,,,,,,
,,253,,,,,,,,,,
,,261,,,,,,,,,,
,,312,,,,,,,,,,
,,313,,,,,,,,,,
,,312,,,,,,,,,,
,,323,,,,,,,,,,
,,323,,,,,,,,,,
,,323,,,,,,,,,,
,,219,,,,,,,,,,
,,220,,,,,,,,,,
,,227,,,,,,,,,,
,,236,,,,,,,,,,
,,241,,,,,,,,,,
,,255,,,,,,,,,,
,,263,,,,,,,,,,
,,248,,,,,,,,,,
,,323,,,,,,,,,,
,,323,,,,,,,,,,
,,324,,,,,,,,,,
,,360,,,,,,,,,,
,,367,,,,,,,,,,
,,375,,,,,,,,,,
,,272,,,,,,,,,,
,,277,,,,,,,,,,
,,279,,,,,,,,,,
,,278,,,,,,,,,,
,,360,,,,,,,,,,
,,360,,,,,,,,,,
,,233,,,,,,,,,,
,,232,,,,,,,,,,
,,234,,,,,,,,,,
,,297,,,,,,,,,,
,,276,,,,,,,,,,
,,276,,,,,,,,,,
,,315,,,,,,,,,,
,,326,,,,,,,,,,
,,226,,,,,,,,,,
,,233,,,,,,,,,,
,,234,,,,,,,,,,
,,196,,,,,,,,,,
,,204,,,,,,,,,,
,,329,,,,,,,,,,
,,337,,,,,,,,,,
,,332,,,,,,,,,,
,,527,,,,,,,,,,
,,249,,,,,,,,,,
,,300,,,,,,,,,,
,,245,,,,,,,,,,
,,233,,,,,,,,,,
,,238,,,,,,,,,,
,,228,,,,,,,,,,
,,222,,,,,,,,,,
,,222,,,,,,,,,,
,,223,,,,,,,,,,
,,562,,,,,,,,,,
,,582,,,,,,,,,,
,,538,,,,,,,,,,
,,355,,,,,,,,,,
,,262,,,,,,,,,,
,,432,,,,,,,,,,
,,432,,,,,,,,,,
,,432,,,,,,,,,,
,,414,,,,,,,,,,
,,347,,,,,,,,,,
,,353,,,,,,,,,,
,,349,,,,,,,,,,
,,258,,,,,,,,,,
,,274,,,,,,,,,,
,,201,,,,,,,,,,
,,205,,,,,,,,,,
,,394,,,,,,,,,,
,,404,,,,,,,,,,
,,406,,,,,,,,,,
,,355,,,,,,,,,,
,,385,,,,,,,,,,
,,331,,,,,,,,,,
,,436,,,,,,,,,,
,,358,,,,,,,,,,
,,278,,,,,,,,,,
,,280,,,,,,,,,,
,,321,,,,,,,,,,
,,294,,,,,,,,,,
,,324,,,,,,,,,,
,,322,,,,,,,,,,
,,324,,,,,,,,,,
,,214,,,,,,,,,,
,,661,,,,,,,,,,
,,668,,,,,,,,,,
,,668,,,,,,,,,,
,,791,,,,,,,,,,
,,518,,,,,,,,,,
,,222,,,,,,,,,,
,,363,,,,,,,,,,
,,532,,,,,,,,,,
,,540,,,,,,,,,,
,,526,,,,,,,,,,
,,516,,,,,,,,,,
,,413,,,,,,,,,,
,,438,,,,,,,,,,
,,265,,,,,,,,,,
,,270,,,,,,,,,,
,,255,,,,,,,,,,
,,442,,,,,,,,,,
,,477,,,,,,,,,,
,,302,,,,,,,,,,
,,311,,,,,,,,,,
,,311,,,,,,,,,,
,,279,,,,,,,,,,
,,281,,,,,,,,,,
,,286,,,,,,,,,,
,,309,,,,,,,,,,
,,299,,,,,,,,,,
,,159,,,,,,,,,,
,,232,,,,,,,,,,
,,278,,,,,,,,,,
,,286,,,,,,,,,,
,,268,,,,,,,,,,
,,269,,,,,,,,,,
,,522,,,,,,,,,,
,,269,,,,,,,,,,
,,320,,,,,,,,,,
,,201,,,,,,,,,,
,,203,,,,,,,,,,
,,244,,,,,,,,,,
,,289,,,,,,,,,,
,,299,,,,,,,,,,
,,299,,,,,,,,,,
,,228,,,,,,,,,,
,,232,,,,,,,,,,
,,236,,,,,,,,,,
,,446,,,,,,,,,,
,,415,,,,,,,,,,
,,280,,,,,,,,,,
,,270,,,,,,,,,,
,,140,,,,,,,,,,
,,212,,,,,,,,,,
,,314,,,,,,,,,,
,,239,,,,,,,,,,
,,241,,,,,,,,,,
,,242,,,,,,,,,,
,,334,,,,,,,,,,
,,341,,,,,,,,,,
,,269,,,,,,,,,,
,,281,,,,,,,,,,
,,418,,,,,,,,,,
,,283,,,,,,,,,,
,,290,,,,,,,,,,
,,290,,,,,,,,,,
,,291,,,,,,,,,,
,,213,,,,,,,,,,
,,219,,,,,,,,,,
,,379,,,,,,,,,,
,,454,,,,,,,,,,
,,903,,,,,,,,,,
,,262,,,,,,,,,,
,,263,,,,,,,,,,
,,271,,,,,,,,,,
,,271,,,,,,,,,,
,,293,,,,,,,,,,
,,303,,,,,,,,,,
,,303,,,,,,,,,,
,,365,,,,,,,,,,
,,837,,,,,,,,,,
,,659,,,,,,,,,,
,,328,,,,,,,,,,
,,328,,,,,,,,,,
,,324,,,,,,,,,,
,,447,,,,,,,,,,
,,516,,,,,,,,,,
,,668,,,,,,,,,,
,,548,,,,,,,,,,
,,374,,,,,,,,,,
,,408,,,,,,,,,,
,,533,,,,,,,,,,
,,287,,,,,,,,,,
,,296,,,,,,,,,,
,,319,,,,,,,,,,
,,728,,,,,,,,,,
,,873,,,,,,,,,,
,,338,,,,,,,,,,
,,376,,,,,,,,,,
,,423,,,,,,,,,,
,,296,,,,,,,,,,
,,301,,,,,,,,,,
,,297,,,,,,,,,,
,,387,,,,,,,,,,
,,416,,,,,,,,,,
,,410,,,,,,,,,,
,,324,,,,,,,,,,
,,324,,,,,,,,,,
,,325,,,,,,,,,,
,,503,,,,,,,,,,
,,493,,,,,,,,,,
,,474,,,,,,,,,,
,,308,,,,,,,,,,
,,345,,,,,,,,,,
,,353,,,,,,,,,,
,,355,,,,,,,,,,
,,309,,,,,,,,,,
,,309,,,,,,,,,,
,,309,,,,,,,,,,
,,311,,,,,,,,,,
,,474,,,,,,,,,,
,,161,,,,,,,,,,
,,158,,,,,,,,,,
,,159,,,,,,,,,,
,,213,,,,,,,,,,
,,221,,,,,,,,,,
,,221,,,,,,,,,,
,,219,,,,,,,,,,
,,136,,,,,,,,,,
,,270,,,,,,,,,,
,,274,,,,,,,,,,
,,274,,,,,,,,,,
,,373,,,,,,,,,,
,,368,,,,,,,,,,
,,268,,,,,,,,,,
,,309,,,,,,,,,,
,,309,,,,,,,,,,
,,311,,,,,,,,,,
,,353,,,,,,,,,,
,,514,,,,,,,,,,
,,519,,,,,,,,,,
,,537,,,,,,,,,,
,,234,,,,,,,,,,
,,290,,,,,,,,,,
,,291,,,,,,,,,,
,,524,,,,,,,,,,
,,293,,,,,,,,,,
,,336,,,,,,,,,,
,,359,,,,,,,,,,
,,359,,,,,,,,,,
,,310,,,,,,,,,,
,,316,,,,,,,,,,
,,316,,,,,,,,,,
,,336,,,,,,,,,,
,,346,,,,,,,,,,
,,342,,,,,,,,,,
,,697,,,,,,,,,,
,,697,,,,,,,,,,
,,295,,,,,,,,,,
,,304,,,,,,,,,,
,,306,,,,,,,,,,
,,262,,,,,,,,,,
,,244,,,,,,,,,,
,,456,,,,,,,,,,
,,525,,,,,,,,,,
,,526,,,,,,,,,,
,,264,,,,,,,,,,
,,293,,,,,,,,,,
,,291,,,,,,,,,,
,,356,,,,,,,,,,
,,361,,,,,,,,,,
,,333,,,,,,,,,,
,,479,,,,,,,,,,
,,486,,,,,,,,,,
,,477,,,,,,,,,,
,,337,,,,,,,,,,
,,371,,,,,,,,,,
,,415,,,,,,,,,,
,,546,,,,,,,,,,
,,543,,,,,,,,,,
,,336,,,,,,,,,,
,,306,,,,,,,,,,
,,309,,,,,,,,,,
,,306,,,,,,,,,,
,,310,,,,,,,,,,
,,319,,,,,,,,,,
,,314,,,,,,,,,,
,,334,,,,,,,,,,
,,247,,,,,,,,,,
,,258,,,,,,,,,,
,,259,,,,,,,,,,
,,295,,,,,,,,,,
,,360,,,,,,,,,,
,,510,,,,,,,,,,
,,593,,,,,,,,,,
,,596,,,,,,,,,,
,,423,,,,,,,,,,
,,252,,,,,,,,,,
,,252,,,,,,,,,,
,,253,,,,,,,,,,
,,100,,,,,,,,,,
,,306,,,,,,,,,,
,,308,,,,,,,,,,
,,63,,,,,,,,,,
,,250,,,,,,,,,,
,,241,,,,,,,,,,
,,248,,,,,,,,,,
,,345,,,,,,,,,,
,,352,,,,,,,,,,
,,296,,,,,,,,,,
,,284,,,,,,,,,,
,,284,,,,,,,,,,
,,268,,,,,,,,,,
,,254,,,,,,,,,,
,,255,,,,,,,,,,
,,279,,,,,,,,,,
,,298,,,,,,,,,,
,,299,,,,,,,,,,
,,414,,,,,,,,,,
,,445,,,,,,,,,,
,,507,,,,,,,,,,
,,341,,,,,,,,,,
,,681,,,,,,,,,,
,,1017,,,,,,,,,,
,,681,,,,,,,,,,
,,342,,,,,,,,,,
,,346,,,,,,,,,,
,,342,,,,,,,,,,
,,327,,,,,,,,,,
,,343,,,,,,,,,,
,,345,,,,,,,,,,
,,614,,,,,,,,,,
,,617,,,,,,,,,,
,,275,,,,,,,,,,
,,286,,,,,,,,,,
,,301,,,,,,,,,,
,,309,,,,,,,,,,
,,253,,,,,,,,,,
,,218,,,,,,,,,,
,,218,,,,,,,,,,
,,327,,,,,,,,,,
,,328,,,,,,,,,,
,,272,,,,,,,,,,
,,277,,,,,,,,,,
,,319,,,,,,,,,,
,,322,,,,,,,,,,
,,337,,,,,,,,,,
,,323,,,,,,,,,,
,,324,,,,,,,,,,
,,437,,,,,,,,,,
,,243,,,,,,,,,,
,,251,,,,,,,,,,
,,321,,,,,,,,,,
,,332,,,,,,,,,,
,,528,,,,,,,,,,
,,528,,,,,,,,,,
,,539,,,,,,,,,,
,,528,,,,,,,,,,
,,576,,,,,,,,,,
,,564,,,,,,,,,,
,,638,,,,,,,,,,
,,244,,,,,,,,,,
,,244,,,,,,,,,,
,,273,,,,,,,,,,
,,448,,,,,,,,,,
,,342,,,,,,,,,,
,,433,,,,,,,,,,
,,460,,,,,,,,,,
,,311,,,,,,,,,,
,,322,,,,,,,,,,
,,599,,,,,,,,,,
,,263,,,,,,,,,,
,,334,,,,,,,,,,
,,341,,,,,,,,,,
,,343,,,,,,,,,,
,,293,,,,,,,,,,
,,155,,,,,,,,,,
,,266,,,,,,,,,,
,,276,,,,,,,,,,
,,283,,,,,,,,,,
,,693,,,,,,,,,,
,,272,,,,,,,,,,
,,274,,,,,,,,,,
,,332,,,,,,,,,,
,,328,,,,,,,,,,
,,268,,,,,,,,,,
,,274,,,,,,,,,,
,,283,,,,,,,,,,
,,290,,,,,,,,,,
,,169,,,,,,,,,,
,,261,,,,,,,,,,
,,273,,,,,,,,,,
,,270,,,,,,,,,,
,,270,,,,,,,,,,
,,286,,,,,,,,,,
,,277,,,,,,,,,,
,,281,,,,,,,,,,
,,286,,,,,,,,,,
,,230,,,,,,,,,,
,,239,,,,,,,,,,
,,342,,,,,,,,,,
,,659,,,,,,,,,,
,,676,,,,,,,,,,
,,679,,,,,,,,,,
,,293,,,,,,,,,,
,,319,,,,,,,,,,
,,264,,,,,,,,,,
,,284,,,,,,,,,,
,,296,,,,,,,,,,
,,423,,,,,,,,,,
,,253,,,,,,,,,,
,,260,,,,,,,,,,
,,385,,,,,,,,,,
,,393,,,,,,,,,,
,,324,,,,,,,,,,
,,336,,,,,,,,,,
,,333,,,,,,,,,,
,,302,,,,,,,,,,
,,287,,,,,,,,,,
,,289,,,,,,,,,,
,,459,,,,,,,,,,
,,357,,,,,,,,,,
,,357,,,,,,,,,,
,,357,,,,,,,,,,
,,617,,,,,,,,,,
,,642,,,,,,,,,,
,,645,,,,,,,,,,
,,241,,,,,,,,,,
,,218,,,,,,,,,,
,,312,,,,,,,,,,
,,320,,,,,,,,,,
,,261,,,,,,,,,,
,,266,,,,,,,,,,
,,264,,,,,,,,,,
,,306,,,,,,,,,,
,,329,,,,,,,,,,
,,439,,,,,,,,,,
,,262,,,,,,,,,,
,,272,,,,,,,,,,
,,283,,,,,,,,,,
,,192,,,,,,,,,,
,,192,,,,,,,,,,
,,192,,,,,,,,,,
,,193,,,,,,,,,,
,,332,,,,,,,,,,
,,320,,,,,,,,,,
,,313,,,,,,,,,,
,,233,,,,,,,,,,
,,242,,,,,,,,,,
,,418,,,,,,,,,,
,,491,,,,,,,,,,
,,493,,,,,,,,,,
,,312,,,,,,,,,,
,,275,,,,,,,,,,
,,277,,,,,,,,,,
,,275,,,,,,,,,,
,,433,,,,,,,,,,
,,562,,,,,,,,,,
,,333,,,,,,,,,,
,,333,,,,,,,,,,
,,304,,,,,,,,,,
,,188,,,,,,,,,,
,,301,,,,,,,,,,
,,1476,,,,,,,,,,
,,189,,,,,,,,,,
,,195,,,,,,,,,,
,,384,,,,,,,,,,
,,409,,,,,,,,,,
,,384,,,,,,,,,,
,,266,,,,,,,,,,
,,269,,,,,,,,,,
,,277,,,,,,,,,,
,,270,,,,,,,,,,
,,271,,,,,,,,,,
,,271,,,,,,,,,,
,,223,,,,,,,,,,
,,223,,,,,,,,,,
,,483,,,,,,,,,,
,,393,,,,,,,,,,
,,231,,,,,,,,,,
,,515,,,,,,,,,,
,,288,,,,,,,,,,
,,275,,,,,,,,,,
,,178,,,,,,,,,,
,,408,,,,,,,,,,
,,342,,,,,,,,,,
,,375,,,,,,,,,,
,,405,,,,,,,,,,
,,355,,,,,,,,,,
,,353,,,,,,,,,,
,,240,,,,,,,,,,
,,216,,,,,,,,,,
,,218,,,,,,,,,,
,,409,,,,,,,,,,
,,370,,,,,,,,,,
,,396,,,,,,,,,,
,,412,,,,,,,,,,
,,199,,,,,,,,,,
,,209,,,,,,,,,,
,,210,,,,,,,,,,
,,436,,,,,,,,,,
,,459,,,,,,,,,,
,,464,,,,,,,,,,
,,213,,,,,,,,,,
,,339,,,,,,,,,,
,,259,,,,,,,,,,
,,303,,,,,,,,,,
,,305,,,,,,,,,,
,,426,,,,,,,,,,
,,423,,,,,,,,,,
,,427,,,,,,,,,,
,,319,,,,,,,,,,
,,330,,,,,,,,,,
,,325,,,,,,,,,,
,,123,,,,,,,,,,
,,285,,,,,,,,,,
,,432,,,,,,,,,,
,,434,,,,,,,,,,
,,233,,,,,,,,,,
,,240,,,,,,,,,,
,,237,,,,,,,,,,
,,108,,,,,,,,,,
,,217,,,,,,,,,,
,,208,,,,,,,,,,
,,303,,,,,,,,,,
,,464,,,,,,,,,,
,,388,,,,,,,,,,
,,344,,,,,,,,,,
,,349,,,,,,,,,,
,,343,,,,,,,,,,
,,453,,,,,,,,,,
,,453,,,,,,,,,,
,,460,,,,,,,,,,
,,340,,,,,,,,,,
,,217,,,,,,,,,,
,,221,,,,,,,,,,
,,195,,,,,,,,,,
,,132,,,,,,,,,,
,,244,,,,,,,,,,
,,246,,,,,,,,,,
,,268,,,,,,,,,,
,,270,,,,,,,,,,
,,325,,,,,,,,,,
,,306,,,,,,,,,,
,,536,,,,,,,,,,
,,306,,,,,,,,,,
,,299,,,,,,,,,,
,,244,,,,,,,,,,
,,245,,,,,,,,,,
,,408,,,,,,,,,,
,,209,,,,,,,,,,
,,246,,,,,,,,,,
,,244,,,,,,,,,,
,,244,,,,,,,,,,
,,247,,,,,,,,,,
,,254,,,,,,,,,,
,,250,,,,,,,,,,
,,248,,,,,,,,,,
,,200,,,,,,,,,,
,,204,,,,,,,,,,
,,264,,,,,,,,,,
,,273,,,,,,,,,,
,,273,,,,,,,,,,
,,240,,,,,,,,,,
,,576,,,,,,,,,,
,,190,,,,,,,,,,
,,306,,,,,,,,,,
,,310,,,,,,,,,,
,,392,,,,,,,,,,
,,255,,,,,,,,,,
,,263,,,,,,,,,,
,,259,,,,,,,,,,
,,256,,,,,,,,,,
,,456,,,,,,,,,,
,,458,,,,,,,,,,
,,334,,,,,,,,,,
,,245,,,,,,,,,,
,,268,,,,,,,,,,
,,375,,,,,,,,,,
,,208,,,,,,,,,,
,,379,,,,,,,,,,
,,413,,,,,,,,,,
,,407,,,,,,,,,,
,,556,,,,,,,,,,
,,425,,,,,,,,,,
,,418,,,,,,,,,,
,,416,,,,,,,,,,
,,207,,,,,,,,,,
,,208,,,,,,,,,,
,,199,,,,,,,,,,
,,386,,,,,,,,,,
,,259,,,,,,,,,,
,,426,,,,,,,,,,
,,426,,,,,,,,,,
,,398,,,,,,,,,,
,,319,,,,,,,,,,
,,331,,,,,,,,,,
,,160,,,,,,,,,,
,,367,,,,,,,,,,
,,261,,,,,,,,,,
,,356,,,,,,,,,,
,,348,,,,,,,,,,
,,618,,,,,,,,,,
,,258,,,,,,,,,,
,,265,,,,,,,,,,
,,267,,,,,,,,,,
,,417,,,,,,,,,,
,,229,,,,,,,,,,
,,372,,,,,,,,,,
,,325,,,,,,,,,,
,,313,,,,,,,,,,
,,337,,,,,,,,,,
,,348,,,,,,,,,,
,,307,,,,,,,,,,
,,325,,,,,,,,,,
,,443,,,,,,,,,,
,,294,,,,,,,,,,
,,278,,,,,,,,,,
,,278,,,,,,,,,,
,,366,,,,,,,,,,
,,374,,,,,,,,,,
,,297,,,,,,,,,,
,,268,,,,,,,,,,
,,268,,,,,,,,,,
,,257,,,,,,,,,,
,,222,,,,,,,,,,
,,302,,,,,,,,,,
,,302,,,,,,,,,,
,,302,,,,,,,,,,
,,254,,,,,,,,,,
,,242,,,,,,,,,,
,,239,,,,,,,,,,
,,452,,,,,,,,,,
,,442,,,,,,,,,,
,,442,,,,,,,,,,
,,241,,,,,,,,,,
,,243,,,,,,,,,,
,,243,,,,,,,,,,
,,367,,,,,,,,,,
,,369,,,,,,,,,,
,,203,,,,,,,,,,
,,484,,,,,,,,,,
,,474,,,,,,,,,,
,,275,,,,,,,,,,
,,222,,,,,,,,,,
,,229,,,,,,,,,,
,,227,,,,,,,,,,
,,424,,,,,,,,,,
,,455,,,,,,,,,,
,,273,,,,,,,,,,
,,269,,,,,,,,,,
,,194,,,,,,,,,,
,,269,,,,,,,,,,
,,269,,,,,,,,,,
,,271,,,,,,,,,,
,,279,,,,,,,,,,
,,266,,,,,,,,,,
,,267,,,,,,,,,,
,,282,,,,,,,,,,
,,282,,,,,,,,,,
,,283,,,,,,,,,,
,,357,,,,,,,,,,
,,458,,,,,,,,,,
,,458,,,,,,,,,,
,,453,,,,,,,,,,
,,294,,,,,,,,,,
,,732,,,,,,,,,,
,,689,,,,,,,,,,
,,722,,,,,,,,,,
,,225,,,,,,,,,,
,,241,,,,,,,,,,
,,227,,,,,,,,,,
,,276,,,,,,,,,,
,,273,,,,,,,,,,
,,268,,,,,,,,,,
,,251,,,,,,,,,,
,,380,,,,,,,,,,
,,388,,,,,,,,,,
,,261,,,,,,,,,,
,,266,,,,,,,,,,
,,264,,,,,,,,,,
,,292,,,,,,,,,,
,,292,,,,,,,,,,
,,289,,,,,,,,,,
,,226,,,,,,,,,,
,,231,,,,,,,,,,
,,597,,,,,,,,,,
,,266,,,,,,,,,,
,,274,,,,,,,,,,
,,284,,,,,,,,,,
,,195,,,,,,,,,,
,,260,,,,,,,,,,
,,255,,,,,,,,,,
,,266,,,,,,,,,,
,,265,,,,,,,,,,
,,276,,,,,,,,,,
,,272,,,,,,,,,,
,,350,,,,,,,,,,
,,279,,,,,,,,,,
,,271,,,,,,,,,,
,,269,,,,,,,,,,
,,264,,,,,,,,,,
,,510,,,,,,,,,,
,,397,,,,,,,,,,
,,393,,,,,,,,,,
,,340,,,,,,,,,,
,,342,,,,,,,,,,
,,337,,,,,,,,,,
,,252,,,,,,,,,,
,,260,,,,,,,,,,
,,265,,,,,,,,,,
,,263,,,,,,,,,,
,,566,,,,,,,,,,
,,286,,,,,,,,,,
,,304,,,,,,,,,,
,,332,,,,,,,,,,
,,239,,,,,,,,,,
,,232,,,,,,,,,,
,,225,,,,,,,,,,
,,193,,,,,,,,,,
,,183,,,,,,,,,,
,,169,,,,,,,,,,
,,461,,,,,,,,,,
,,248,,,,,,,,,,
,,229,,,,,,,,,,
,,236,,,,,,,,,,
,,232,,,,,,,,,,
,,376,,,,,,,,,,
,,308,,,,,,,,,,
,,308,,,,,,,,,,
,,309,,,,,,,,,,
,,269,,,,,,,,,,
,,272,,,,,,,,,,
,,284,,,,,,,,,,
,,395,,,,,,,,,,
,,257,,,,,,,,,,
,,264,,,,,,,,,,
,,270,,,,,,,,,,
,,259,,,,,,,,,,
,,822,,,,,,,,,,
,,963,,,,,,,,,,
,,239,,,,,,,,,,
,,237,,,,,,,,,,
,,237,,,,,,,,,,
,,438,,,,,,,,,,
,,394,,,,,,,,,,
,,388,,,,,,,,,,
,,408,,,,,,,,,,
,,418,,,,,,,,,,
,,288,,,,,,,,,,
,,293,,,,,,,,,,
,,289,,,,,,,,,,
,,251,,,,,,,,,,
,,260,,,,,,,,,,
,,257,,,,,,,,,,
,,264,,,,,,,,,,
,,264,,,,,,,,,,
,,278,,,,,,,,,,
,,281,,,,,,,,,,
,,261,,,,,,,,,,
,,290,,,,,,,,,,
,,290,,,,,,,,,,
,,311,,,,,,,,,,
,,879,,,,,,,,,,
,,879,,,,,,,,,,
,,883,,,,,,,,,,
,,253,,,,,,,,,,
,,258,,,,,,,,,,
,,437,,,,,,,,,,
,,446,,,,,,,,,,
,,466,,,,,,,,,,
,,330,,,,,,,,,,
,,338,,,,,,,,,,
,,335,,,,,,,,,,
,,239,,,,,,,,,,
,,584,,,,,,,,,,
,,599,,,,,,,,,,
,,364,,,,,,,,,,
,,328,,,,,,,,,,
,,361,,,,,,,,,,
,,356,,,,,,,,,,
,,406,,,,,,,,,,
,,230,,,,,,,,,,
,,236,,,,,,,,,,
,,233,,,,,,,,,,
,,205,,,,,,,,,,
,,289,,,,,,,,,,
,,550,,,,,,,,,,
,,409,,,,,,,,,,
,,372,,,,,,,,,,
,,187,,,,,,,,,,
,,228,,,,,,,,,,
,,240,,,,,,,,,,
,,240,,,,,,,,,,
,,278,,,,,,,,,,
,,278,,,,,,,,,,
,,445,,,,,,,,,,
,,530,,,,,,,,,,
,,431,,,,,,,,,,
,,223,,,,,,,,,,
,,230,,,,,,,,,,
,,231,,,,,,,,,,
,,231,,,,,,,,,,
,,220,,,,,,,,,,
,,223,,,,,,,,,,
,,224,,,,,,,,,,
,,183,,,,,,,,,,
,,191,,,,,,,,,,
,,281,,,,,,,,,,
,,281,,,,,,,,,,
,,281,,,,,,,,,,
,,54,,,,,,,,,,
,,260,,,,,,,,,,
,,216,,,,,,,,,,
,,217,,,,,,,,,,
,,240,,,,,,,,,,
,,241,,,,,,,,,,
,,224,,,,,,,,,,
,,451,,,,,,,,,,
,,224,,,,,,,,,,
,,214,,,,,,,,,,
,,244,,,,,,,,,,
,,246,,,,,,,,,,
,,243,,,,,,,,,,
,,401,,,,,,,,,,
,,355,,,,,,,,,,
,,266,,,,,,,,,,
,,272,,,,,,,,,,
,,360,,,,,,,,,,
,,206,,,,,,,,,,
,,213,,,,,,,,,,
,,208,,,,,,,,,,
,,151,,,,,,,,,,
,,253,,,,,,,,,,
,,235,,,,,,,,,,
,,231,,,,,,,,,,
,,223,,,,,,,,,,
,,244,,,,,,,,,,
,,379,,,,,,,,,,
,,221,,,,,,,,,,
,,240,,,,,,,,,,
,,247,,,,,,,,,,
,,474,,,,,,,,,,
,,533,,,,,,,,,,
,,357,,,,,,,,,,
,,370,,,,,,,,,,
,,303,,,,,,,,,,
,,268,,,,,,,,,,
,,268,,,,,,,,,,
,,221,,,,,,,,,,
,,264,,,,,,,,,,
,,272,,,,,,,,,,
,,282,,,,,,,,,,
,,271,,,,,,,,,,
,,226,,,,,,,,,,
,,267,,,,,,,,,,
,,271,,,,,,,,,,
,,268,,,,,,,,,,
,,290,,,,,,,,,,
,,288,,,,,,,,,,
,,188,,,,,,,,,,
,,201,,,,,,,,,,
,,201,,,,,,,,,,
,,319,,,,,,,,,,
,,291,,,,,,,,,,
,,291,,,,,,,,,,
,,292,,,,,,,,,,
,,323,,,,,,,,,,
,,285,,,,,,,,,,
,,276,,,,,,,,,,
,,276,,,,,,,,,,
,,236,,,,,,,,,,
,,236,,,,,,,,,,
,,236,,,,,,,,,,
,,311,,,,,,,,,,
,,313,,,,,,,,,,
,,337,,,,,,,,,,
,,361,,,,,,,,,,
,,300,,,,,,,,,,
,,312,,,,,,,,,,
,,313,,,,,,,,,,
,,310,,,,,,,,,,
,,320,,,,,,,,,,
,,321,,,,,,,,,,
,,331,,,,,,,,,,
,,299,,,,,,,,,,
,,302,,,,,,,,,,
,,456,,,,,,,,,,
,,200,,,,,,,,,,
,,204,,,,,,,,,,
,,204,,,,,,,,,,
,,297,,,,,,,,,,
,,372,,,,,,,,,,
,,317,,,,,,,,,,
,,317,,,,,,,,,,
,,322,,,,,,,,,,
,,410,,,,,,,,,,
,,272,,,,,,,,,,
,,263,,,,,,,,,,
,,269,,,,,,,,,,
,,240,,,,,,,,,,
,,248,,,,,,,,,,
,,248,,,,,,,,,,
,,146,,,,,,,,,,
,,415,,,,,,,,,,
,,295,,,,,,,,,,
,,307,,,,,,,,,,
,,263,,,,,,,,,,
,,268,,,,,,,,,,
,,290,,,,,,,,,,
,,293,,,,,,,,,,
,,295,,,,,,,,,,
,,366,,,,,,,,,,
,,368,,,,,,,,,,
,,252,,,,,,,,,,
,,238,,,,,,,,,,
,,239,,,,,,,,,,
,,217,,,,,,,,,,
,,218,,,,,,,,,,
,,435,,,,,,,,,,
,,455,,,,,,,,,,
,,467,,,,,,,,,,
,,574,,,,,,,,,,
,,317,,,,,,,,,,
,,304,,,,,,,,,,
,,267,,,,,,,,,,
,,277,,,,,,,,,,
,,277,,,,,,,,,,
,,278,,,,,,,,,,
,,305,,,,,,,,,,
,,319,,,,,,,,,,
,,284,,,,,,,,,,
,,308,,,,,,,,,,
,,296,,,,,,,,,,
,,473,,,,,,,,,,
,,278,,,,,,,,,,
,,283,,,,,,,,,,
,,433,,,,,,,,,,
,,437,,,,,,,,,,
,,431,,,,,,,,,,
,,523,,,,,,,,,,
,,268,,,,,,,,,,
,,277,,,,,,,,,,
,,287,,,,,,,,,,
,,251,,,,,,,,,,
,,260,,,,,,,,,,
,,655,,,,,,,,,,
,,374,,,,,,,,,,
,,259,,,,,,,,,,
,,268,,,,,,,,,,
,,251,,,,,,,,,,
,,223,,,,,,,,,,
,,223,,,,,,,,,,
,,408,,,,,,,,,,
,,250,,,,,,,,,,
,,254,,,,,,,,,,
,,236,,,,,,,,,,
,,245,,,,,,,,,,
,,245,,,,,,,,,,
,,303,,,,,,,,,,
,,421,,,,,,,,,,
,,427,,,,,,,,,,
,,421,,,,,,,,,,
,,379,,,,,,,,,,
,,571,,,,,,,,,,
,,504,,,,,,,,,,
,,280,,,,,,,,,,
,,285,,,,,,,,,,
,,279,,,,,,,,,,
,,416,,,,,,,,,,
,,324,,,,,,,,,,
,,329,,,,,,,,,,
,,330,,,,,,,,,,
,,274,,,,,,,,,,
,,815,,,,,,,,,,
,,795,,,,,,,,,,
,,245,,,,,,,,,,
,,243,,,,,,,,,,
,,334,,,,,,,,,,
,,295,,,,,,,,,,
,,303,,,,,,,,,,
,,295,,,,,,,,,,
,,295,,,,,,,,,,
,,349,,,,,,,,,,
,,350,,,,,,,,,,
,,206,,,,,,,,,,
,,214,,,,,,,,,,
,,299,,,,,,,,,,
,,293,,,,,,,,,,
,,208,,,,,,,,,,
,,258,,,,,,,,,,
,,262,,,,,,,,,,
,,261,,,,,,,,,,
,,458,,,,,,,,,,
,,451,,,,,,,,,,
,,355,,,,,,,,,,
,,337,,,,,,,,,,
,,331,,,,,,,,,,
,,323,,,,,,,,,,
,,856,,,,,,,,,,
,,1037,,,,,,,,,,
,,414,,,,,,,,,,
,,449,,,,,,,,,,
,,246,,,,,,,,,,
,,254,,,,,,,,,,
,,251,,,,,,,,,,
,,282,,,,,,,,,,
,,282,,,,,,,,,,
,,282,,,,,,,,,,
,,351,,,,,,,,,,
,,360,,,,,,,,,,
,,354,,,,,,,,,,
,,285,,,,,,,,,,
,,426,,,,,,,,,,
,,428,,,,,,,,,,
,,349,,,,,,,,,,
,,351,,,,,,,,,,
,,484,,,,,,,,,,
,,404,,,,,,,,,,
,,398,,,,,,,,,,
,,259,,,,,,,,,,
,,260,,,,,,,,,,
,,390,,,,,,,,,,
,,207,,,,,,,,,,
,,130,,,,,,,,,,
,,319,,,,,,,,,,
,,325,,,,,,,,,,
,,301,,,,,,,,,,
,,427,,,,,,,,,,
,,307,,,,,,,,,,
,,315,,,,,,,,,,
,,447,,,,,,,,,,
,,447,,,,,,,,,,
,,549,,,,,,,,,,
,,447,,,,,,,,,,
,,277,,,,,,,,,,
,,273,,,,,,,,,,
,,272,,,,,,,,,,
,,277,,,,,,,,,,
,,275,,,,,,,,,,
,,241,,,,,,,,,,
,,240,,,,,,,,,,
,,241,,,,,,,,,,
,,264,,,,,,,,,,
,,273,,,,,,,,,,
,,275,,,,,,,,,,
,,260,,,,,,,,,,
,,268,,,,,,,,,,
,,269,,,,,,,,,,
,,93,,,,,,,,,,
,,379,,,,,,,,,,
,,253,,,,,,,,,,
,,262,,,,,,,,,,
,,269,,,,,,,,,,
,,280,,,,,,,,,,
,,259,,,,,,,,,,
,,320,,,,,,,,,,
,,309,,,,,,,,,,
,,320,,,,,,,,,,
,,293,,,,,,,,,,
,,310,,,,,,,,,,
,,310,,,,,,,,,,
,,310,,,,,,,,,,
,,337,,,,,,,,,,
,,314,,,,,,,,,,
,,316,,,,,,,,,,
,,284,,,,,,,,,,
,,309,,,,,,,,,,
,,333,,,,,,,,,,
,,333,,,,,,,,,,
,,335,,,,,,,,,,
,,249,,,,,,,,,,
,,254,,,,,,,,,,
,,255,,,,,,,,,,
,,224,,,,,,,,,,
,,224,,,,,,,,,,
,,225,,,,,,,,,,
,,289,,,,,,,,,,
,,291,,,,,,,,,,
,,275,,,,,,,,,,
,,270,,,,,,,,,,
,,272,,,,,,,,,,
,,258,,,,,,,,,,
,,267,,,,,,,,,,
,,267,,,,,,,,,,
,,310,,,,,,,,,,
,,314,,,,,,,,,,
,,310,,,,,,,,,,
,,307,,,,,,,,,,
,,314,,,,,,,,,,
,,322,,,,,,,,,,
,,228,,,,,,,,,,
,,276,,,,,,,,,,
,,256,,,,,,,,,,
,,547,,,,,,,,,,
,,571,,,,,,,,,,
,,571,,,,,,,,,,
,,574,,,,,,,,,,
,,384,,,,,,,,,,
,,266,,,,,,,,,,
,,266,,,,,,,,,,
,,257,,,,,,,,,,
,,278,,,,,,,,,,
,,264,,,,,,,,,,
,,264,,,,,,,,,,
,,228,,,,,,,,,,
,,315,,,,,,,,,,
,,313,,,,,,,,,,
,,322,,,,,,,,,,
,,319,,,,,,,,,,
,,337,,,,,,,,,,
,,339,,,,,,,,,,
,,316,,,,,,,,,,
,,321,,,,,,,,,,
,,216,,,,,,,,,,
,,224,,,,,,,,,,
,,229,,,,,,,,,,
,,351,,,,,,,,,,
,,349,,,,,,,,,,
,,351,,,,,,,,,,
,,361,,,,,,,,,,
,,383,,,,,,,,,,
,,376,,,,,,,,,,
,,295,,,,,,,,,,
,,285,,,,,,,,,,
,,278,,,,,,,,,,
,,318,,,,,,,,,,
,,284,,,,,,,,,,
,,260,,,,,,,,,,
,,260,,,,,,,,,,
,,251,,,,,,,,,,
,,251,,,,,,,,,,
,,251,,,,,,,,,,
,,207,,,,,,,,,,
,,204,,,,,,,,,,
,,203,,,,,,,,,,
,,259,,,,,,,,,,
,,269,,,,,,,,,,
,,239,,,,,,,,,,
,,241,,,,,,,,,,
,,226,,,,,,,,,,
,,232,,,,,,,,,,
,,223,,,,,,,,,,
,,282,,,,,,,,,,
,,282,,,,,,,,,,
,,273,,,,,,,,,,
,,354,,,,,,,,,,
,,257,,,,,,,,,,
,,265,,,,,,,,,,
,,288,,,,,,,,,,
,,351,,,,,,,,,,
,,333,,,,,,,,,,
,,220,,,,,,,,,,
,,221,,,,,,,,,,
,,354,,,,,,,,,,
,,390,,,,,,,,,,
,,388,,,,,,,,,,
,,378,,,,,,,,,,
,,383,,,,,,,,,,
,,380,,,,,,,,,,
,,260,,,,,,,,,,
,,302,,,,,,,,,,
,,484,,,,,,,,,,
,,505,,,,,,,,,,
,,508,,,,,,,,,,
,,246,,,,,,,,,,
,,248,,,,,,,,,,
,,248,,,,,,,,,,
,,272,,,,,,,,,,
,,272,,,,,,,,,,
,,260,,,,,,,,,,
,,315,,,,,,,,,,
,,320,,,,,,,,,,
,,320,,,,,,,,,,
,,260,,,,,,,,,,
,,260,,,,,,,,,,
,,252,,,,,,,,,,
,,256,,,,,,,,,,
,,260,,,,,,,,,,
,,285,,,,,,,,,,
,,385,,,,,,,,,,
,,349,,,,,,,,,,
,,351,,,,,,,,,,
,,247,,,,,,,,,,
,,312,,,,,,,,,,
,,312,,,,,,,,,,
,,309,,,,,,,,,,
,,270,,,,,,,,,,
,,294,,,,,,,,,,
,,293,,,,,,,,,,
,,508,,,,,,,,,,
,,529,,,,,,,,,,
,,529,,,,,,,,,,
,,292,,,,,,,,,,
,,250,,,,,,,,,,
,,254,,,,,,,,,,
,,255,,,,,,,,,,
,,138,,,,,,,,,,
,,254,,,,,,,,,,
,,232,,,,,,,,,,
,,221,,,,,,,,,,
,,221,,,,,,,,,,
,,400,,,,,,,,,,
,,223,,,,,,,,,,
,,287,,,,,,,,,,
,,300,,,,,,,,,,
,,285,,,,,,,,,,
,,269,,,,,,,,,,
,,308,,,,,,,,,,
,,298,,,,,,,,,,
,,308,,,,,,,,,,
,,353,,,,,,,,,,
,,228,,,,,,,,,,
,,230,,,,,,,,,,
,,231,,,,,,,,,,
,,507,,,,,,,,,,
,,633,,,,,,,,,,
,,690,,,,,,,,,,
,,590,,,,,,,,,,
,,593,,,,,,,,,,
,,644,,,,,,,,,,
,,313,,,,,,,,,,
,,350,,,,,,,,,,
,,306,,,,,,,,,,
,,306,,,,,,,,,,
,,265,,,,,,,,,,
,,272,,,,,,,,,,
,,415,,,,,,,,,,
,,419,,,,,,,,,,
,,417,,,,,,,,,,
,,507,,,,,,,,,,
,,520,,,,,,,,,,
,,562,,,,,,,,,,
,,574,,,,,,,,,,
,,282,,,,,,,,,,
,,292,,,,,,,,,,
,,293,,,,,,,,,,
,,284,,,,,,,,,,
,,286,,,,,,,,,,
,,299,,,,,,,,,,
,,234,,,,,,,,,,
,,222,,,,,,,,,,
,,223,,,,,,,,,,
,,288,,,,,,,,,,
,,297,,,,,,,,,,
,,294,,,,,,,,,,
,,302,,,,,,,,,,
,,303,,,,,,,,,,
,,546,,,,,,,,,,
,,499,,,,,,,,,,
,,456,,,,,,,,,,
,,329,,,,,,,,,,
,,335,,,,,,,,,,
,,559,,,,,,,,,,
,,282,,,,,,,,,,
,,292,,,,,,,,,,
,,292,,,,,,,,,,
,,133,,,,,,,,,,
,,410,,,,,,,,,,
,,412,,,,,,,,,,
,,365,,,,,,,,,,
,,367,,,,,,,,,,
,,221,,,,,,,,,,
,,283,,,,,,,,,,
,,274,,,,,,,,,,
,,271,,,,,,,,,,
,,362,,,,,,,,,,
,,107,,,,,,,,,,
,,429,,,,,,,,,,
,,327,,,,,,,,,,
,,332,,,,,,,,,,
,,332,,,,,,,,,,
,,292,,,,,,,,,,
,,294,,,,,,,,,,
,,297,,,,,,,,,,
,,321,,,,,,,,,,
,,295,,,,,,,,,,
,,321,,,,,,,,,,
,,453,,,,,,,,,,
,,453,,,,,,,,,,
,,438,,,,,,,,,,
,,771,,,,,,,,,,
,,270,,,,,,,,,,
,,281,,,,,,,,,,
,,292,,,,,,,,,,
,,279,,,,,,,,,,
,,270,,,,,,,,,,
,,260,,,,,,,,,,
,,184,,,,,,,,,,
,,191,,,,,,,,,,
,,245,,,,,,,,,,
,,262,,,,,,,,,,
,,299,,,,,,,,,,
,,299,,,,,,,,,,
,,290,,,,,,,,,,
,,180,,,,,,,,,,
,,217,,,,,,,,,,
,,204,,,,,,,,,,
,,205,,,,,,,,,,
,,162,,,,,,,,,,
,,205,,,,,,,,,,
,,200,,,,,,,,,,
,,322,,,,,,,,,,
,,468,,,,,,,,,,
,,502,,,,,,,,,,
,,330,,,,,,,,,,
,,313,,,,,,,,,,
,,315,,,,,,,,,,
,,430,,,,,,,,,,
,,399,,,,,,,,,,
,,366,,,,,,,,,,
,,733,,,,,,,,,,
,,511,,,,,,,,,,
,,521,,,,,,,,,,
,,521,,,,,,,,,,
,,284,,,,,,,,,,
,,293,,,,,,,,,,
,,290,,,,,,,,,,
,,245,,,,,,,,,,
,,245,,,,,,,,,,
,,295,,,,,,,,,,
,,375,,,,,,,,,,
,,448,,,,,,,,,,
,,466,,,,,,,,,,
,,270,,,,,,,,,,
,,281,,,,,,,,,,
,,283,,,,,,,,,,
,,311,,,,,,,,,,
,,317,,,,,,,,,,
,,314,,,,,,,,,,
,,245,,,,,,,,,,
,,269,,,,,,,,,,
,,267,,,,,,,,,,
,,267,,,,,,,,,,
,,268,,,,,,,,,,
,,247,,,,,,,,,,
,,242,,,,,,,,,,
,,228,,,,,,,,,,
,,455,,,,,,,,,,
,,455,,,,,,,,,,
,,453,,,,,,,,,,
,,287,,,,,,,,,,
,,433,,,,,,,,,,
,,400,,,,,,,,,,
,,394,,,,,,,,,,
,,366,,,,,,,,,,
,,376,,,,,,,,,,
,,339,,,,,,,,,,
,,196,,,,,,,,,,
,,206,,,,,,,,,,
,,210,,,,,,,,,,
,,211,,,,,,,,,,
,,388,,,,,,,,,,
,,388,,,,,,,,,,
,,382,,,,,,,,,,
,,487,,,,,,,,,,
,,489,,,,,,,,,,
,,233,,,,,,,,,,
,,233,,,,,,,,,,
,,235,,,,,,,,,,
,,229,,,,,,,,,,
,,355,,,,,,,,,,
,,449,,,,,,,,,,
,,300,,,,,,,,,,
,,307,,,,,,,,,,
,,294,,,,,,,,,,
,,440,,,,,,,,,,
,,260,,,,,,,,,,
,,229,,,,,,,,,,
,,714,,,,,,,,,,
,,237,,,,,,,,,,
,,236,,,,,,,,,,
,,258,,,,,,,,,,
,,230,,,,,,,,,,
,,241,,,,,,,,,,
,,240,,,,,,,,,,
,,241,,,,,,,,,,
,,209,,,,,,,,,,
,,211,,,,,,,,,,
,,211,,,,,,,,,,
,,483,,,,,,,,,,
,,486,,,,,,,,,,
,,230,,,,,,,,,,
,,228,,,,,,,,,,
,,250,,,,,,,,,,
,,258,,,,,,,,,,
,,262,,,,,,,,,,
,,271,,,,,,,,,,
,,439,,,,,,,,,,
,,270,,,,,,,,,,
,,286,,,,,,,,,,
,,345,,,,,,,,,,
,,352,,,,,,,,,,
,,347,,,,,,,,,,
,,243,,,,,,,,,,
,,246,,,,,,,,,,
,,317,,,,,,,,,,
,,211,,,,,,,,,,
,,206,,,,,,,,,,
,,207,,,,,,,,,,
,,217,,,,,,,,,,
,,188,,,,,,,,,,
,,188,,,,,,,,,,
,,189,,,,,,,,,,
,,209,,,,,,,,,,
,,212,,,,,,,,,,
,,225,,,,,,,,,,
,,247,,,,,,,,,,
,,229,,,,,,,,,,
,,435,,,,,,,,,,
,,247,,,,,,,,,,
,,254,,,,,,,,,,
,,221,,,,,,,,,,
,,367,,,,,,,,,,
,,365,,,,,,,,,,
,,359,,,,,,,,,,
,,247,,,,,,,,,,
,,308,,,,,,,,,,
,,187,,,,,,,,,,
,,408,,,,,,,,,,
,,166,,,,,,,,,,
,,164,,,,,,,,,,
,,150,,,,,,,,,,
,,307,,,,,,,,,,
,,458,,,,,,,,,,
,,279,,,,,,,,,,
,,286,,,,,,,,,,
,,890,,,,,,,,,,
,,1213,,,,,,,,,,
,,251,,,,,,,,,,
,,260,,,,,,,,,,
,,260,,,,,,,,,,
,,334,,,,,,,,,,
,,344,,,,,,,,,,
,,341,,,,,,,,,,
,,280,,,,,,,,,,
,,305,,,,,,,,,,
,,335,,,,,,,,,,
,,266,,,,,,,,,,
,,274,,,,,,,,,,
,,127,,,,,,,,,,
,,315,,,,,,,,,,
,,284,,,,,,,,,,
,,332,,,,,,,,,,
,,296,,,,,,,,,,
,,418,,,,,,,,,,
,,258,,,,,,,,,,
,,189,,,,,,,,,,
,,194,,,,,,,,,,
,,194,,,,,,,,,,
,,270,,,,,,,,,,
,,404,,,,,,,,,,
,,424,,,,,,,,,,
,,498,,,,,,,,,,
,,248,,,,,,,,,,
,,248,,,,,,,,,,
,,326,,,,,,,,,,
,,333,,,,,,,,,,
,,320,,,,,,,,,,
,,343,,,,,,,,,,
,,306,,,,,,,,,,
,,307,,,,,,,,,,
,,305,,,,,,,,,,
,,324,,,,,,,,,,
,,333,,,,,,,,,,
,,330,,,,,,,,,,
,,276,,,,,,,,,,
,,271,,,,,,,,,,
,,267,,,,,,,,,,
,,308,,,,,,,,,,
,,293,,,,,,,,,,
,,294,,,,,,,,,,
,,286,,,,,,,,,,
,,295,,,,,,,,,,
,,284,,,,,,,,,,
,,262,,,,,,,,,,
,,251,,,,,,,,,,
,,215,,,,,,,,,,
,,472,,,,,,,,,,
,,436,,,,,,,,,,
,,380,,,,,,,,,,
,,221,,,,,,,,,,
,,232,,,,,,,,,,
,,242,,,,,,,,,,
,,432,,,,,,,,,,
,,447,,,,,,,,,,
,,450,,,,,,,,,,
,,216,,,,,,,,,,
,,217,,,,,,,,,,
,,218,,,,,,,,,,
,,448,,,,,,,,,,
,,242,,,,,,,,,,
,,242,,,,,,,,,,
,,274,,,,,,,,,,
,,335,,,,,,,,,,
,,338,,,,,,,,,,
,,209,,,,,,,,,,
,,211,,,,,,,,,,
,,207,,,,,,,,,,
,,202,,,,,,,,,,
,,202,,,,,,,,,,
,,203,,,,,,,,,,
,,286,,,,,,,,,,
,,275,,,,,,,,,,
,,277,,,,,,,,,,
,,455,,,,,,,,,,
,,469,,,,,,,,,,
,,471,,,,,,,,,,
,,574,,,,,,,,,,
,,574,,,,,,,,,,
,,724,,,,,,,,,,
,,281,,,,,,,,,,
,,280,,,,,,,,,,
,,278,,,,,,,,,,
,,657,,,,,,,,,,
,,661,,,,,,,,,,
,,348,,,,,,,,,,
,,343,,,,,,,,,,
,,345,,,,,,,,,,
,,345,,,,,,,,,,
,,253,,,,,,,,,,
,,263,,,,,,,,,,
,,264,,,,,,,,,,
,,245,,,,,,,,,,
,,658,,,,,,,,,,
,,396,,,,,,,,,,
,,564,,,,,,,,,,
,,584,,,,,,,,,,
,,584,,,,,,,,,,
,,433,,,,,,,,,,
,,439,,,,,,,,,,
,,435,,,,,,,,,,
,,170,,,,,,,,,,
,,330,,,,,,,,,,
,,155,,,,,,,,,,
,,303,,,,,,,,,,
,,301,,,,,,,,,,
,,307,,,,,,,,,,
,,315,,,,,,,,,,
,,276,,,,,,,,,,
,,338,,,,,,,,,,
,,340,,,,,,,,,,
,,307,,,,,,,,,,
,,276,,,,,,,,,,
,,285,,,,,,,,,,
,,285,,,,,,,,,,
,,287,,,,,,,,,,
,,403,,,,,,,,,,
,,306,,,,,,,,,,
,,300,,,,,,,,,,
,,272,,,,,,,,,,
,,278,,,,,,,,,,
,,457,,,,,,,,,,
,,306,,,,,,,,,,
,,213,,,,,,,,,,
,,217,,,,,,,,,,
,,297,,,,,,,,,,
,,325,,,,,,,,,,
,,241,,,,,,,,,,
,,249,,,,,,,,,,
,,190,,,,,,,,,,
,,196,,,,,,,,,,
,,197,,,,,,,,,,
,,310,,,,,,,,,,
,,335,,,,,,,,,,
,,304,,,,,,,,,,
,,310,,,,,,,,,,
,,307,,,,,,,,,,
,,368,,,,,,,,,,
,,289,,,,,,,,,,
,,279,,,,,,,,,,
,,186,,,,,,,,,,
,,357,,,,,,,,,,
,,361,,,,,,,,,,
,,361,,,,,,,,,,
,,334,,,,,,,,,,
,,211,,,,,,,,,,
,,247,,,,,,,,,,
,,248,,,,,,,,,,
,,191,,,,,,,,,,
,,230,,,,,,,,,,
,,234,,,,,,,,,,
,,417,,,,,,,,,,
,,423,,,,,,,,,,
,,341,,,,,,,,,,
,,449,,,,,,,,,,
,,432,,,,,,,,,,
,,219,,,,,,,,,,
,,224,,,,,,,,,,
,,149,,,,,,,,,,
,,255,,,,,,,,,,
,,257,,,,,,,,,,
,,298,,,,,,,,,,
,,298,,,,,,,,,,
,,298,,,,,,,,,,
,,460,,,,,,,,,,
,,471,,,,,,,,,,
,,185,,,,,,,,,,
,,209,,,,,,,,,,
,,217,,,,,,,,,,
,,223,,,,,,,,,,
,,225,,,,,,,,,,
,,284,,,,,,,,,,
,,291,,,,,,,,,,
,,294,,,,,,,,,,
,,315,,,,,,,,,,
,,326,,,,,,,,,,
,,323,,,,,,,,,,
,,194,,,,,,,,,,
,,242,,,,,,,,,,
,,305,,,,,,,,,,
,,283,,,,,,,,,,
,,262,,,,,,,,,,
,,395,,,,,,,,,,
,,227,,,,,,,,,,
,,235,,,,,,,,,,
,,233,,,,,,,,,,
,,278,,,,,,,,,,
,,290,,,,,,,,,,
,,299,,,,,,,,,,
,,296,,,,,,,,,,
,,211,,,,,,,,,,
,,255,,,,,,,,,,
,,243,,,,,,,,,,
,,250,,,,,,,,,,
,,247,,,,,,,,,,
,,345,,,,,,,,,,
,,359,,,,,,,,,,
,,359,,,,,,,,,,
,,361,,,,,,,,,,
,,190,,,,,,,,,,
,,193,,,,,,,,,,
,,503,,,,,,,,,,
,,325,,,,,,,,,,
,,333,,,,,,,,,,
,,637,,,,,,,,,,
,,637,,,,,,,,,,
,,631,,,,,,,,,,
,,445,,,,,,,,,,
,,452,,,,,,,,,,
,,256,,,,,,,,,,
,,329,,,,,,,,,,
,,310,,,,,,,,,,
,,331,,,,,,,,,,
,,217,,,,,,,,,,
,,307,,,,,,,,,,
,,285,,,,,,,,,,
,,247,,,,,,,,,,
,,272,,,,,,,,,,
,,269,,,,,,,,,,
,,259,,,,,,,,,,
,,254,,,,,,,,,,
,,258,,,,,,,,,,
,,196,,,,,,,,,,
,,264,,,,,,,,,,
,,289,,,,,,,,,,
,,289,,,,,,,,,,
,,291,,,,,,,,,,
,,620,,,,,,,,,,
,,245,,,,,,,,,,
,,248,,,,,,,,,,
,,252,,,,,,,,,,
,,226,,,,,,,,,,
,,227,,,,,,,,,,
,,238,,,,,,,,,,
,,255,,,,,,,,,,
,,263,,,,,,,,,,
,,231,,,,,,,,,,
,,349,,,,,,,,,,
,,349,,,,,,,,,,
,,300,,,,,,,,,,
,,298,,,,,,,,,,
,,301,,,,,,,,,,
,,304,,,,,,,,,,
,,198,,,,,,,,,,
,,267,,,,,,,,,,
,,224,,,,,,,,,,
,,230,,,,,,,,,,
,,236,,,,,,,,,,
,,235,,,,,,,,,,
,,242,,,,,,,,,,
,,213,,,,,,,,,,
,,213,,,,,,,,,,
,,266,,,,,,,,,,
,,289,,,,,,,,,,
,,207,,,,,,,,,,
,,255,,,,,,,,,,
,,264,,,,,,,,,,
,,285,,,,,,,,,,
,,258,,,,,,,,,,
,,263,,,,,,,,,,
,,298,,,,,,,,,,
,,260,,,,,,,,,,
,,304,,,,,,,,,,
,,218,,,,,,,,,,
,,192,,,,,,,,,,
,,200,,,,,,,,,,
,,475,,,,,,,,,,
,,715,,,,,,,,,,
,,239,,,,,,,,,,
,,296,,,,,,,,,,
,,305,,,,,,,,,,
,,522,,,,,,,,,,
,,527,,,,,,,,,,
,,525,,,,,,,,,,
,,518,,,,,,,,,,
,,300,,,,,,,,,,
,,285,,,,,,,,,,
,,270,,,,,,,,,,
,,287,,,,,,,,,,
,,295,,,,,,,,,,
,,292,,,,,,,,,,
,,304,,,,,,,,,,
,,307,,,,,,,,,,
,,304,,,,,,,,,,
,,464,,,,,,,,,,
,,329,,,,,,,,,,
,,460,,,,,,,,,,
,,214,,,,,,,,,,
,,387,,,,,,,,,,
,,252,,,,,,,,,,
,,261,,,,,,,,,,
,,246,,,,,,,,,,
,,403,,,,,,,,,,
,,395,,,,,,,,,,
,,385,,,,,,,,,,
,,220,,,,,,,,,,
,,226,,,,,,,,,,
,,288,,,,,,,,,,
,,295,,,,,,,,,,
,,295,,,,,,,,,,
,,296,,,,,,,,,,
,,266,,,,,,,,,,
,,281,,,,,,,,,,
,,289,,,,,,,,,,
,,456,,,,,,,,,,
,,400,,,,,,,,,,
,,400,,,,,,,,,,
,,400,,,,,,,,,,
,,386,,,,,,,,,,
,,344,,,,,,,,,,
,,368,,,,,,,,,,
,,317,,,,,,,,,,
,,331,,,,,,,,,,
,,359,,,,,,,,,,
,,227,,,,,,,,,,
,,234,,,,,,,,,,
,,248,,,,,,,,,,
,,255,,,,,,,,,,
,,371,,,,,,,,,,
,,380,,,,,,,,,,
,,376,,,,,,,,,,
,,286,,,,,,,,,,
,,292,,,,,,,,,,
,,375,,,,,,,,,,
,,270,,,,,,,,,,
,,273,,,,,,,,,,
,,230,,,,,,,,,,
,,237,,,,,,,,,,
,,224,,,,,,,,,,
,,283,,,,,,,,,,
,,332,,,,,,,,,,
,,431,,,,,,,,,,
,,168,,,,,,,,,,
,,311,,,,,,,,,,
,,737,,,,,,,,,,
,,737,,,,,,,,,,
,,467,,,,,,,,,,
,,565,,,,,,,,,,
,,219,,,,,,,,,,
,,225,,,,,,,,,,
,,230,,,,,,,,,,
,,235,,,,,,,,,,
,,428,,,,,,,,,,
,,439,,,,,,,,,,
,,378,,,,,,,,,,
,,702,,,,,,,,,,
,,170,,,,,,,,,,
,,243,,,,,,,,,,
,,249,,,,,,,,,,
,,317,,,,,,,,,,
,,328,,,,,,,,,,
,,356,,,,,,,,,,
,,273,,,,,,,,,,
,,291,,,,,,,,,,
,,315,,,,,,,,,,
,,167,,,,,,,,,,
,,314,,,,,,,,,,
,,322,,,,,,,,,,
,,224,,,,,,,,,,
,,225,,,,,,,,,,
,,233,,,,,,,,,,
,,492,,,,,,,,,,
,,492,,,,,,,,,,
,,286,,,,,,,,,,
,,292,,,,,,,,,,
,,302,,,,,,,,,,
,,269,,,,,,,,,,
,,219,,,,,,,,,,
,,317,,,,,,,,,,
,,346,,,,,,,,,,
,,337,,,,,,,,,,
,,347,,,,,,,,,,
,,326,,,,,,,,,,
,,251,,,,,,,,,,
,,259,,,,,,,,,,
,,251,,,,,,,,,,
,,190,,,,,,,,,,
,,197,,,,,,,,,,
,,202,,,,,,,,,,
,,259,,,,,,,,,,
,,515,,,,,,,,,,
,,352,,,,,,,,,,
,,322,,,,,,,,,,
,,324,,,,,,,,,,
,,242,,,,,,,,,,
,,755,,,,,,,,,,
,,235,,,,,,,,,,
,,400,,,,,,,,,,
,,402,,,,,,,,,,
,,278,,,,,,,,,,
,,278,,,,,,,,,,
,,279,,,,,,,,,,
,,229,,,,,,,,,,
,,408,,,,,,,,,,
,,408,,,,,,,,,,
,,408,,,,,,,,,,
,,408,,,,,,,,,,
,,416,,,,,,,,,,
,,451,,,,,,,,,,
,,303,,,,,,,,,,
,,315,,,,,,,,,,
,,329,,,,,,,,,,
,,299,,,,,,,,,,
,,854,,,,,,,,,,
,,330,,,,,,,,,,
,,379,,,,,,,,,,
,,410,,,,,,,,,,
,,275,,,,,,,,,,
,,265,,,,,,,,,,
,,261,,,,,,,,,,
,,196,,,,,,,,,,
,,214,,,,,,,,,,
,,222,,,,,,,,,,
,,364,,,,,,,,,,
,,371,,,,,,,,,,
,,364,,,,,,,,,,
,,119,,,,,,,,,,
,,207,,,,,,,,,,
,,214,,,,,,,,,,
,,416,,,,,,,,,,
,,225,,,,,,,,,,
,,290,,,,,,,,,,
,,467,,,,,,,,,,
,,254,,,,,,,,,,
,,259,,,,,,,,,,
,,260,,,,,,,,,,
,,314,,,,,,,,,,
,,315,,,,,,,,,,
,,382,,,,,,,,,,
,,405,,,,,,,,,,
,,399,,,,,,,,,,
,,316,,,,,,,,,,
,,326,,,,,,,,,,
,,233,,,,,,,,,,
,,237,,,,,,,,,,
,,331,,,,,,,,,,
,,263,,,,,,,,,,
,,265,,,,,,,,,,
,,216,,,,,,,,,,
,,237,,,,,,,,,,
,,213,,,,,,,,,,
,,258,,,,,,,,,,
,,263,,,,,,,,,,
,,265,,,,,,,,,,
,,308,,,,,,,,,,
,,319,,,,,,,,,,
,,328,,,,,,,,,,
,,248,,,,,,,,,,
,,229,,,,,,,,,,
,,230,,,,,,,,,,
,,231,,,,,,,,,,
,,322,,,,,,,,,,
,,486,,,,,,,,,,
,,290,,,,,,,,,,
,,552,,,,,,,,,,
,,562,,,,,,,,,,
,,557,,,,,,,,,,
,,668,,,,,,,,,,
,,668,,,,,,,,,,
,,671,,,,,,,,,,
,,175,,,,,,,,,,
,,182,,,,,,,,,,
,,165,,,,,,,,,,
,,335,,,,,,,,,,
,,343,,,,,,,,,,
,,402,,,,,,,,,,
,,412,,,,,,,,,,
,,285,,,,,,,,,,
,,285,,,,,,,,,,
,,274,,,,,,,,,,
,,516,,,,,,,,,,
,,510,,,,,,,,,,
,,273,,,,,,,,,,
,,272,,,,,,,,,,
,,273,,,,,,,,,,
,,224,,,,,,,,,,
,,219,,,,,,,,,,
,,225,,,,,,,,,,
,,215,,,,,,,,,,
,,219,,,,,,,,,,
,,233,,,,,,,,,,
,,231,,,,,,,,,,
,,268,,,,,,,,,,
,,276,,,,,,,,,,
,,258,,,,,,,,,,
,,423,,,,,,,,,,
,,478,,,,,,,,,,
,,276,,,,,,,,,,
,,310,,,,,,,,,,
,,183,,,,,,,,,,
,,364,,,,,,,,,,
,,366,,,,,,,,,,
,,359,,,,,,,,,,
,,370,,,,,,,,,,
,,422,,,,,,,,,,
,,597,,,,,,,,,,
,,447,,,,,,,,,,
,,456,,,,,,,,,,
,,629,,,,,,,,,,
,,527,,,,,,,,,,
,,545,,,,,,,,,,
,,377,,,,,,,,,,
,,385,,,,,,,,,,
,,385,,,,,,,,,,
,,362,,,,,,,,,,
,,275,,,,,,,,,,
,,282,,,,,,,,,,
,,209,,,,,,,,,,
,,479,,,,,,,,,,
,,79,,,,,,,,,,
,,284,,,,,,,,,,
,,286,,,,,,,,,,
,,273,,,,,,,,,,
,,282,,,,,,,,,,
,,282,,,,,,,,,,
,,620,,,,,,,,,,
,,630,,,,,,,,,,
,,314,,,,,,,,,,
,,445,,,,,,,,,,
,,483,,,,,,,,,,
,,209,,,,,,,,,,
,,229,,,,,,,,,,
,,237,,,,,,,,,,
,,218,,,,,,,,,,
,,304,,,,,,,,,,
,,327,,,,,,,,,,
,,358,,,,,,,,,,
,,223,,,,,,,,,,
,,459,,,,,,,,,,
,,354,,,,,,,,,,
,,350,,,,,,,,,,
,,251,,,,,,,,,,
,,241,,,,,,,,,,
,,239,,,,,,,,,,
,,567,,,,,,,,,,
,,570,,,,,,,,,,
,,561,,,,,,,,,,
,,294,,,,,,,,,,
,,317,,,,,,,,,,
,,316,,,,,,,,,,
,,354,,,,,,,,,,
,,361,,,,,,,,,,
,,361,,,,,,,,,,
,,295,,,,,,,,,,
,,295,,,,,,,,,,
,,295,,,,,,,,,,
,,261,,,,,,,,,,
,,216,,,,,,,,,,
,,306,,,,,,,,,,
,,420,,,,,,,,,,
,,428,,,,,,,,,,
,,435,,,,,,,,,,
,,350,,,,,,,,,,
,,361,,,,,,,,,,
,,273,,,,,,,,,,
,,678,,,,,,,,,,
,,678,,,,,,,,,,
,,236,,,,,,,,,,
,,376,,,,,,,,,,
,,378,,,,,,,,,,
,,286,,,,,,,,,,
,,346,,,,,,,,,,
,,356,,,,,,,,,,
,,358,,,,,,,,,,
,,350,,,,,,,,,,
,,380,,,,,,,,,,
,,445,,,,,,,,,,
,,367,,,,,,,,,,
,,306,,,,,,,,,,
,,187,,,,,,,,,,
,,193,,,,,,,,,,
,,220,,,,,,,,,,
,,205,,,,,,,,,,
,,211,,,,,,,,,,
,,326,,,,,,,,,,
,,328,,,,,,,,,,
,,328,,,,,,,,,,
,,245,,,,,,,,,,
,,246,,,,,,,,,,
,,312,,,,,,,,,,
,,189,,,,,,,,,,
,,630,,,,,,,,,,
,,482,,,,,,,,,,
,,491,,,,,,,,,,
,,493,,,,,,,,,,
,,390,,,,,,,,,,
,,276,,,,,,,,,,
,,477,,,,,,,,,,
,,91,,,,,,,,,,
,,282,,,,,,,,,,
,,292,,,,,,,,,,
,,294,,,,,,,,,,
,,227,,,,,,,,,,
,,265,,,,,,,,,,
,,300,,,,,,,,,,
,,227,,,,,,,,,,
,,214,,,,,,,,,,
,,383,,,,,,,,,,
,,396,,,,,,,,,,
,,398,,,,,,,,,,
,,453,,,,,,,,,,
,,458,,,,,,,,,,
,,451,,,,,,,,,,
,,308,,,,,,,,,,
,,311,,,,,,,,,,
,,308,,,,,,,,,,
,,328,,,,,,,,,,
,,336,,,,,,,,,,
,,350,,,,,,,,,,
,,388,,,,,,,,,,
,,402,,,,,,,,,,
,,398,,,,,,,,,,
,,325,,,,,,,,,,
,,281,,,,,,,,,,
,,280,,,,,,,,,,
,,281,,,,,,,,,,
,,535,,,,,,,,,,
,,401,,,,,,,,,,
,,257,,,,,,,,,,
,,446,,,,,,,,,,
,,241,,,,,,,,,,
,,246,,,,,,,,,,
,,247,,,,,,,,,,
,,324,,,,,,,,,,
,,260,,,,,,,,,,
,,240,,,,,,,,,,
,,240,,,,,,,,,,
,,354,,,,,,,,,,
,,359,,,,,,,,,,
,,311,,,,,,,,,,
,,381,,,,,,,,,,
,,247,,,,,,,,,,
,,257,,,,,,,,,,
,,257,,,,,,,,,,
,,308,,,,,,,,,,
,,316,,,,,,,,,,
,,317,,,,,,,,,,
,,421,,,,,,,,,,
,,423,,,,,,,,,,
,,281,,,,,,,,,,
,,224,,,,,,,,,,
,,225,,,,,,,,,,
,,239,,,,,,,,,,
,,251,,,,,,,,,,
,,235,,,,,,,,,,
,,257,,,,,,,,,,
,,314,,,,,,,,,,
,,319,,,,,,,,,,
,,313,,,,,,,,,,
,,438,,,,,,,,,,
,,195,,,,,,,,,,
,,230,,,,,,,,,,
,,536,,,,,,,,,,
,,403,,,,,,,,,,
,,373,,,,,,,,,,
,,347,,,,,,,,,,
,,333,,,,,,,,,,
,,333,,,,,,,,,,
,,186,,,,,,,,,,
,,308,,,,,,,,,,
,,335,,,,,,,,,,
,,328,,,,,,,,,,
,,323,,,,,,,,,,
,,439,,,,,,,,,,
,,439,,,,,,,,,,
,,262,,,,,,,,,,
,,218,,,,,,,,,,
,,225,,,,,,,,,,
,,226,,,,,,,,,,
,,281,,,,,,,,,,
,,229,,,,,,,,,,
,,230,,,,,,,,,,
,,194,,,,,,,,,,
,,195,,,,,,,,,,
,,313,,,,,,,,,,
,,673,,,,,,,,,,
,,683,,,,,,,,,,
,,342,,,,,,,,,,
,,349,,,,,,,,,,
,,349,,,,,,,,,,
,,247,,,,,,,,,,
,,253,,,,,,,,,,
,,299,,,,,,,,,,
,,298,,,,,,,,,,
,,298,,,,,,,,,,
,,514,,,,,,,,,,
,,376,,,,,,,,,,
,,355,,,,,,,,,,
,,294,,,,,,,,,,
,,371,,,,,,,,,,
,,307,,,,,,,,,,
,,299,,,,,,,,,,
,,254,,,,,,,,,,
,,289,,,,,,,,,,
,,291,,,,,,,,,,
,,180,,,,,,,,,,
,,178,,,,,,,,,,
,,178,,,,,,,,,,
,,360,,,,,,,,,,
,,346,,,,,,,,,,
,,340,,,,,,,,,,
,,463,,,,,,,,,,
,,436,,,,,,,,,,
,,200,,,,,,,,,,
,,201,,,,,,,,,,
,,839,,,,,,,,,,
,,254,,,,,,,,,,
,,206,,,,,,,,,,
,,159,,,,,,,,,,
,,220,,,,,,,,,,
,,320,,,,,,,,,,
,,296,,,,,,,,,,
,,226,,,,,,,,,,
,,226,,,,,,,,,,
,,228,,,,,,,,,,
,,305,,,,,,,,,,
,,252,,,,,,,,,,
,,260,,,,,,,,,,
,,265,,,,,,,,,,
,,237,,,,,,,,,,
,,651,,,,,,,,,,
,,656,,,,,,,,,,
,,500,,,,,,,,,,
,,350,,,,,,,,,,
,,350,,,,,,,,,,
,,239,,,,,,,,,,
,,207,,,,,,,,,,
,,272,,,,,,,,,,
,,277,,,,,,,,,,
,,277,,,,,,,,,,
,,450,,,,,,,,,,
,,452,,,,,,,,,,
,,452,,,,,,,,,,
,,223,,,,,,,,,,
,,422,,,,,,,,,,
,,414,,,,,,,,,,
,,388,,,,,,,,,,
,,265,,,,,,,,,,
,,241,,,,,,,,,,
,,356,,,,,,,,,,
,,366,,,,,,,,,,
,,361,,,,,,,,,,
,,324,,,,,,,,,,
,,323,,,,,,,,,,
,,335,,,,,,,,,,
,,252,,,,,,,,,,
,,256,,,,,,,,,,
,,265,,,,,,,,,,
,,366,,,,,,,,,,
,,372,,,,,,,,,,
,,368,,,,,,,,,,
,,213,,,,,,,,,,
,,219,,,,,,,,,,
,,217,,,,,,,,,,
,,347,,,,,,,,,,
,,352,,,,,,,,,,
,,273,,,,,,,,,,
,,299,,,,,,,,,,
,,310,,,,,,,,,,
,,421,,,,,,,,,,
,,425,,,,,,,,,,
,,418,,,,,,,,,,
,,494,,,,,,,,,,
,,504,,,,,,,,,,
,,395,,,,,,,,,,
,,281,,,,,,,,,,
,,266,,,,,,,,,,
,,274,,,,,,,,,,
,,275,,,,,,,,,,
,,502,,,,,,,,,,
,,347,,,,,,,,,,
,,342,,,,,,,,,,
,,367,,,,,,,,,,
,,375,,,,,,,,,,
,,388,,,,,,,,,,
,,249,,,,,,,,,,
,,247,,,,,,,,,,
,,239,,,,,,,,,,
,,270,,,,,,,,,,
,,271,,,,,,,,,,
,,272,,,,,,,,,,
,,280,,,,,,,,,,
,,225,,,,,,,,,,
,,444,,,,,,,,,,
,,462,,,,,,,,,,
,,465,,,,,,,,,,
,,275,,,,,,,,,,
,,285,,,,,,,,,,
,,230,,,,,,,,,,
,,239,,,,,,,,,,
,,248,,,,,,,,,,
,,259,,,,,,,,,,
,,259,,,,,,,,,,
,,263,,,,,,,,,,
,,264,,,,,,,,,,
,,368,,,,,,,,,,
,,413,,,,,,,,,,
,,606,,,,,,,,,,
,,373,,,,,,,,,,
,,373,,,,,,,,,,
,,393,,,,,,,,,,
,,332,,,,,,,,,,
,,332,,,,,,,,,,
,,232,,,,,,,,,,
,,240,,,,,,,,,,
,,260,,,,,,,,,,
,,316,,,,,,,,,,
,,320,,,,,,,,,,
,,290,,,,,,,,,,
,,289,,,,,,,,,,
,,292,,,,,,,,,,
,,289,,,,,,,,,,
,,214,,,,,,,,,,
,,221,,,,,,,,,,
,,219,,,,,,,,,,
,,432,,,,,,,,,,
,,434,,,,,,,,,,
,,426,,,,,,,,,,
,,231,,,,,,,,,,
,,239,,,,,,,,,,
,,334,,,,,,,,,,
,,309,,,,,,,,,,
,,304,,,,,,,,,,
,,258,,,,,,,,,,
,,271,,,,,,,,,,
,,271,,,,,,,,,,
,,185,,,,,,,,,,
,,192,,,,,,,,,,
,,193,,,,,,,,,,
,,269,,,,,,,,,,
,,279,,,,,,,,,,
,,235,,,,,,,,,,
,,235,,,,,,,,,,
,,236,,,,,,,,,,
,,253,,,,,,,,,,
,,307,,,,,,,,,,
,,307,,,,,,,,,,
,,289,,,,,,,,,,
,,289,,,,,,,,,,
,,294,,,,,,,,,,
,,320,,,,,,,,,,
,,331,,,,,,,,,,
,,960,,,,,,,,,,
,,381,,,,,,,,,,
,,293,,,,,,,,,,
,,306,,,,,,,,,,
,,308,,,,,,,,,,
,,615,,,,,,,,,,
,,618,,,,,,,,,,
,,277,,,,,,,,,,
,,267,,,,,,,,,,
,,276,,,,,,,,,,
,,156,,,,,,,,,,
,,279,,,,,,,,,,
,,306,,,,,,,,,,
,,367,,,,,,,,,,
,,351,,,,,,,,,,
,,264,,,,,,,,,,
,,255,,,,,,,,,,
,,257,,,,,,,,,,
,,251,,,,,,,,,,
,,270,,,,,,,,,,
,,253,,,,,,,,,,
,,254,,,,,,,,,,
,,296,,,,,,,,,,
,,341,,,,,,,,,,
,,303,,,,,,,,,,
,,300,,,,,,,,,,
,,328,,,,,,,,,,
,,197,,,,,,,,,,
,,207,,,,,,,,,,
,,553,,,,,,,,,,
,,556,,,,,,,,,,
,,235,,,,,,,,,,
,,195,,,,,,,,,,
,,241,,,,,,,,,,
,,248,,,,,,,,,,
,,256,,,,,,,,,,
,,265,,,,,,,,,,
,,534,,,,,,,,,,
,,719,,,,,,,,,,
,,723,,,,,,,,,,
,,430,,,,,,,,,,
,,567,,,,,,,,,,
,,544,,,,,,,,,,
,,304,,,,,,,,,,
,,277,,,,,,,,,,
,,275,,,,,,,,,,
,,710,,,,,,,,,,
,,693,,,,,,,,,,
,,304,,,,,,,,,,
,,309,,,,,,,,,,
,,304,,,,,,,,,,
,,355,,,,,,,,,,
,,429,,,,,,,,,,
,,431,,,,,,,,,,
,,263,,,,,,,,,,
,,267,,,,,,,,,,
,,248,,,,,,,,,,
,,245,,,,,,,,,,
,,250,,,,,,,,,,
,,252,,,,,,,,,,
,,417,,,,,,,,,,
,,429,,,,,,,,,,
,,271,,,,,,,,,,
,,460,,,,,,,,,,
,,460,,,,,,,,,,
,,269,,,,,,,,,,
,,271,,,,,,,,,,
,,265,,,,,,,,,,
,,358,,,,,,,,,,
,,321,,,,,,,,,,
,,331,,,,,,,,,,
,,320,,,,,,,,,,
,,329,,,,,,,,,,
,,329,,,,,,,,,,
,,355,,,,,,,,,,
,,116,,,,,,,,,,
,,242,,,,,,,,,,
,,534,,,,,,,,,,
,,537,,,,,,,,,,
,,213,,,,,,,,,,
,,219,,,,,,,,,,
,,223,,,,,,,,,,
,,224,,,,,,,,,,
,,263,,,,,,,,,,
,,270,,,,,,,,,,
,,260,,,,,,,,,,
,,148,,,,,,,,,,
,,325,,,,,,,,,,
,,309,,,,,,,,,,
,,306,,,,,,,,,,
,,196,,,,,,,,,,
,,185,,,,,,,,,,
,,358,,,,,,,,,,
,,363,,,,,,,,,,
,,363,,,,,,,,,,
,,361,,,,,,,,,,
,,167,,,,,,,,,,
,,221,,,,,,,,,,
,,286,,,,,,,,,,
,,247,,,,,,,,,,
,,255,,,,,,,,,,
,,264,,,,,,,,,,
,,466,,,,,,,,,,
,,474,,,,,,,,,,
,,323,,,,,,,,,,
,,335,,,,,,,,,,
,,350,,,,,,,,,,
,,260,,,,,,,,,,
,,246,,,,,,,,,,
,,255,,,,,,,,,,
,,224,,,,,,,,,,
,,225,,,,,,,,,,
,,241,,,,,,,,,,
,,353,,,,,,,,,,
,,372,,,,,,,,,,
,,356,,,,,,,,,,
,,232,,,,,,,,,,
,,240,,,,,,,,,,
,,238,,,,,,,,,,
,,356,,,,,,,,,,
,,437,,,,,,,,,,
,,169,,,,,,,,,,
,,334,,,,,,,,,,
,,349,,,,,,,,,,
,,251,,,,,,,,,,
,,336,,,,,,,,,,
,,360,,,,,,,,,,
,,520,,,,,,,,,,
,,590,,,,,,,,,,
,,554,,,,,,,,,,
,,303,,,,,,,,,,
,,106,,,,,,,,,,
,,229,,,,,,,,,,
,,237,,,,,,,,,,
,,234,,,,,,,,,,
,,231,,,,,,,,,,
,,338,,,,,,,,,,
,,343,,,,,,,,,,
,,338,,,,,,,,,,
,,347,,,,,,,,,,
,,358,,,,,,,,,,
,,331,,,,,,,,,,
,,341,,,,,,,,,,
,,337,,,,,,,,,,
,,525,,,,,,,,,,
,,667,,,,,,,,,,
,,721,,,,,,,,,,
,,288,,,,,,,,,,
,,281,,,,,,,,,,
,,291,,,,,,,,,,
,,186,,,,,,,,,,
,,304,,,,,,,,,,
,,304,,,,,,,,,,
,,274,,,,,,,,,,
,,523,,,,,,,,,,
,,486,,,,,,,,,,
,,376,,,,,,,,,,
,,331,,,,,,,,,,
,,346,,,,,,,,,,
,,192,,,,,,,,,,
,,299,,,,,,,,,,
,,310,,,,,,,,,,
,,305,,,,,,,,,,
,,196,,,,,,,,,,
,,508,,,,,,,,,,
,,327,,,,,,,,,,
,,321,,,,,,,,,,
,,317,,,,,,,,,,
,,307,,,,,,,,,,
,,262,,,,,,,,,,
,,287,,,,,,,,,,
,,332,,,,,,,,,,
,,275,,,,,,,,,,
,,353,,,,,,,,,,
,,353,,,,,,,,,,
,,353,,,,,,,,,,
,,302,,,,,,,,,,
,,520,,,,,,,,,,
,,527,,,,,,,,,,
,,336,,,,,,,,,,
,,297,,,,,,,,,,
,,303,,,,,,,,,,
,,301,,,,,,,,,,
,,298,,,,,,,,,,
,,286,,,,,,,,,,
,,294,,,,,,,,,,
,,291,,,,,,,,,,
,,257,,,,,,,,,,
,,262,,,,,,,,,,
,,267,,,,,,,,,,
,,275,,,,,,,,,,
,,327,,,,,,,,,,
,,337,,,,,,,,,,
,,348,,,,,,,,,,
,,284,,,,,,,,,,
,,292,,,,,,,,,,
,,330,,,,,,,,,,
,,324,,,,,,,,,,
,,265,,,,,,,,,,
,,272,,,,,,,,,,
,,269,,,,,,,,,,
,,217,,,,,,,,,,
,,219,,,,,,,,,,
,,263,,,,,,,,,,
,,270,,,,,,,,,,
,,541,,,,,,,,,,
,,565,,,,,,,,,,
,,568,,,,,,,,,,
,,537,,,,,,,,,,
,,872,,,,,,,,,,
,,210,,,,,,,,,,
,,230,,,,,,,,,,
,,238,,,,,,,,,,
,,408,,,,,,,,,,
,,466,,,,,,,,,,
,,468,,,,,,,,,,
,,303,,,,,,,,,,
,,312,,,,,,,,,,
,,632,,,,,,,,,,
,,281,,,,,,,,,,
,,290,,,,,,,,,,
,,290,,,,,,,,,,
,,293,,,,,,,,,,
,,313,,,,,,,,,,
,,356,,,,,,,,,,
,,302,,,,,,,,,,
,,330,,,,,,,,,,
,,360,,,,,,,,,,
,,452,,,,,,,,,,
,,433,,,,,,,,,,
,,452,,,,,,,,,,
,,238,,,,,,,,,,
,,243,,,,,,,,,,
,,243,,,,,,,,,,
,,223,,,,,,,,,,
,,272,,,,,,,,,,
,,273,,,,,,,,,,
,,253,,,,,,,,,,
,,315,,,,,,,,,,
,,334,,,,,,,,,,
,,315,,,,,,,,,,
,,459,,,,,,,,,,
,,229,,,,,,,,,,
,,236,,,,,,,,,,
,,224,,,,,,,,,,
,,200,,,,,,,,,,
,,290,,,,,,,,,,
,,255,,,,,,,,,,
,,264,,,,,,,,,,
,,262,,,,,,,,,,
,,268,,,,,,,,,,
,,276,,,,,,,,,,
,,277,,,,,,,,,,
,,210,,,,,,,,,,
,,230,,,,,,,,,,
,,239,,,,,,,,,,
,,247,,,,,,,,,,
,,254,,,,,,,,,,
,,258,,,,,,,,,,
,,304,,,,,,,,,,
,,109,,,,,,,,,,
,,207,,,,,,,,,,
,,481,,,,,,,,,,
,,481,,,,,,,,,,
,,484,,,,,,,,,,
,,172,,,,,,,,,,
,,461,,,,,,,,,,
,,468,,,,,,,,,,
,,243,,,,,,,,,,
,,243,,,,,,,,,,
,,243,,,,,,,,,,
,,255,,,,,,,,,,
,,304,,,,,,,,,,
,,310,,,,,,,,,,
,,312,,,,,,,,,,
,,215,,,,,,,,,,
,,250,,,,,,,,,,
,,171,,,,,,,,,,
,,187,,,,,,,,,,
,,216,,,,,,,,,,
,,298,,,,,,,,,,
,,234,,,,,,,,,,
,,239,,,,,,,,,,
,,315,,,,,,,,,,
,,363,,,,,,,,,,
,,269,,,,,,,,,,
,,291,,,,,,,,,,
,,315,,,,,,,,,,
,,200,,,,,,,,,,
,,347,,,,,,,,,,
,,586,,,,,,,,,,
,,270,,,,,,,,,,
,,270,,,,,,,,,,
,,268,,,,,,,,,,
,,307,,,,,,,,,,
,,275,,,,,,,,,,
,,376,,,,,,,,,,
,,644,,,,,,,,,,
,,455,,,,,,,,,,
,,300,,,,,,,,,,
,,306,,,,,,,,,,
,,377,,,,,,,,,,
,,554,,,,,,,,,,
,,524,,,,,,,,,,
,,236,,,,,,,,,,
,,225,,,,,,,,,,
,,246,,,,,,,,,,
,,255,,,,,,,,,,
,,280,,,,,,,,,,
,,229,,,,,,,,,,
,,215,,,,,,,,,,
,,216,,,,,,,,,,
,,265,,,,,,,,,,
,,251,,,,,,,,,,
,,252,,,,,,,,,,
,,246,,,,,,,,,,
,,264,,,,,,,,,,
,,205,,,,,,,,,,
,,284,,,,,,,,,,
,,290,,,,,,,,,,
,,288,,,,,,,,,,
,,288,,,,,,,,,,
,,268,,,,,,,,,,
,,226,,,,,,,,,,
,,656,,,,,,,,,,
,,241,,,,,,,,,,
,,238,,,,,,,,,,
,,349,,,,,,,,,,
,,376,,,,,,,,,,
,,273,,,,,,,,,,
,,283,,,,,,,,,,
,,237,,,,,,,,,,
,,273,,,,,,,,,,
,,255,,,,,,,,,,
,,225,,,,,,,,,,
,,234,,,,,,,,,,
,,203,,,,,,,,,,
,,301,,,,,,,,,,
,,234,,,,,,,,,,
,,179,,,,,,,,,,
,,299,,,,,,,,,,
,,262,,,,,,,,,,
,,283,,,,,,,,,,
,,227,,,,,,,,,,
,,231,,,,,,,,,,
,,232,,,,,,,,,,
,,231,,,,,,,,,,
,,238,,,,,,,,,,
,,238,,,,,,,,,,
,,249,,,,,,,,,,
,,255,,,,,,,,,,
,,251,,,,,,,,,,
,,302,,,,,,,,,,
,,264,,,,,,,,,,
,,289,,,,,,,,,,
,,299,,,,,,,,,,
,,229,,,,,,,,,,
,,233,,,,,,,,,,
,,259,,,,,,,,,,
,,343,,,,,,,,,,
,,365,,,,,,,,,,
,,365,,,,,,,,,,
,,282,,,,,,,,,,
,,282,,,,,,,,,,
,,283,,,,,,,,,,
,,276,,,,,,,,,,
,,276,,,,,,,,,,
,,277,,,,,,,,,,
,,298,,,,,,,,,,
,,298,,,,,,,,,,
,,250,,,,,,,,,,
,,319,,,,,,,,,,
,,243,,,,,,,,,,
,,248,,,,,,,,,,
,,257,,,,,,,,,,
,,241,,,,,,,,,,
,,248,,,,,,,,,,
,,248,,,,,,,,,,
,,192,,,,,,,,,,
,,212,,,,,,,,,,
,,241,,,,,,,,,,
,,262,,,,,,,,,,
,,270,,,,,,,,,,
,,279,,,,,,,,,,
,,238,,,,,,,,,,
,,331,,,,,,,,,,
,,258,,,,,,,,,,
,,411,,,,,,,,,,
,,289,,,,,,,,,,
,,295,,,,,,,,,,
,,320,,,,,,,,,,
,,402,,,,,,,,,,
,,412,,,,,,,,,,
,,302,,,,,,,,,,
,,304,,,,,,,,,,
,,247,,,,,,,,,,
,,275,,,,,,,,,,
,,284,,,,,,,,,,
,,267,,,,,,,,,,
,,250,,,,,,,,,,
,,539,,,,,,,,,,
,,550,,,,,,,,,,
,,541,,,,,,,,,,
,,639,,,,,,,,,,
,,220,,,,,,,,,,
,,236,,,,,,,,,,
,,376,,,,,,,,,,
,,354,,,,,,,,,,
,,243,,,,,,,,,,
,,248,,,,,,,,,,
,,213,,,,,,,,,,
,,220,,,,,,,,,,
,,232,,,,,,,,,,
,,265,,,,,,,,,,
,,259,,,,,,,,,,
,,246,,,,,,,,,,
,,173,,,,,,,,,,
,,228,,,,,,,,,,
,,243,,,,,,,,,,
,,250,,,,,,,,,,
,,255,,,,,,,,,,
,,273,,,,,,,,,,
,,153,,,,,,,,,,
,,288,,,,,,,,,,
,,322,,,,,,,,,,
,,264,,,,,,,,,,
,,235,,,,,,,,,,
,,235,,,,,,,,,,
,,332,,,,,,,,,,
,,332,,,,,,,,,,
,,328,,,,,,,,,,
,,210,,,,,,,,,,
,,217,,,,,,,,,,
,,224,,,,,,,,,,
,,340,,,,,,,,,,
,,340,,,,,,,,,,
,,335,,,,,,,,,,
,,249,,,,,,,,,,
,,250,,,,,,,,,,
,,72,,,,,,,,,,
,,554,,,,,,,,,,
,,545,,,,,,,,,,
,,313,,,,,,,,,,
,,319,,,,,,,,,,
,,315,,,,,,,,,,
,,343,,,,,,,,,,
,,343,,,,,,,,,,
,,343,,,,,,,,,,
,,285,,,,,,,,,,
,,294,,,,,,,,,,
,,294,,,,,,,,,,
,,296,,,,,,,,,,
,,296,,,,,,,,,,
,,294,,,,,,,,,,
,,296,,,,,,,,,,
,,546,,,,,,,,,,
,,200,,,,,,,,,,
,,338,,,,,,,,,,
,,320,,,,,,,,,,
,,323,,,,,,,,,,
,,325,,,,,,,,,,
,,492,,,,,,,,,,
,,495,,,,,,,,,,
,,205,,,,,,,,,,
,,259,,,,,,,,,,
,,268,,,,,,,,,,
,,277,,,,,,,,,,
,,355,,,,,,,,,,
,,322,,,,,,,,,,
,,211,,,,,,,,,,
,,357,,,,,,,,,,
,,251,,,,,,,,,,
,,259,,,,,,,,,,
,,238,,,,,,,,,,
,,312,,,,,,,,,,
,,267,,,,,,,,,,
,,273,,,,,,,,,,
,,328,,,,,,,,,,
,,331,,,,,,,,,,
,,326,,,,,,,,,,
,,386,,,,,,,,,,
,,330,,,,,,,,,,
,,413,,,,,,,,,,
,,415,,,,,,,,,,
,,322,,,,,,,,,,
,,327,,,,,,,,,,
,,327,,,,,,,,,,
,,99,,,,,,,,,,
,,294,,,,,,,,,,
,,402,,,,,,,,,,
,,406,,,,,,,,,,
,,402,,,,,,,,,,
,,289,,,,,,,,,,
,,298,,,,,,,,,,
,,299,,,,,,,,,,
,,522,,,,,,,,,,
,,783,,,,,,,,,,
,,522,,,,,,,,,,
,,295,,,,,,,,,,
,,264,,,,,,,,,,
,,268,,,,,,,,,,
,,311,,,,,,,,,,
,,311,,,,,,,,,,
,,315,,,,,,,,,,
,,299,,,,,,,,,,
,,303,,,,,,,,,,
,,303,,,,,,,,,,
,,608,,,,,,,,,,
,,636,,,,,,,,,,
,,460,,,,,,,,,,
,,563,,,,,,,,,,
,,373,,,,,,,,,,
,,245,,,,,,,,,,
,,253,,,,,,,,,,
,,254,,,,,,,,,,
,,264,,,,,,,,,,
,,330,,,,,,,,,,
,,337,,,,,,,,,,
,,332,,,,,,,,,,
,,277,,,,,,,,,,
,,288,,,,,,,,,,
,,322,,,,,,,,,,
,,438,,,,,,,,,,
,,512,,,,,,,,,,
,,314,,,,,,,,,,
,,320,,,,,,,,,,
,,301,,,,,,,,,,
,,338,,,,,,,,,,
,,350,,,,,,,,,,
,,293,,,,,,,,,,
,,424,,,,,,,,,,
,,316,,,,,,,,,,
,,326,,,,,,,,,,
,,313,,,,,,,,,,
,,315,,,,,,,,,,
,,291,,,,,,,,,,
,,441,,,,,,,,,,
,,291,,,,,,,,,,
,,274,,,,,,,,,,
,,275,,,,,,,,,,
,,236,,,,,,,,,,
,,452,,,,,,,,,,
,,346,,,,,,,,,,
,,346,,,,,,,,,,
,,356,,,,,,,,,,
,,422,,,,,,,,,,
,,317,,,,,,,,,,
,,325,,,,,,,,,,
,,326,,,,,,,,,,
,,320,,,,,,,,,,
,,325,,,,,,,,,,
,,320,,,,,,,,,,
,,301,,,,,,,,,,
,,303,,,,,,,,,,
,,313,,,,,,,,,,
,,322,,,,,,,,,,
,,315,,,,,,,,,,
,,312,,,,,,,,,,
,,301,,,,,,,,,,
,,302,,,,,,,,,,
,,627,,,,,,,,,,
,,210,,,,,,,,,,
,,198,,,,,,,,,,
,,199,,,,,,,,,,
,,485,,,,,,,,,,
,,612,,,,,,,,,,
,,612,,,,,,,,,,
,,349,,,,,,,,,,
,,289,,,,,,,,,,
,,289,,,,,,,,,,
,,291,,,,,,,,,,
,,526,,,,,,,,,,
,,560,,,,,,,,,,
,,350,,,,,,,,,,
,,281,,,,,,,,,,
,,289,,,,,,,,,,
,,286,,,,,,,,,,
,,490,,,,,,,,,,
,,367,,,,,,,,,,
,,490,,,,,,,,,,
,,545,,,,,,,,,,
,,299,,,,,,,,,,
,,301,,,,,,,,,,
,,253,,,,,,,,,,
,,253,,,,,,,,,,
,,723,,,,,,,,,,
,,715,,,,,,,,,,
,,567,,,,,,,,,,
,,567,,,,,,,,,,
,,567,,,,,,,,,,
,,266,,,,,,,,,,
,,273,,,,,,,,,,
,,274,,,,,,,,,,
,,408,,,,,,,,,,
,,558,,,,,,,,,,
,,335,,,,,,,,,,
,,319,,,,,,,,,,
,,247,,,,,,,,,,
,,229,,,,,,,,,,
,,218,,,,,,,,,,
,,254,,,,,,,,,,
,,258,,,,,,,,,,
,,221,,,,,,,,,,
,,290,,,,,,,,,,
,,298,,,,,,,,,,
,,574,,,,,,,,,,
,,286,,,,,,,,,,
,,379,,,,,,,,,,
,,308,,,,,,,,,,
,,293,,,,,,,,,,
,,290,,,,,,,,,,
,,385,,,,,,,,,,
,,378,,,,,,,,,,
,,385,,,,,,,,,,
,,276,,,,,,,,,,
,,276,,,,,,,,,,
,,188,,,,,,,,,,
,,253,,,,,,,,,,
,,260,,,,,,,,,,
,,243,,,,,,,,,,
,,521,,,,,,,,,,
,,555,,,,,,,,,,
,,557,,,,,,,,,,
,,377,,,,,,,,,,
,,363,,,,,,,,,,
,,368,,,,,,,,,,
,,932,,,,,,,,,,
,,956,,,,,,,,,,
,,398,,,,,,,,,,
,,404,,,,,,,,,,
,,436,,,,,,,,,,
,,280,,,,,,,,,,
,,292,,,,,,,,,,
,,287,,,,,,,,,,
,,274,,,,,,,,,,
,,260,,,,,,,,,,
,,384,,,,,,,,,,
,,371,,,,,,,,,,
,,505,,,,,,,,,,
,,672,,,,,,,,,,
,,672,,,,,,,,,,
,,324,,,,,,,,,,
,,327,,,,,,,,,,
,,432,,,,,,,,,,
,,383,,,,,,,,,,
,,396,,,,,,,,,,
,,226,,,,,,,,,,
,,497,,,,,,,,,,
,,266,,,,,,,,,,
,,237,,,,,,,,,,
,,238,,,,,,,,,,
,,301,,,,,,,,,,
,,278,,,,,,,,,,
,,278,,,,,,,,,,
,,447,,,,,,,,,,
,,449,,,,,,,,,,
,,224,,,,,,,,,,
,,290,,,,,,,,,,
,,292,,,,,,,,,,
,,296,,,,,,,,,,
,,307,,,,,,,,,,
,,282,,,,,,,,,,
,,154,,,,,,,,,,
,,238,,,,,,,,,,
,,239,,,,,,,,,,
,,309,,,,,,,,,,
,,317,,,,,,,,,,
,,314,,,,,,,,,,
,,277,,,,,,,,,,
,,282,,,,,,,,,,
,,364,,,,,,,,,,
,,129,,,,,,,,,,
,,221,,,,,,,,,,
,,333,,,,,,,,,,
,,298,,,,,,,,,,
,,281,,,,,,,,,,
,,286,,,,,,,,,,
,,282,,,,,,,,,,
,,204,,,,,,,,,,
,,223,,,,,,,,,,
,,231,,,,,,,,,,
,,152,,,,,,,,,,
,,229,,,,,,,,,,
,,244,,,,,,,,,,
,,248,,,,,,,,,,
,,263,,,,,,,,,,
,,597,,,,,,,,,,
,,749,,,,,,,,,,
,,513,,,,,,,,,,
,,513,,,,,,,,,,
,,508,,,,,,,,,,
,,278,,,,,,,,,,
,,317,,,,,,,,,,
,,287,,,,,,,,,,
,,293,,,,,,,,,,
,,404,,,,,,,,,,
,,412,,,,,,,,,,
,,209,,,,,,,,,,
,,332,,,,,,,,,,
,,258,,,,,,,,,,
,,264,,,,,,,,,,
,,389,,,,,,,,,,
,,383,,,,,,,,,,
,,342,,,,,,,,,,
,,349,,,,,,,,,,
,,342,,,,,,,,,,
,,337,,,,,,,,,,
,,192,,,,,,,,,,
,,196,,,,,,,,,,
,,239,,,,,,,,,,
,,303,,,,,,,,,,
,,309,,,,,,,,,,
,,311,,,,,,,,,,
,,350,,,,,,,,,,
,,335,,,,,,,,,,
,,281,,,,,,,,,,
,,277,,,,,,,,,,
,,244,,,,,,,,,,
,,185,,,,,,,,,,
,,283,,,,,,,,,,
,,282,,,,,,,,,,
,,220,,,,,,,,,,
,,183,,,,,,,,,,
,,479,,,,,,,,,,
,,486,,,,,,,,,,
,,479,,,,,,,,,,
,,223,,,,,,,,,,
,,230,,,,,,,,,,
,,231,,,,,,,,,,
,,254,,,,,,,,,,
,,265,,,,,,,,,,
,,229,,,,,,,,,,
,,234,,,,,,,,,,
,,92,,,,,,,,,,
,,296,,,,,,,,,,
,,296,,,,,,,,,,
,,293,,,,,,,,,,
,,294,,,,,,,,,,
,,278,,,,,,,,,,
,,475,,,,,,,,,,
,,274,,,,,,,,,,
,,250,,,,,,,,,,
,,251,,,,,,,,,,
,,414,,,,,,,,,,
,,416,,,,,,,,,,
,,422,,,,,,,,,,
,,232,,,,,,,,,,
,,239,,,,,,,,,,
,,229,,,,,,,,,,
,,326,,,,,,,,,,
,,339,,,,,,,,,,
,,341,,,,,,,,,,
,,315,,,,,,,,,,
,,315,,,,,,,,,,
,,284,,,,,,,,,,
,,364,,,,,,,,,,
,,371,,,,,,,,,,
,,377,,,,,,,,,,
,,62,,,,,,,,,,
,,288,,,,,,,,,,
,,293,,,,,,,,,,
,,272,,,,,,,,,,
,,300,,,,,,,,,,
,,307,,,,,,,,,,
,,285,,,,,,,,,,
,,350,,,,,,,,,,
,,302,,,,,,,,,,
,,374,,,,,,,,,,
,,387,,,,,,,,,,
,,230,,,,,,,,,,
,,314,,,,,,,,,,
,,274,,,,,,,,,,
,,282,,,,,,,,,,
,,282,,,,,,,,,,
,,279,,,,,,,,,,
,,288,,,,,,,,,,
,,284,,,,,,,,,,
,,460,,,,,,,,,,
,,436,,,,,,,,,,
,,379,,,,,,,,,,
,,280,,,,,,,,,,
,,214,,,,,,,,,,
,,233,,,,,,,,,,
,,242,,,,,,,,,,
,,189,,,,,,,,,,
,,210,,,,,,,,,,
,,250,,,,,,,,,,
,,246,,,,,,,,,,
,,247,,,,,,,,,,
,,294,,,,,,,,,,
,,216,,,,,,,,,,
,,223,,,,,,,,,,
,,237,,,,,,,,,,
,,220,,,,,,,,,,
,,230,,,,,,,,,,
,,241,,,,,,,,,,
,,249,,,,,,,,,,
,,223,,,,,,,,,,
,,224,,,,,,,,,,
,,230,,,,,,,,,,
,,232,,,,,,,,,,
,,240,,,,,,,,,,
,,247,,,,,,,,,,
,,248,,,,,,,,,,
,,408,,,,,,,,,,
,,443,,,,,,,,,,
,,440,,,,,,,,,,
,,252,,,,,,,,,,
,,262,,,,,,,,,,
,,836,,,,,,,,,,
,,331,,,,,,,,,,
,,331,,,,,,,,,,
,,274,,,,,,,,,,
,,300,,,,,,,,,,
,,324,,,,,,,,,,
,,347,,,,,,,,,,
,,519,,,,,,,,,,
,,519,,,,,,,,,,
,,514,,,,,,,,,,
,,398,,,,,,,,,,
,,408,,,,,,,,,,
,,388,,,,,,,,,,
,,569,,,,,,,,,,
,,683,,,,,,,,,,
,,263,,,,,,,,,,
,,271,,,,,,,,,,
,,271,,,,,,,,,,
,,325,,,,,,,,,,
,,328,,,,,,,,,,
,,325,,,,,,,,,,
,,298,,,,,,,,,,
,,312,,,,,,,,,,
,,312,,,,,,,,,,
,,190,,,,,,,,,,
,,202,,,,,,,,,,
,,237,,,,,,,,,,
,,128,,,,,,,,,,
,,338,,,,,,,,,,
,,340,,,,,,,,,,
,,238,,,,,,,,,,
,,241,,,,,,,,,,
,,249,,,,,,,,,,
,,260,,,,,,,,,,
,,261,,,,,,,,,,
,,261,,,,,,,,,,
,,177,,,,,,,,,,
,,271,,,,,,,,,,
,,271,,,,,,,,,,
,,272,,,,,,,,,,
,,113,,,,,,,,,,
,,210,,,,,,,,,,
,,343,,,,,,,,,,
,,270,,,,,,,,,,
,,275,,,,,,,,,,
,,348,,,,,,,,,,
,,215,,,,,,,,,,
,,252,,,,,,,,,,
,,246,,,,,,,,,,
,,279,,,,,,,,,,
,,303,,,,,,,,,,
,,501,,,,,,,,,,
,,192,,,,,,,,,,
,,231,,,,,,,,,,
,,219,,,,,,,,,,
,,307,,,,,,,,,,
,,455,,,,,,,,,,
,,305,,,,,,,,,,
,,326,,,,,,,,,,
,,277,,,,,,,,,,
,,263,,,,,,,,,,
,,261,,,,,,,,,,
,,306,,,,,,,,,,
,,292,,,,,,,,,,
,,268,,,,,,,,,,
,,296,,,,,,,,,,
,,308,,,,,,,,,,
,,623,,,,,,,,,,
,,305,,,,,,,,,,
,,392,,,,,,,,,,
,,321,,,,,,,,,,
,,296,,,,,,,,,,
,,298,,,,,,,,,,
,,255,,,,,,,,,,
,,226,,,,,,,,,,
,,235,,,,,,,,,,
,,236,,,,,,,,,,
,,351,,,,,,,,,,
,,276,,,,,,,,,,
,,284,,,,,,,,,,
,,284,,,,,,,,,,
,,219,,,,,,,,,,
,,227,,,,,,,,,,
,,225,,,,,,,,,,
,,327,,,,,,,,,,
,,262,,,,,,,,,,
,,260,,,,,,,,,,
,,265,,,,,,,,,,
,,270,,,,,,,,,,
,,192,,,,,,,,,,
,,290,,,,,,,,,,
,,328,,,,,,,,,,
,,354,,,,,,,,,,
,,530,,,,,,,,,,
,,678,,,,,,,,,,
,,691,,,,,,,,,,
,,695,,,,,,,,,,
,,253,,,,,,,,,,
,,271,,,,,,,,,,
,,392,,,,,,,,,,
,,465,,,,,,,,,,
,,472,,,,,,,,,,
,,265,,,,,,,,,,
,,275,,,,,,,,,,
,,276,,,,,,,,,,
,,378,,,,,,,,,,
,,387,,,,,,,,,,
,,389,,,,,,,,,,
,,265,,,,,,,,,,
,,324,,,,,,,,,,
,,609,,,,,,,,,,
,,300,,,,,,,,,,
,,309,,,,,,,,,,
,,305,,,,,,,,,,
,,319,,,,,,,,,,
,,327,,,,,,,,,,
,,323,,,,,,,,,,
,,259,,,,,,,,,,
,,775,,,,,,,,,,
,,791,,,,,,,,,,
,,783,,,,,,,,,,
,,491,,,,,,,,,,
,,491,,,,,,,,,,
,,258,,,,,,,,,,
,,261,,,,,,,,,,
,,328,,,,,,,,,,
,,175,,,,,,,,,,
,,263,,,,,,,,,,
,,268,,,,,,,,,,
,,270,,,,,,,,,,
,,453,,,,,,,,,,
,,464,,,,,,,,,,
,,331,,,,,,,,,,
,,301,,,,,,,,,,
,,198,,,,,,,,,,
,,204,,,,,,,,,,
,,257,,,,,,,,,,
,,230,,,,,,,,,,
,,234,,,,,,,,,,
,,241,,,,,,,,,,
,,336,,,,,,,,,,
,,333,,,,,,,,,,
,,377,,,,,,,,,,
,,355,,,,,,,,,,
,,313,,,,,,,,,,
,,270,,,,,,,,,,
,,270,,,,,,,,,,
,,266,,,,,,,,,,
,,218,,,,,,,,,,
,,284,,,,,,,,,,
,,280,,,,,,,,,,
,,277,,,,,,,,,,
,,348,,,,,,,,,,
,,348,,,,,,,,,,
,,225,,,,,,,,,,
,,222,,,,,,,,,,
,,263,,,,,,,,,,
,,263,,,,,,,,,,
,,263,,,,,,,,,,
,,267,,,,,,,,,,
,,250,,,,,,,,,,
,,282,,,,,,,,,,
,,285,,,,,,,,,,
,,304,,,,,,,,,,
,,246,,,,,,,,,,
,,253,,,,,,,,,,
,,238,,,,,,,,,,
,,240,,,,,,,,,,
,,240,,,,,,,,,,
,,264,,,,,,,,,,
,,289,,,,,,,,,,
,,269,,,,,,,,,,
,,281,,,,,,,,,,
,,282,,,,,,,,,,
,,369,,,,,,,,,,
,,369,,,,,,,,,,
,,276,,,,,,,,,,
,,238,,,,,,,,,,
,,376,,,,,,,,,,
,,341,,,,,,,,,,
,,350,,,,,,,,,,
,,331,,,,,,,,,,
,,359,,,,,,,,,,
,,447,,,,,,,,,,
,,396,,,,,,,,,,
,,409,,,,,,,,,,
,,409,,,,,,,,,,
,,284,,,,,,,,,,
,,519,,,,,,,,,,
,,634,,,,,,,,,,
,,582,,,,,,,,,,
,,151,,,,,,,,,,
,,238,,,,,,,,,,
,,239,,,,,,,,,,
,,273,,,,,,,,,,
,,197,,,,,,,,,,
,,201,,,,,,,,,,
,,207,,,,,,,,,,
,,545,,,,,,,,,,
,,562,,,,,,,,,,
,,565,,,,,,,,,,
,,397,,,,,,,,,,
,,409,,,,,,,,,,
,,285,,,,,,,,,,
,,134,,,,,,,,,,
,,193,,,,,,,,,,
,,199,,,,,,,,,,
,,204,,,,,,,,,,
,,315,,,,,,,,,,
,,314,,,,,,,,,,
,,281,,,,,,,,,,
,,270,,,,,,,,,,
,,457,,,,,,,,,,
,,450,,,,,,,,,,
,,484,,,,,,,,,,
,,475,,,,,,,,,,
,,477,,,,,,,,,,
,,308,,,,,,,,,,
,,218,,,,,,,,,,
,,221,,,,,,,,,,
,,428,,,,,,,,,,
,,356,,,,,,,,,,
,,133,,,,,,,,,,
,,378,,,,,,,,,,
,,350,,,,,,,,,,
,,410,,,,,,,,,,
,,376,,,,,,,,,,
,,239,,,,,,,,,,
,,405,,,,,,,,,,
,,272,,,,,,,,,,
,,391,,,,,,,,,,
,,424,,,,,,,,,,
,,257,,,,,,,,,,
,,285,,,,,,,,,,
,,294,,,,,,,,,,
,,226,,,,,,,,,,
,,237,,,,,,,,,,
,,793,,,,,,,,,,
,,759,,,,,,,,,,
,,793,,,,,,,,,,
,,316,,,,,,,,,,
,,356,,,,,,,,,,
,,387,,,,,,,,,,
,,394,,,,,,,,,,
,,417,,,,,,,,,,
,,734,,,,,,,,,,
,,239,,,,,,,,,,
,,246,,,,,,,,,,
,,268,,,,,,,,,,
,,277,,,,,,,,,,
,,279,,,,,,,,,,
,,369,,,,,,,,,,
,,347,,,,,,,,,,
,,445,,,,,,,,,,
,,481,,,,,,,,,,
,,483,,,,,,,,,,
,,256,,,,,,,,,,
,,261,,,,,,,,,,
,,189,,,,,,,,,,
,,187,,,,,,,,,,
,,188,,,,,,,,,,
,,125,,,,,,,,,,
,,212,,,,,,,,,,
,,210,,,,,,,,,,
,,208,,,,,,,,,,
,,228,,,,,,,,,,
,,262,,,,,,,,,,
,,272,,,,,,,,,,
,,269,,,,,,,,,,
,,201,,,,,,,,,,
,,206,,,,,,,,,,
,,206,,,,,,,,,,
,,252,,,,,,,,,,
,,269,,,,,,,,,,
,,260,,,,,,,,,,
,,275,,,,,,,,,,
,,279,,,,,,,,,,
,,429,,,,,,,,,,
,,702,,,,,,,,,,
,,191,,,,,,,,,,
,,234,,,,,,,,,,
,,223,,,,,,,,,,
,,215,,,,,,,,,,
,,301,,,,,,,,,,
,,251,,,,,,,,,,
,,274,,,,,,,,,,
,,266,,,,,,,,,,
,,273,,,,,,,,,,
,,224,,,,,,,,,,
,,233,,,,,,,,,,
,,234,,,,,,,,,,
,,62,,,,,,,,,,
,,238,,,,,,,,,,
,,226,,,,,,,,,,
,,234,,,,,,,,,,
,,242,,,,,,,,,,
,,242,,,,,,,,,,
,,243,,,,,,,,,,
,,292,,,,,,,,,,
,,273,,,,,,,,,,
,,278,,,,,,,,,,
,,255,,,,,,,,,,
,,249,,,,,,,,,,
,,215,,,,,,,,,,
,,208,,,,,,,,,,
,,209,,,,,,,,,,
,,210,,,,,,,,,,
,,223,,,,,,,,,,
,,220,,,,,,,,,,
,,220,,,,,,,,,,
,,398,,,,,,,,,,
,,274,,,,,,,,,,
,,283,,,,,,,,,,
,,279,,,,,,,,,,
,,222,,,,,,,,,,
,,223,,,,,,,,,,
,,221,,,,,,,,,,
,,225,,,,,,,,,,
,,222,,,,,,,,,,
,,218,,,,,,,,,,
,,243,,,,,,,,,,
,,238,,,,,,,,,,
,,235,,,,,,,,,,
,,221,,,,,,,,,,
,,238,,,,,,,,,,
,,245,,,,,,,,,,
,,253,,,,,,,,,,
,,416,,,,,,,,,,
,,416,,,,,,,,,,
,,362,,,,,,,,,,
,,301,,,,,,,,,,
,,259,,,,,,,,,,
,,260,,,,,,,,,,
,,258,,,,,,,,,,
,,224,,,,,,,,,,
,,215,,,,,,,,,,
,,217,,,,,,,,,,
,,238,,,,,,,,,,
,,233,,,,,,,,,,
,,233,,,,,,,,,,
,,233,,,,,,,,,,
,,200,,,,,,,,,,
,,550,,,,,,,,,,
,,220,,,,,,,,,,
,,84,,,,,,,,,,
,,250,,,,,,,,,,
,,248,,,,,,,,,,
,,256,,,,,,,,,,
,,267,,,,,,,,,,
,,254,,,,,,,,,,
,,251,,,,,,,,,,
,,252,,,,,,,,,,
,,233,,,,,,,,,,
,,234,,,,,,,,,,
,,235,,,,,,,,,,
,,195,,,,,,,,,,
,,229,,,,,,,,,,
,,228,,,,,,,,,,
,,231,,,,,,,,,,
,,232,,,,,,,,,,
,,307,,,,,,,,,,
,,336,,,,,,,,,,
,,231,,,,,,,,,,
,,220,,,,,,,,,,
,,213,,,,,,,,,,
,,235,,,,,,,,,,
,,209,,,,,,,,,,
,,208,,,,,,,,,,
,,217,,,,,,,,,,
,,216,,,,,,,,,,
,,217,,,,,,,,,,
,,259,,,,,,,,,,
,,307,,,,,,,,,,
,,373,,,,,,,,,,
,,233,,,,,,,,,,
,,236,,,,,,,,,,
,,229,,,,,,,,,,
,,213,,,,,,,,,,
,,214,,,,,,,,,,
,,213,,,,,,,,,,
,,305,,,,,,,,,,
,,305,,,,,,,,,,
,,307,,,,,,,,,,
,,258,,,,,,,,,,
,,258,,,,,,,,,,
,,254,,,,,,,,,,
,,222,,,,,,,,,,
,,251,,,,,,,,,,
,,245,,,,,,,,,,
,,275,,,,,,,,,,
,,281,,,,,,,,,,
,,276,,,,,,,,,,
,,248,,,,,,,,,,
,,243,,,,,,,,,,
,,231,,,,,,,,,,
,,315,,,,,,,,,,
,,230,,,,,,,,,,
,,227,,,,,,,,,,
,,228,,,,,,,,,,
,,225,,,,,,,,,,
,,227,,,,,,,,,,
,,227,,,,,,,,,,
,,268,,,,,,,,,,
,,276,,,,,,,,,,
,,271,,,,,,,,,,
,,229,,,,,,,,,,
,,226,,,,,,,,,,
,,274,,,,,,,,,,
,,452,,,,,,,,,,
,,452,,,,,,,,,,
,,421,,,,,,,,,,
,,300,,,,,,,,,,
,,233,,,,,,,,,,
,,234,,,,,,,,,,
,,231,,,,,,,,,,
,,235,,,,,,,,,,
,,284,,,,,,,,,,
,,269,,,,,,,,,,
,,315,,,,,,,,,,
,,366,,,,,,,,,,
,,196,,,,,,,,,,
,,200,,,,,,,,,,
,,190,,,,,,,,,,
,,213,,,,,,,,,,
,,216,,,,,,,,,,
,,216,,,,,,,,,,
,,267,,,,,,,,,,
,,275,,,,,,,,,,
,,272,,,,,,,,,,
,,281,,,,,,,,,,
,,291,,,,,,,,,,
,,203,,,,,,,,,,
,,206,,,,,,,,,,
,,202,,,,,,,,,,
,,235,,,,,,,,,,
,,243,,,,,,,,,,
,,269,,,,,,,,,,
,,272,,,,,,,,,,
,,211,,,,,,,,,,
,,220,,,,,,,,,,
,,224,,,,,,,,,,
,,257,,,,,,,,,,
,,266,,,,,,,,,,
,,267,,,,,,,,,,
,,308,,,,,,,,,,
,,394,,,,,,,,,,
,,233,,,,,,,,,,
,,231,,,,,,,,,,
,,232,,,,,,,,,,
,,214,,,,,,,,,,
,,237,,,,,,,,,,
,,239,,,,,,,,,,
,,243,,,,,,,,,,
,,266,,,,,,,,,,
,,264,,,,,,,,,,
,,265,,,,,,,,,,
,,234,,,,,,,,,,
,,238,,,,,,,,,,
,,239,,,,,,,,,,
,,238,,,,,,,,,,
,,170,,,,,,,,,,
,,176,,,,,,,,,,
,,253,,,,,,,,,,
,,203,,,,,,,,,,
,,204,,,,,,,,,,
,,172,,,,,,,,,,
,,173,,,,,,,,,,
,,205,,,,,,,,,,
,,325,,,,,,,,,,
,,327,,,,,,,,,,
,,327,,,,,,,,,,
,,372,,,,,,,,,,
,,902,,,,,,,,,,
,,329,,,,,,,,,,
,,247,,,,,,,,,,
,,370,,,,,,,,,,
,,367,,,,,,,,,,
,,278,,,,,,,,,,
,,377,,,,,,,,,,
,,231,,,,,,,,,,
,,231,,,,,,,,,,
,,215,,,,,,,,,,
,,217,,,,,,,,,,
,,227,,,,,,,,,,
,,551,,,,,,,,,,
,,622,,,,,,,,,,
,,219,,,,,,,,,,
,,220,,,,,,,,,,
,,221,,,,,,,,,,
,,216,,,,,,,,,,
,,387,,,,,,,,,,
,,402,,,,,,,,,,
,,282,,,,,,,,,,
,,304,,,,,,,,,,
,,238,,,,,,,,,,
,,240,,,,,,,,,,
,,237,,,,,,,,,,
,,259,,,,,,,,,,
,,273,,,,,,,,,,
,,206,,,,,,,,,,
,,198,,,,,,,,,,
,,197,,,,,,,,,,
,,195,,,,,,,,,,
,,196,,,,,,,,,,
,,196,,,,,,,,,,
,,225,,,,,,,,,,
,,226,,,,,,,,,,
,,228,,,,,,,,,,
,,356,,,,,,,,,,
,,326,,,,,,,,,,
,,372,,,,,,,,,,
,,217,,,,,,,,,,
,,246,,,,,,,,,,
,,235,,,,,,,,,,
,,241,,,,,,,,,,
,,223,,,,,,,,,,
,,224,,,,,,,,,,
,,224,,,,,,,,,,
,,393,,,,,,,,,,
,,365,,,,,,,,,,
,,359,,,,,,,,,,
,,232,,,,,,,,,,
,,235,,,,,,,,,,
,,227,,,,,,,,,,
,,57,,,,,,,,,,
,,256,,,,,,,,,,
,,335,,,,,,,,,,
,,342,,,,,,,,,,
,,337,,,,,,,,,,
,,333,,,,,,,,,,
,,211,,,,,,,,,,
,,213,,,,,,,,,,
,,208,,,,,,,,,,
,,245,,,,,,,,,,
,,242,,,,,,,,,,
,,231,,,,,,,,,,
,,501,,,,,,,,,,
,,221,,,,,,,,,,
,,226,,,,,,,,,,
,,229,,,,,,,,,,
,,222,,,,,,,,,,
,,443,,,,,,,,,,
,,476,,,,,,,,,,
,,490,,,,,,,,,,
,,202,,,,,,,,,,
,,203,,,,,,,,,,
,,203,,,,,,,,,,
,,486,,,,,,,,,,
,,486,,,,,,,,,,
,,466,,,,,,,,,,
,,236,,,,,,,,,,
,,236,,,,,,,,,,
,,239,,,,,,,,,,
,,725,,,,,,,,,,
,,745,,,,,,,,,,
,,257,,,,,,,,,,
,,257,,,,,,,,,,
,,259,,,,,,,,,,
,,235,,,,,,,,,,
,,239,,,,,,,,,,
,,239,,,,,,,,,,
,,319,,,,,,,,,,
,,304,,,,,,,,,,
,,299,,,,,,,,,,
,,308,,,,,,,,,,
,,230,,,,,,,,,,
,,252,,,,,,,,,,
,,231,,,,,,,,,,
,,204,,,,,,,,,,
,,206,,,,,,,,,,
,,206,,,,,,,,,,
,,81,,,,,,,,,,
,,287,,,,,,,,,,
,,278,,,,,,,,,,
,,290,,,,,,,,,,
,,301,,,,,,,,,,
,,296,,,,,,,,,,
,,296,,,,,,,,,,
,,306,,,,,,,,,,
,,286,,,,,,,,,,
,,295,,,,,,,,,,
,,292,,,,,,,,,,
,,245,,,,,,,,,,
,,238,,,,,,,,,,
,,218,,,,,,,,,,
,,227,,,,,,,,,,
,,222,,,,,,,,,,
,,282,,,,,,,,,,
,,282,,,,,,,,,,
,,284,,,,,,,,,,
,,509,,,,,,,,,,
,,247,,,,,,,,,,
,,232,,,,,,,,,,
,,223,,,,,,,,,,
,,223,,,,,,,,,,
,,218,,,,,,,,,,
,,528,,,,,,,,,,
,,448,,,,,,,,,,
,,518,,,,,,,,,,
,,453,,,,,,,,,,
,,211,,,,,,,,,,
,,214,,,,,,,,,,
,,215,,,,,,,,,,
,,259,,,,,,,,,,
,,250,,,,,,,,,,
,,185,,,,,,,,,,
,,188,,,,,,,,,,
,,193,,,,,,,,,,
,,226,,,,,,,,,,
,,226,,,,,,,,,,
,,226,,,,,,,,,,
,,229,,,,,,,,,,
,,230,,,,,,,,,,
,,231,,,,,,,,,,
,,230,,,,,,,,,,
,,254,,,,,,,,,,
,,254,,,,,,,,,,
,,488,,,,,,,,,,
,,460,,,,,,,,,,
,,372,,,,,,,,,,
,,248,,,,,,,,,,
,,201,,,,,,,,,,
,,205,,,,,,,,,,
,,200,,,,,,,,,,
,,125,,,,,,,,,,
,,158,,,,,,,,,,
,,163,,,,,,,,,,
,,160,,,,,,,,,,
,,160,,,,,,,,,,
,,161,,,,,,,,,,
,,232,,,,,,,,,,
,,250,,,,,,,,,,
,,250,,,,,,,,,,
,,506,,,,,,,,,,
,,441,,,,,,,,,,
,,233,,,,,,,,,,
,,227,,,,,,,,,,
,,227,,,,,,,,,,
,,364,,,,,,,,,,
,,255,,,,,,,,,,
,,259,,,,,,,,,,
,,225,,,,,,,,,,
,,224,,,,,,,,,,
,,274,,,,,,,,,,
,,260,,,,,,,,,,
,,262,,,,,,,,,,
,,345,,,,,,,,,,
,,341,,,,,,,,,,
,,341,,,,,,,,,,
,,471,,,,,,,,,,
,,431,,,,,,,,,,
,,428,,,,,,,,,,
,,443,,,,,,,,,,
,,447,,,,,,,,,,
,,213,,,,,,,,,,
,,214,,,,,,,,,,
,,214,,,,,,,,,,
,,329,,,,,,,,,,
,,256,,,,,,,,,,
,,334,,,,,,,,,,
,,242,,,,,,,,,,
,,245,,,,,,,,,,
,,243,,,,,,,,,,
,,243,,,,,,,,,,
,,238,,,,,,,,,,
,,238,,,,,,,,,,
,,302,,,,,,,,,,
,,304,,,,,,,,,,
,,465,,,,,,,,,,
,,473,,,,,,,,,,
,,194,,,,,,,,,,
,,194,,,,,,,,,,
,,194,,,,,,,,,,
,,244,,,,,,,,,,
,,217,,,,,,,,,,
,,215,,,,,,,,,,
,,223,,,,,,,,,,
,,223,,,,,,,,,,
,,226,,,,,,,,,,
,,234,,,,,,,,,,
,,363,,,,,,,,,,
,,376,,,,,,,,,,
,,445,,,,,,,,,,
,,458,,,,,,,,,,
,,320,,,,,,,,,,
,,185,,,,,,,,,,
,,193,,,,,,,,,,
,,189,,,,,,,,,,
,,262,,,,,,,,,,
,,252,,,,,,,,,,
,,253,,,,,,,,,,
,,244,,,,,,,,,,
,,225,,,,,,,,,,
,,226,,,,,,,,,,
,,233,,,,,,,,,,
,,64,,,,,,,,,,
,,218,,,,,,,,,,
,,225,,,,,,,,,,
,,226,,,,,,,,,,
,,208,,,,,,,,,,
,,209,,,,,,,,,,
,,267,,,,,,,,,,
,,252,,,,,,,,,,
,,252,,,,,,,,,,
,,220,,,,,,,,,,
,,221,,,,,,,,,,
,,222,,,,,,,,,,
,,232,,,,,,,,,,
,,220,,,,,,,,,,
,,221,,,,,,,,,,
,,219,,,,,,,,,,
,,196,,,,,,,,,,
,,204,,,,,,,,,,
,,203,,,,,,,,,,
,,314,,,,,,,,,,
,,314,,,,,,,,,,
,,243,,,,,,,,,,
,,250,,,,,,,,,,
,,252,,,,,,,,,,
,,327,,,,,,,,,,
,,335,,,,,,,,,,
,,330,,,,,,,,,,
,,392,,,,,,,,,,
,,392,,,,,,,,,,
,,225,,,,,,,,,,
,,228,,,,,,,,,,
,,229,,,,,,,,,,
,,198,,,,,,,,,,
,,199,,,,,,,,,,
,,200,,,,,,,,,,
,,229,,,,,,,,,,
,,224,,,,,,,,,,
,,317,,,,,,,,,,
,,330,,,,,,,,,,
,,330,,,,,,,,,,
,,261,,,,,,,,,,
,,255,,,,,,,,,,
,,256,,,,,,,,,,
,,401,,,,,,,,,,
,,188,,,,,,,,,,
,,186,,,,,,,,,,
,,183,,,,,,,,,,
,,277,,,,,,,,,,
,,287,,,,,,,,,,
,,363,,,,,,,,,,
,,228,,,,,,,,,,
,,224,,,,,,,,,,
,,222,,,,,,,,,,
,,253,,,,,,,,,,
,,444,,,,,,,,,,
,,259,,,,,,,,,,
,,268,,,,,,,,,,
,,242,,,,,,,,,,
,,235,,,,,,,,,,
,,236,,,,,,,,,,
,,232,,,,,,,,,,
,,261,,,,,,,,,,
,,248,,,,,,,,,,
,,245,,,,,,,,,,
,,234,,,,,,,,,,
,,238,,,,,,,,,,
,,205,,,,,,,,,,
,,204,,,,,,,,,,
,,202,,,,,,,,,,
,,213,,,,,,,,,,
,,211,,,,,,,,,,
,,211,,,,,,,,,,
,,283,,,,,,,,,,
,,278,,,,,,,,,,
,,334,,,,,,,,,,
,,339,,,,,,,,,,
,,334,,,,,,,,,,
,,321,,,,,,,,,,
,,327,,,,,,,,,,
,,184,,,,,,,,,,
,,185,,,,,,,,,,
,,185,,,,,,,,,,
,,298,,,,,,,,,,
,,278,,,,,,,,,,
,,297,,,,,,,,,,
,,201,,,,,,,,,,
,,317,,,,,,,,,,
,,292,,,,,,,,,,
,,240,,,,,,,,,,
,,249,,,,,,,,,,
,,311,,,,,,,,,,
,,295,,,,,,,,,,
,,320,,,,,,,,,,
,,280,,,,,,,,,,
,,248,,,,,,,,,,
,,216,,,,,,,,,,
,,216,,,,,,,,,,
,,215,,,,,,,,,,
,,379,,,,,,,,,,
,,221,,,,,,,,,,
,,224,,,,,,,,,,
,,356,,,,,,,,,,
,,365,,,,,,,,,,
,,360,,,,,,,,,,
,,363,,,,,,,,,,
,,370,,,,,,,,,,
,,370,,,,,,,,,,
,,208,,,,,,,,,,
,,213,,,,,,,,,,
,,388,,,,,,,,,,
,,388,,,,,,,,,,
,,390,,,,,,,,,,
,,405,,,,,,,,,,
,,310,,,,,,,,,,
,,246,,,,,,,,,,
,,246,,,,,,,,,,
,,239,,,,,,,,,,
,,236,,,,,,,,,,
,,231,,,,,,,,,,
,,232,,,,,,,,,,
,,228,,,,,,,,,,
,,230,,,,,,,,,,
,,230,,,,,,,,,,
,,220,,,,,,,,,,
,,225,,,,,,,,,,
,,225,,,,,,,,,,
,,208,,,,,,,,,,
,,206,,,,,,,,,,
,,207,,,,,,,,,,
,,276,,,,,,,,,,
,,252,,,,,,,,,,
,,242,,,,,,,,,,
,,561,,,,,,,,,,
,,573,,,,,,,,,,
,,523,,,,,,,,,,
,,241,,,,,,,,,,
,,241,,,,,,,,,,
,,241,,,,,,,,,,
,,262,,,,,,,,,,
,,276,,,,,,,,,,
,,260,,,,,,,,,,
,,256,,,,,,,,,,
,,271,,,,,,,,,,
,,226,,,,,,,,,,
,,226,,,,,,,,,,
,,227,,,,,,,,,,
,,342,,,,,,,,,,
,,248,,,,,,,,,,
,,258,,,,,,,,,,
,,255,,,,,,,,,,
,,208,,,,,,,,,,
,,210,,,,,,,,,,
,,216,,,,,,,,,,
,,229,,,,,,,,,,
,,231,,,,,,,,,,
,,410,,,,,,,,,,
,,351,,,,,,,,,,
,,354,,,,,,,,,,
,,215,,,,,,,,,,
,,53,,,,,,,,,,
,,215,,,,,,,,,,
,,273,,,,,,,,,,
,,265,,,,,,,,,,
,,265,,,,,,,,,,
,,500,,,,,,,,,,
,,512,,,,,,,,,,
,,512,,,,,,,,,,
,,330,,,,,,,,,,
,,261,,,,,,,,,,
,,332,,,,,,,,,,
,,308,,,,,,,,,,
,,294,,,,,,,,,,
,,267,,,,,,,,,,
,,414,,,,,,,,,,
,,363,,,,,,,,,,
,,373,,,,,,,,,,
,,327,,,,,,,,,,
,,231,,,,,,,,,,
,,234,,,,,,,,,,
,,225,,,,,,,,,,
,,296,,,,,,,,,,
,,302,,,,,,,,,,
,,299,,,,,,,,,,
,,227,,,,,,,,,,
,,229,,,,,,,,,,
,,392,,,,,,,,,,
,,250,,,,,,,,,,
,,324,,,,,,,,,,
,,215,,,,,,,,,,
,,211,,,,,,,,,,
,,211,,,,,,,,,,
,,208,,,,,,,,,,
,,214,,,,,,,,,,
,,209,,,,,,,,,,
,,256,,,,,,,,,,
,,237,,,,,,,,,,
,,236,,,,,,,,,,
,,228,,,,,,,,,,
,,228,,,,,,,,,,
,,211,,,,,,,,,,
,,205,,,,,,,,,,
,,212,,,,,,,,,,
,,274,,,,,,,,,,
,,271,,,,,,,,,,
,,229,,,,,,,,,,
,,221,,,,,,,,,,
,,221,,,,,,,,,,
,,278,,,,,,,,,,
,,286,,,,,,,,,,
,,296,,,,,,,,,,
,,303,,,,,,,,,,
,,174,,,,,,,,,,
,,180,,,,,,,,,,
,,181,,,,,,,,,,
,,168,,,,,,,,,,
,,184,,,,,,,,,,
,,179,,,,,,,,,,
,,237,,,,,,,,,,
,,243,,,,,,,,,,
,,196,,,,,,,,,,
,,462,,,,,,,,,,
,,393,,,,,,,,,,
,,412,,,,,,,,,,
,,258,,,,,,,,,,
,,282,,,,,,,,,,
,,280,,,,,,,,,,
,,305,,,,,,,,,,
,,207,,,,,,,,,,
,,214,,,,,,,,,,
,,214,,,,,,,,,,
,,199,,,,,,,,,,
,,344,,,,,,,,,,
,,308,,,,,,,,,,
,,309,,,,,,,,,,
,,198,,,,,,,,,,
,,200,,,,,,,,,,
,,199,,,,,,,,,,
,,379,,,,,,,,,,
,,477,,,,,,,,,,
,,457,,,,,,,,,,
,,375,,,,,,,,,,
,,223,,,,,,,,,,
,,221,,,,,,,,,,
,,218,,,,,,,,,,
,,249,,,,,,,,,,
,,247,,,,,,,,,,
,,247,,,,,,,,,,
,,228,,,,,,,,,,
,,220,,,,,,,,,,
,,203,,,,,,,,,,
,,206,,,,,,,,,,
,,207,,,,,,,,,,
,,327,,,,,,,,,,
,,297,,,,,,,,,,
,,298,,,,,,,,,,
,,219,,,,,,,,,,
,,221,,,,,,,,,,
,,217,,,,,,,,,,
,,225,,,,,,,,,,
,,230,,,,,,,,,,
,,231,,,,,,,,,,
,,228,,,,,,,,,,
,,192,,,,,,,,,,
,,323,,,,,,,,,,
,,237,,,,,,,,,,
,,353,,,,,,,,,,
,,378,,,,,,,,,,
,,375,,,,,,,,,,
,,393,,,,,,,,,,
,,273,,,,,,,,,,
,,234,,,,,,,,,,
,,236,,,,,,,,,,
,,250,,,,,,,,,,
,,245,,,,,,,,,,
,,241,,,,,,,,,,
,,230,,,,,,,,,,
,,232,,,,,,,,,,
,,224,,,,,,,,,,
,,230,,,,,,,,,,
,,224,,,,,,,,,,
,,231,,,,,,,,,,
,,236,,,,,,,,,,
,,266,,,,,,,,,,
,,318,,,,,,,,,,
,,298,,,,,,,,,,
,,219,,,,,,,,,,
,,216,,,,,,,,,,
,,217,,,,,,,,,,
,,276,,,,,,,,,,
,,275,,,,,,,,,,
,,272,,,,,,,,,,
,,244,,,,,,,,,,
,,244,,,,,,,,,,
,,245,,,,,,,,,,
,,288,,,,,,,,,,
,,298,,,,,,,,,,
,,300,,,,,,,,,,
,,252,,,,,,,,,,
,,695,,,,,,,,,,
,,590,,,,,,,,,,
,,566,,,,,,,,,,
,,48,,,,,,,,,,
,,283,,,,,,,,,,
,,278,,,,,,,,,,
,,282,,,,,,,,,,
,,267,,,,,,,,,,
,,247,,,,,,,,,,
,,184,,,,,,,,,,
,,232,,,,,,,,,,
,,139,,,,,,,,,,
,,278,,,,,,,,,,
,,211,,,,,,,,,,
,,245,,,,,,,,,,
,,255,,,,,,,,,,
,,260,,,,,,,,,,
,,280,,,,,,,,,,
,,285,,,,,,,,,,
,,281,,,,,,,,,,
,,201,,,,,,,,,,
,,203,,,,,,,,,,
,,204,,,,,,,,,,
,,223,,,,,,,,,,
,,222,,,,,,,,,,
,,409,,,,,,,,,,
,,415,,,,,,,,,,
,,321,,,,,,,,,,
,,321,,,,,,,,,,
,,229,,,,,,,,,,
,,231,,,,,,,,,,
,,232,,,,,,,,,,
,,212,,,,,,,,,,
,,213,,,,,,,,,,
,,213,,,,,,,,,,
,,191,,,,,,,,,,
,,339,,,,,,,,,,
,,337,,,,,,,,,,
,,324,,,,,,,,,,
,,233,,,,,,,,,,
,,69,,,,,,,,,,
,,378,,,,,,,,,,
,,292,,,,,,,,,,
,,280,,,,,,,,,,
,,277,,,,,,,,,,
,,284,,,,,,,,,,
,,288,,,,,,,,,,
,,285,,,,,,,,,,
,,206,,,,,,,,,,
,,207,,,,,,,,,,
,,207,,,,,,,,,,
,,216,,,,,,,,,,
,,249,,,,,,,,,,
,,253,,,,,,,,,,
,,245,,,,,,,,,,
,,227,,,,,,,,,,
,,376,,,,,,,,,,
,,239,,,,,,,,,,
,,240,,,,,,,,,,
,,409,,,,,,,,,,
,,336,,,,,,,,,,
,,346,,,,,,,,,,
,,348,,,,,,,,,,
,,171,,,,,,,,,,
,,243,,,,,,,,,,
,,260,,,,,,,,,,
,,252,,,,,,,,,,
,,289,,,,,,,,,,
,,286,,,,,,,,,,
,,200,,,,,,,,,,
,,264,,,,,,,,,,
,,382,,,,,,,,,,
,,384,,,,,,,,,,
,,315,,,,,,,,,,
,,324,,,,,,,,,,
,,308,,,,,,,,,,
,,358,,,,,,,,,,
,,353,,,,,,,,,,
,,273,,,,,,,,,,
,,272,,,,,,,,,,
,,273,,,,,,,,,,
,,245,,,,,,,,,,
,,605,,,,,,,,,,
,,676,,,,,,,,,,
,,737,,,,,,,,,,
,,217,,,,,,,,,,
,,216,,,,,,,,,,
,,217,,,,,,,,,,
,,334,,,,,,,,,,
,,309,,,,,,,,,,
,,306,,,,,,,,,,
,,234,,,,,,,,,,
,,160,,,,,,,,,,
,,165,,,,,,,,,,
,,230,,,,,,,,,,
,,231,,,,,,,,,,
,,232,,,,,,,,,,
,,276,,,,,,,,,,
,,215,,,,,,,,,,
,,210,,,,,,,,,,
,,211,,,,,,,,,,
,,242,,,,,,,,,,
,,197,,,,,,,,,,
,,367,,,,,,,,,,
,,223,,,,,,,,,,
,,225,,,,,,,,,,
,,222,,,,,,,,,,
,,210,,,,,,,,,,
,,210,,,,,,,,,,
,,210,,,,,,,,,,
,,233,,,,,,,,,,
,,226,,,,,,,,,,
,,218,,,,,,,,,,
,,325,,,,,,,,,,
,,342,,,,,,,,,,
,,315,,,,,,,,,,
,,324,,,,,,,,,,
,,291,,,,,,,,,,
,,283,,,,,,,,,,
,,246,,,,,,,,,,
,,418,,,,,,,,,,
,,252,,,,,,,,,,
,,379,,,,,,,,,,
,,221,,,,,,,,,,
,,222,,,,,,,,,,
,,223,,,,,,,,,,
,,283,,,,,,,,,,
,,310,,,,,,,,,,
,,233,,,,,,,,,,
,,238,,,,,,,,,,
,,238,,,,,,,,,,
,,211,,,,,,,,,,
,,212,,,,,,,,,,
,,212,,,,,,,,,,
,,247,,,,,,,,,,
,,243,,,,,,,,,,
,,231,,,,,,,,,,
,,365,,,,,,,,,,
,,241,,,,,,,,,,
,,243,,,,,,,,,,
,,238,,,,,,,,,,
,,532,,,,,,,,,,
,,328,,,,,,,,,,
,,500,,,,,,,,,,
,,216,,,,,,,,,,
,,212,,,,,,,,,,
,,212,,,,,,,,,,
,,237,,,,,,,,,,
,,241,,,,,,,,,,
,,186,,,,,,,,,,
,,437,,,,,,,,,,
,,249,,,,,,,,,,
,,249,,,,,,,,,,
,,239,,,,,,,,,,
,,260,,,,,,,,,,
,,267,,,,,,,,,,
,,250,,,,,,,,,,
,,253,,,,,,,,,,
,,250,,,,,,,,,,
,,218,,,,,,,,,,
,,238,,,,,,,,,,
,,247,,,,,,,,,,
,,245,,,,,,,,,,
,,255,,,,,,,,,,
,,332,,,,,,,,,,
,,332,,,,,,,,,,
,,250,,,,,,,,,,
,,252,,,,,,,,,,
,,250,,,,,,,,,,
,,230,,,,,,,,,,
,,231,,,,,,,,,,
,,231,,,,,,,,,,
,,233,,,,,,,,,,
,,231,,,,,,,,,,
,,232,,,,,,,,,,
,,233,,,,,,,,,,
,,322,,,,,,,,,,
,,314,,,,,,,,,,
,,253,,,,,,,,,,
,,260,,,,,,,,,,
,,256,,,,,,,,,,
,,242,,,,,,,,,,
,,247,,,,,,,,,,
,,244,,,,,,,,,,
,,231,,,,,,,,,,
,,228,,,,,,,,,,
,,347,,,,,,,,,,
,,349,,,,,,,,,,
,,349,,,,,,,,,,
,,296,,,,,,,,,,
,,305,,,,,,,,,,
,,302,,,,,,,,,,
,,262,,,,,,,,,,
,,260,,,,,,,,,,
,,252,,,,,,,,,,
,,202,,,,,,,,,,
,,203,,,,,,,,,,
,,323,,,,,,,,,,
,,347,,,,,,,,,,
,,336,,,,,,,,,,
,,276,,,,,,,,,,
,,296,,,,,,,,,,
,,305,,,,,,,,,,
,,344,,,,,,,,,,
,,357,,,,,,,,,,
,,217,,,,,,,,,,
,,244,,,,,,,,,,
,,272,,,,,,,,,,
,,272,,,,,,,,,,
,,272,,,,,,,,,,
,,259,,,,,,,,,,
,,279,,,,,,,,,,
,,293,,,,,,,,,,
,,698,,,,,,,,,,
,,651,,,,,,,,,,
,,509,,,,,,,,,,
,,549,,,,,,,,,,
,,552,,,,,,,,,,
,,775,,,,,,,,,,
,,883,,,,,,,,,,
,,440,,,,,,,,,,
,,442,,,,,,,,,,
,,260,,,,,,,,,,
,,370,,,,,,,,,,
,,234,,,,,,,,,,
,,228,,,,,,,,,,
,,228,,,,,,,,,,
,,324,,,,,,,,,,
,,324,,,,,,,,,,
,,566,,,,,,,,,,
,,517,,,,,,,,,,
,,519,,,,,,,,,,
,,272,,,,,,,,,,
,,403,,,,,,,,,,
,,408,,,,,,,,,,
,,401,,,,,,,,,,
,,194,,,,,,,,,,
,,205,,,,,,,,,,
,,695,,,,,,,,,,
,,695,,,,,,,,,,
,,698,,,,,,,,,,
,,226,,,,,,,,,,
,,317,,,,,,,,,,
,,265,,,,,,,,,,
,,262,,,,,,,,,,
,,705,,,,,,,,,,
,,733,,,,,,,,,,
,,214,,,,,,,,,,
,,220,,,,,,,,,,
,,220,,,,,,,,,,
,,228,,,,,,,,,,
,,231,,,,,,,,,,
,,229,,,,,,,,,,
,,234,,,,,,,,,,
,,239,,,,,,,,,,
,,777,,,,,,,,,,
,,788,,,,,,,,,,
,,774,,,,,,,,,,
,,706,,,,,,,,,,
,,727,,,,,,,,,,
,,479,,,,,,,,,,
,,237,,,,,,,,,,
,,234,,,,,,,,,,
,,782,,,,,,,,,,
,,822,,,,,,,,,,
,,378,,,,,,,,,,
,,401,,,,,,,,,,
,,623,,,,,,,,,,
,,700,,,,,,,,,,
,,628,,,,,,,,,,
,,729,,,,,,,,,,
,,334,,,,,,,,,,
,,329,,,,,,,,,,
,,394,,,,,,,,,,
,,420,,,,,,,,,,
,,254,,,,,,,,,,
,,252,,,,,,,,,,
,,508,,,,,,,,,,
,,632,,,,,,,,,,
,,271,,,,,,,,,,
,,300,,,,,,,,,,
,,492,,,,,,,,,,
,,480,,,,,,,,,,
,,906,,,,,,,,,,
,,363,,,,,,,,,,
,,325,,,,,,,,,,
,,273,,,,,,,,,,
,,362,,,,,,,,,,
,,375,,,,,,,,,,
,,376,,,,,,,,,,
,,308,,,,,,,,,,
,,356,,,,,,,,,,
,,430,,,,,,,,,,
,,461,,,,,,,,,,
,,430,,,,,,,,,,
,,300,,,,,,,,,,
,,301,,,,,,,,,,
,,274,,,,,,,,,,
,,282,,,,,,,,,,
,,273,,,,,,,,,,
,,280,,,,,,,,,,
,,343,,,,,,,,,,
,,353,,,,,,,,,,
,,348,,,,,,,,,,
,,312,,,,,,,,,,
,,318,,,,,,,,,,
,,521,,,,,,,,,,
,,523,,,,,,,,,,
,,513,,,,,,,,,,
,,357,,,,,,,,,,
,,658,,,,,,,,,,
,,332,,,,,,,,,,
,,226,,,,,,,,,,
,,306,,,,,,,,,,
,,299,,,,,,,,,,
,,292,,,,,,,,,,
,,356,,,,,,,,,,
,,342,,,,,,,,,,
,,337,,,,,,,,,,
,,500,,,,,,,,,,
,,330,,,,,,,,,,
,,336,,,,,,,,,,
,,338,,,,,,,,,,
,,265,,,,,,,,,,
,,272,,,,,,,,,,
,,269,,,,,,,,,,
,,475,,,,,,,,,,
,,482,,,,,,,,,,
,,463,,,,,,,,,,
,,625,,,,,,,,,,
,,295,,,,,,,,,,
,,279,,,,,,,,,,
,,203,,,,,,,,,,
,,389,,,,,,,,,,
,,393,,,,,,,,,,
,,389,,,,,,,,,,
,,291,,,,,,,,,,
,,297,,,,,,,,,,
,,294,,,,,,,,,,
,,238,,,,,,,,,,
,,605,,,,,,,,,,
,,570,,,,,,,,,,
,,564,,,,,,,,,,
,,559,,,,,,,,,,
,,521,,,,,,,,,,
,,524,,,,,,,,,,
,,723,,,,,,,,,,
,,727,,,,,,,,,,
,,470,,,,,,,,,,
,,757,,,,,,,,,,
,,203,,,,,,,,,,
,,206,,,,,,,,,,
,,212,,,,,,,,,,
,,335,,,,,,,,,,
,,346,,,,,,,,,,
,,257,,,,,,,,,,
,,253,,,,,,,,,,
,,252,,,,,,,,,,
,,194,,,,,,,,,,
,,231,,,,,,,,,,
,,321,,,,,,,,,,
,,190,,,,,,,,,,
,,191,,,,,,,,,,
,,481,,,,,,,,,,
,,442,,,,,,,,,,
,,289,,,,,,,,,,
,,261,,,,,,,,,,
,,313,,,,,,,,,,
,,277,,,,,,,,,,
,,224,,,,,,,,,,
,,356,,,,,,,,,,
,,362,,,,,,,,,,
,,358,,,,,,,,,,
,,456,,,,,,,,,,
,,322,,,,,,,,,,
,,545,,,,,,,,,,
,,656,,,,,,,,,,
,,253,,,,,,,,,,
,,261,,,,,,,,,,
,,269,,,,,,,,,,
,,340,,,,,,,,,,
,,326,,,,,,,,,,
,,397,,,,,,,,,,
,,411,,,,,,,,,,
,,352,,,,,,,,,,
,,262,,,,,,,,,,
,,249,,,,,,,,,,
,,246,,,,,,,,,,
,,307,,,,,,,,,,
,,307,,,,,,,,,,
,,312,,,,,,,,,,
,,213,,,,,,,,,,
,,255,,,,,,,,,,
,,279,,,,,,,,,,
,,280,,,,,,,,,,
,,432,,,,,,,,,,
,,811,,,,,,,,,,
,,293,,,,,,,,,,
,,278,,,,,,,,,,
,,280,,,,,,,,,,
,,339,,,,,,,,,,
,,339,,,,,,,,,,
,,336,,,,,,,,,,
,,300,,,,,,,,,,
,,372,,,,,,,,,,
,,385,,,,,,,,,,
,,385,,,,,,,,,,
,,790,,,,,,,,,,
,,482,,,,,,,,,,
,,607,,,,,,,,,,
,,270,,,,,,,,,,
,,293,,,,,,,,,,
,,324,,,,,,,,,,
,,335,,,,,,,,,,
,,335,,,,,,,,,,
,,337,,,,,,,,,,
,,291,,,,,,,,,,
,,301,,,,,,,,,,
,,308,,,,,,,,,,
,,422,,,,,,,,,,
,,333,,,,,,,,,,
,,343,,,,,,,,,,
,,345,,,,,,,,,,
,,342,,,,,,,,,,
,,439,,,,,,,,,,
,,441,,,,,,,,,,
,,434,,,,,,,,,,
,,340,,,,,,,,,,
,,348,,,,,,,,,,
,,218,,,,,,,,,,
,,277,,,,,,,,,,
,,277,,,,,,,,,,
,,278,,,,,,,,,,
,,305,,,,,,,,,,
,,248,,,,,,,,,,
,,262,,,,,,,,,,
,,258,,,,,,,,,,
,,276,,,,,,,,,,
,,276,,,,,,,,,,
,,242,,,,,,,,,,
,,218,,,,,,,,,,
,,221,,,,,,,,,,
,,286,,,,,,,,,,
,,308,,,,,,,,,,
,,196,,,,,,,,,,
,,493,,,,,,,,,,
,,510,,,,,,,,,,
,,220,,,,,,,,,,
,,228,,,,,,,,,,
,,233,,,,,,,,,,
,,300,,,,,,,,,,
,,311,,,,,,,,,,
,,312,,,,,,,,,,
,,245,,,,,,,,,,
,,250,,,,,,,,,,
,,251,,,,,,,,,,
,,294,,,,,,,,,,
,,294,,,,,,,,,,
,,294,,,,,,,,,,
,,290,,,,,,,,,,
,,284,,,,,,,,,,
,,289,,,,,,,,,,
,,272,,,,,,,,,,
,,292,,,,,,,,,,
,,294,,,,,,,,,,
,,298,,,,,,,,,,
,,264,,,,,,,,,,
,,265,,,,,,,,,,
,,262,,,,,,,,,,
,,347,,,,,,,,,,
,,358,,,,,,,,,,
,,339,,,,,,,,,,
,,349,,,,,,,,,,
,,345,,,,,,,,,,
,,301,,,,,,,,,,
,,330,,,,,,,,,,
,,340,,,,,,,,,,
,,251,,,,,,,,,,
,,398,,,,,,,,,,
,,295,,,,,,,,,,
,,167,,,,,,,,,,
,,175,,,,,,,,,,
,,172,,,,,,,,,,
,,237,,,,,,,,,,
,,248,,,,,,,,,,
,,255,,,,,,,,,,
,,392,,,,,,,,,,
,,294,,,,,,,,,,
,,290,,,,,,,,,,
,,295,,,,,,,,,,
,,271,,,,,,,,,,
,,276,,,,,,,,,,
,,268,,,,,,,,,,
,,346,,,,,,,,,,
,,346,,,,,,,,,,
,,346,,,,,,,,,,
,,411,,,,,,,,,,
,,220,,,,,,,,,,
,,358,,,,,,,,,,
,,275,,,,,,,,,,
,,274,,,,,,,,,,
,,311,,,,,,,,,,
,,314,,,,,,,,,,
,,311,,,,,,,,,,
,,326,,,,,,,,,,
,,335,,,,,,,,,,
,,345,,,,,,,,,,
,,342,,,,,,,,,,
,,245,,,,,,,,,,
,,247,,,,,,,,,,
,,328,,,,,,,,,,
,,264,,,,,,,,,,
,,250,,,,,,,,,,
,,250,,,,,,,,,,
,,240,,,,,,,,,,
,,370,,,,,,,,,,
,,375,,,,,,,,,,
,,355,,,,,,,,,,
,,304,,,,,,,,,,
,,306,,,,,,,,,,
,,576,,,,,,,,,,
,,588,,,,,,,,,,
,,503,,,,,,,,,,
,,262,,,,,,,,,,
,,262,,,,,,,,,,
,,259,,,,,,,,,,
,,410,,,,,,,,,,
,,196,,,,,,,,,,
,,202,,,,,,,,,,
,,162,,,,,,,,,,
,,164,,,,,,,,,,
,,692,,,,,,,,,,
,,699,,,,,,,,,,
,,566,,,,,,,,,,
,,245,,,,,,,,,,
,,301,,,,,,,,,,
,,210,,,,,,,,,,
,,316,,,,,,,,,,
,,525,,,,,,,,,,
,,316,,,,,,,,,,
,,248,,,,,,,,,,
,,248,,,,,,,,,,
,,564,,,,,,,,,,
,,576,,,,,,,,,,
,,737,,,,,,,,,,
,,320,,,,,,,,,,
,,330,,,,,,,,,,
,,264,,,,,,,,,,
,,273,,,,,,,,,,
,,633,,,,,,,,,,
,,639,,,,,,,,,,
,,636,,,,,,,,,,
,,307,,,,,,,,,,
,,328,,,,,,,,,,
,,355,,,,,,,,,,
,,248,,,,,,,,,,
,,240,,,,,,,,,,
,,230,,,,,,,,,,
,,198,,,,,,,,,,
,,255,,,,,,,,,,
,,247,,,,,,,,,,
,,449,,,,,,,,,,
,,171,,,,,,,,,,
,,367,,,,,,,,,,
,,378,,,,,,,,,,
,,363,,,,,,,,,,
,,249,,,,,,,,,,
,,250,,,,,,,,,,
,,237,,,,,,,,,,
,,467,,,,,,,,,,
,,455,,,,,,,,,,
,,225,,,,,,,,,,
,,224,,,,,,,,,,
,,224,,,,,,,,,,
,,280,,,,,,,,,,
,,284,,,,,,,,,,
,,286,,,,,,,,,,
,,288,,,,,,,,,,
,,375,,,,,,,,,,
,,246,,,,,,,,,,
,,233,,,,,,,,,,
,,231,,,,,,,,,,
,,250,,,,,,,,,,
,,250,,,,,,,,,,
,,238,,,,,,,,,,
,,236,,,,,,,,,,
,,233,,,,,,,,,,
,,235,,,,,,,,,,
,,244,,,,,,,,,,
,,255,,,,,,,,,,
,,238,,,,,,,,,,
,,582,,,,,,,,,,
,,571,,,,,,,,,,
,,563,,,,,,,,,,
,,270,,,,,,,,,,
,,248,,,,,,,,,,
,,282,,,,,,,,,,
,,270,,,,,,,,,,
,,264,,,,,,,,,,
,,210,,,,,,,,,,
,,211,,,,,,,,,,
,,352,,,,,,,,,,
,,358,,,,,,,,,,
,,264,,,,,,,,,,
,,268,,,,,,,,,,
,,274,,,,,,,,,,
,,274,,,,,,,,,,
,,269,,,,,,,,,,
,,280,,,,,,,,,,
,,370,,,,,,,,,,
,,370,,,,,,,,,,
,,249,,,,,,,,,,
,,250,,,,,,,,,,
,,241,,,,,,,,,,
,,262,,,,,,,,,,
,,264,,,,,,,,,,
,,255,,,,,,,,,,
,,197,,,,,,,,,,
,,197,,,,,,,,,,
,,198,,,,,,,,,,
,,265,,,,,,,,,,
,,636,,,,,,,,,,
,,697,,,,,,,,,,
,,655,,,,,,,,,,
,,415,,,,,,,,,,
,,582,,,,,,,,,,
,,229,,,,,,,,,,
,,229,,,,,,,,,,
,,226,,,,,,,,,,
,,259,,,,,,,,,,
,,246,,,,,,,,,,
,,242,,,,,,,,,,
,,229,,,,,,,,,,
,,324,,,,,,,,,,
,,257,,,,,,,,,,
,,253,,,,,,,,,,
,,334,,,,,,,,,,
,,334,,,,,,,,,,
,,382,,,,,,,,,,
,,507,,,,,,,,,,
,,448,,,,,,,,,,
,,439,,,,,,,,,,
,,372,,,,,,,,,,
,,436,,,,,,,,,,
,,444,,,,,,,,,,
,,586,,,,,,,,,,
,,460,,,,,,,,,,
,,445,,,,,,,,,,
,,75,,,,,,,,,,
,,335,,,,,,,,,,
,,317,,,,,,,,,,
,,314,,,,,,,,,,
,,261,,,,,,,,,,
,,260,,,,,,,,,,
,,250,,,,,,,,,,
,,270,,,,,,,,,,
,,265,,,,,,,,,,
,,429,,,,,,,,,,
,,433,,,,,,,,,,
,,373,,,,,,,,,,
,,365,,,,,,,,,,
,,340,,,,,,,,,,
,,340,,,,,,,,,,
,,339,,,,,,,,,,
,,293,,,,,,,,,,
,,293,,,,,,,,,,
,,256,,,,,,,,,,
,,369,,,,,,,,,,
,,341,,,,,,,,,,
,,315,,,,,,,,,,
,,244,,,,,,,,,,
,,308,,,,,,,,,,
,,369,,,,,,,,,,
,,373,,,,,,,,,,
,,224,,,,,,,,,,
,,221,,,,,,,,,,
,,221,,,,,,,,,,
,,105,,,,,,,,,,
,,255,,,,,,,,,,
,,206,,,,,,,,,,
,,210,,,,,,,,,,
,,274,,,,,,,,,,
,,260,,,,,,,,,,
,,225,,,,,,,,,,
,,236,,,,,,,,,,
,,239,,,,,,,,,,
,,94,,,,,,,,,,
,,263,,,,,,,,,,
,,268,,,,,,,,,,
,,234,,,,,,,,,,
,,234,,,,,,,,,,
,,255,,,,,,,,,,
,,253,,,,,,,,,,
,,274,,,,,,,,,,
,,434,,,,,,,,,,
,,356,,,,,,,,,,
,,463,,,,,,,,,,
,,302,,,,,,,,,,
,,262,,,,,,,,,,
,,257,,,,,,,,,,
,,249,,,,,,,,,,
,,506,,,,,,,,,,
,,145,,,,,,,,,,
,,263,,,,,,,,,,
,,317,,,,,,,,,,
,,348,,,,,,,,,,
,,314,,,,,,,,,,
,,255,,,,,,,,,,
,,309,,,,,,,,,,
,,235,,,,,,,,,,
,,237,,,,,,,,,,
,,228,,,,,,,,,,
,,232,,,,,,,,,,
,,225,,,,,,,,,,
,,239,,,,,,,,,,
,,245,,,,,,,,,,
,,247,,,,,,,,,,
,,512,,,,,,,,,,
,,499,,,,,,,,,,
,,491,,,,,,,,,,
,,320,,,,,,,,,,
,,318,,,,,,,,,,
,,320,,,,,,,,,,
,,286,,,,,,,,,,
,,304,,,,,,,,,,
,,258,,,,,,,,,,
,,261,,,,,,,,,,
,,283,,,,,,,,,,
,,370,,,,,,,,,,
,,284,,,,,,,,,,
,,284,,,,,,,,,,
,,286,,,,,,,,,,
,,610,,,,,,,,,,
,,226,,,,,,,,,,
,,259,,,,,,,,,,
,,393,,,,,,,,,,
,,399,,,,,,,,,,
,,252,,,,,,,,,,
,,537,,,,,,,,,,
,,372,,,,,,,,,,
,,440,,,,,,,,,,
,,290,,,,,,,,,,
,,283,,,,,,,,,,
,,476,,,,,,,,,,
,,479,,,,,,,,,,
,,320,,,,,,,,,,
,,286,,,,,,,,,,
,,286,,,,,,,,,,
,,525,,,,,,,,,,
,,440,,,,,,,,,,
,,363,,,,,,,,,,
,,143,,,,,,,,,,
,,250,,,,,,,,,,
,,233,,,,,,,,,,
,,325,,,,,,,,,,
,,320,,,,,,,,,,
,,306,,,,,,,,,,
,,309,,,,,,,,,,
,,385,,,,,,,,,,
,,393,,,,,,,,,,
,,320,,,,,,,,,,
,,326,,,,,,,,,,
,,322,,,,,,,,,,
,,322,,,,,,,,,,
,,322,,,,,,,,,,
,,228,,,,,,,,,,
,,238,,,,,,,,,,
,,245,,,,,,,,,,
,,243,,,,,,,,,,
,,209,,,,,,,,,,
,,216,,,,,,,,,,
,,217,,,,,,,,,,
,,344,,,,,,,,,,
,,368,,,,,,,,,,
,,329,,,,,,,,,,
,,399,,,,,,,,,,
,,399,,,,,,,,,,
,,300,,,,,,,,,,
,,308,,,,,,,,,,
,,275,,,,,,,,,,
,,317,,,,,,,,,,
,,322,,,,,,,,,,
,,308,,,,,,,,,,
,,426,,,,,,,,,,
,,313,,,,,,,,,,
,,305,,,,,,,,,,
,,313,,,,,,,,,,
,,131,,,,,,,,,,
,,252,,,,,,,,,,
,,361,,,,,,,,,,
,,233,,,,,,,,,,
,,846,,,,,,,,,,
,,780,,,,,,,,,,
,,846,,,,,,,,,,
,,238,,,,,,,,,,
,,238,,,,,,,,,,
,,238,,,,,,,,,,
,,382,,,,,,,,,,
,,420,,,,,,,,,,
,,339,,,,,,,,,,
,,409,,,,,,,,,,
,,299,,,,,,,,,,
,,298,,,,,,,,,,
,,309,,,,,,,,,,
,,310,,,,,,,,,,
,,261,,,,,,,,,,
,,267,,,,,,,,,,
,,287,,,,,,,,,,
,,272,,,,,,,,,,
,,303,,,,,,,,,,
,,241,,,,,,,,,,
,,403,,,,,,,,,,
,,410,,,,,,,,,,
,,411,,,,,,,,,,
,,296,,,,,,,,,,
,,296,,,,,,,,,,
,,384,,,,,,,,,,
,,376,,,,,,,,,,
,,374,,,,,,,,,,
,,261,,,,,,,,,,
,,373,,,,,,,,,,
,,377,,,,,,,,,,
,,629,,,,,,,,,,
,,629,,,,,,,,,,
,,648,,,,,,,,,,
,,1000,,,,,,,,,,
,,425,,,,,,,,,,
,,435,,,,,,,,,,
,,417,,,,,,,,,,
,,334,,,,,,,,,,
,,436,,,,,,,,,,
,,380,,,,,,,,,,
,,404,,,,,,,,,,
,,350,,,,,,,,,,
,,378,,,,,,,,,,
,,538,,,,,,,,,,
,,249,,,,,,,,,,
,,498,,,,,,,,,,
,,514,,,,,,,,,,
,,503,,,,,,,,,,
,,468,,,,,,,,,,
,,432,,,,,,,,,,
,,350,,,,,,,,,,
,,351,,,,,,,,,,
,,311,,,,,,,,,,
,,392,,,,,,,,,,
,,249,,,,,,,,,,
,,210,,,,,,,,,,
,,267,,,,,,,,,,
,,344,,,,,,,,,,
,,312,,,,,,,,,,
,,117,,,,,,,,,,
,,269,,,,,,,,,,
,,474,,,,,,,,,,
,,583,,,,,,,,,,
,,591,,,,,,,,,,
,,359,,,,,,,,,,
,,363,,,,,,,,,,
,,503,,,,,,,,,,
,,444,,,,,,,,,,
,,393,,,,,,,,,,
,,399,,,,,,,,,,
,,467,,,,,,,,,,
,,504,,,,,,,,,,
,,390,,,,,,,,,,
,,200,,,,,,,,,,
,,278,,,,,,,,,,
,,536,,,,,,,,,,
,,542,,,,,,,,,,
,,542,,,,,,,,,,
,,892,,,,,,,,,,
,,770,,,,,,,,,,
,,762,,,,,,,,,,
,,403,,,,,,,,,,
,,401,,,,,,,,,,
,,395,,,,,,,,,,
,,575,,,,,,,,,,
,,352,,,,,,,,,,
,,792,,,,,,,,,,
,,808,,,,,,,,,,
,,194,,,,,,,,,,
,,417,,,,,,,,,,
,,426,,,,,,,,,,
,,667,,,,,,,,,,
,,411,,,,,,,,,,
,,418,,,,,,,,,,
,,411,,,,,,,,,,
,,307,,,,,,,,,,
,,318,,,,,,,,,,
,,530,,,,,,,,,,
,,170,,,,,,,,,,
,,214,,,,,,,,,,
,,248,,,,,,,,,,
,,259,,,,,,,,,,
,,259,,,,,,,,,,
,,342,,,,,,,,,,
,,326,,,,,,,,,,
,,313,,,,,,,,,,
,,201,,,,,,,,,,
,,205,,,,,,,,,,
,,392,,,,,,,,,,
,,629,,,,,,,,,,
,,502,,,,,,,,,,
,,507,,,,,,,,,,
,,457,,,,,,,,,,
,,311,,,,,,,,,,
,,358,,,,,,,,,,
,,274,,,,,,,,,,
,,266,,,,,,,,,,
,,536,,,,,,,,,,
,,739,,,,,,,,,,
,,484,,,,,,,,,,
,,733,,,,,,,,,,
,,415,,,,,,,,,,
,,613,,,,,,,,,,
,,616,,,,,,,,,,
,,625,,,,,,,,,,
,,499,,,,,,,,,,
,,278,,,,,,,,,,
,,330,,,,,,,,,,
,,435,,,,,,,,,,
,,189,,,,,,,,,,
,,340,,,,,,,,,,
,,337,,,,,,,,,,
,,874,,,,,,,,,,
,,546,,,,,,,,,,
,,334,,,,,,,,,,
,,336,,,,,,,,,,
,,448,,,,,,,,,,
,,434,,,,,,,,,,
,,434,,,,,,,,,,
,,312,,,,,,,,,,
,,312,,,,,,,,,,
,,367,,,,,,,,,,
,,433,,,,,,,,,,
,,303,,,,,,,,,,
,,196,,,,,,,,,,
,,204,,,,,,,,,,
,,311,,,,,,,,,,
,,333,,,,,,,,,,
,,373,,,,,,,,,,
,,406,,,,,,,,,,
,,441,,,,,,,,,,
,,443,,,,,,,,,,
,,382,,,,,,,,,,
,,354,,,,,,,,,,
,,375,,,,,,,,,,
,,366,,,,,,,,,,
,,299,,,,,,,,,,
,,229,,,,,,,,,,
,,226,,,,,,,,,,
,,226,,,,,,,,,,
,,313,,,,,,,,,,
,,514,,,,,,,,,,
,,544,,,,,,,,,,
,,322,,,,,,,,,,
,,563,,,,,,,,,,
,,411,,,,,,,,,,
,,417,,,,,,,,,,
,,1040,,,,,,,,,,
,,325,,,,,,,,,,
,,303,,,,,,,,,,
,,308,,,,,,,,,,
,,157,,,,,,,,,,
,,264,,,,,,,,,,
,,273,,,,,,,,,,
,,271,,,,,,,,,,
,,273,,,,,,,,,,
,,279,,,,,,,,,,
,,224,,,,,,,,,,
,,231,,,,,,,,,,
,,224,,,,,,,,,,
,,225,,,,,,,,,,
,,330,,,,,,,,,,
,,283,,,,,,,,,,
,,319,,,,,,,,,,
,,319,,,,,,,,,,
,,316,,,,,,,,,,
,,270,,,,,,,,,,
,,257,,,,,,,,,,
,,253,,,,,,,,,,
,,250,,,,,,,,,,
,,351,,,,,,,,,,
,,363,,,,,,,,,,
,,363,,,,,,,,,,
,,252,,,,,,,,,,
,,263,,,,,,,,,,
,,259,,,,,,,,,,
,,219,,,,,,,,,,
,,227,,,,,,,,,,
,,360,,,,,,,,,,
,,309,,,,,,,,,,
,,306,,,,,,,,,,
,,231,,,,,,,,,,
,,223,,,,,,,,,,
,,224,,,,,,,,,,
,,306,,,,,,,,,,
,,296,,,,,,,,,,
,,257,,,,,,,,,,
,,244,,,,,,,,,,
,,241,,,,,,,,,,
,,584,,,,,,,,,,
,,587,,,,,,,,,,
,,553,,,,,,,,,,
,,555,,,,,,,,,,
,,277,,,,,,,,,,
,,273,,,,,,,,,,
,,273,,,,,,,,,,
,,207,,,,,,,,,,
,,210,,,,,,,,,,
,,211,,,,,,,,,,
,,210,,,,,,,,,,
,,226,,,,,,,,,,
,,244,,,,,,,,,,
,,198,,,,,,,,,,
,,205,,,,,,,,,,
,,206,,,,,,,,,,
,,242,,,,,,,,,,
,,249,,,,,,,,,,
,,313,,,,,,,,,,
,,383,,,,,,,,,,
,,273,,,,,,,,,,
,,271,,,,,,,,,,
,,272,,,,,,,,,,
,,196,,,,,,,,,,
,,195,,,,,,,,,,
,,413,,,,,,,,,,
,,237,,,,,,,,,,
,,238,,,,,,,,,,
,,680,,,,,,,,,,
,,660,,,,,,,,,,
,,118,,,,,,,,,,
,,309,,,,,,,,,,
,,312,,,,,,,,,,
,,309,,,,,,,,,,
,,213,,,,,,,,,,
,,195,,,,,,,,,,
,,185,,,,,,,,,,
,,230,,,,,,,,,,
,,228,,,,,,,,,,
,,288,,,,,,,,,,
,,269,,,,,,,,,,
,,392,,,,,,,,,,
,,429,,,,,,,,,,
,,429,,,,,,,,,,
,,405,,,,,,,,,,
,,351,,,,,,,,,,
,,329,,,,,,,,,,
,,371,,,,,,,,,,
,,251,,,,,,,,,,
,,244,,,,,,,,,,
,,245,,,,,,,,,,
,,288,,,,,,,,,,
,,331,,,,,,,,,,
,,257,,,,,,,,,,
,,279,,,,,,,,,,
,,491,,,,,,,,,,
,,197,,,,,,,,,,
,,202,,,,,,,,,,
,,626,,,,,,,,,,
,,373,,,,,,,,,,
,,377,,,,,,,,,,
,,377,,,,,,,,,,
,,334,,,,,,,,,,
,,337,,,,,,,,,,
,,366,,,,,,,,,,
,,216,,,,,,,,,,
,,223,,,,,,,,,,
,,216,,,,,,,,,,
,,551,,,,,,,,,,
,,593,,,,,,,,,,
,,640,,,,,,,,,,
,,160,,,,,,,,,,
,,637,,,,,,,,,,
,,248,,,,,,,,,,
,,347,,,,,,,,,,
,,357,,,,,,,,,,
,,333,,,,,,,,,,
,,362,,,,,,,,,,
,,362,,,,,,,,,,
,,377,,,,,,,,,,
,,190,,,,,,,,,,
,,455,,,,,,,,,,
,,306,,,,,,,,,,
,,327,,,,,,,,,,
,,145,,,,,,,,,,
,,318,,,,,,,,,,
,,305,,,,,,,,,,
,,289,,,,,,,,,,
,,131,,,,,,,,,,
,,206,,,,,,,,,,
,,308,,,,,,,,,,
,,304,,,,,,,,,,
,,300,,,,,,,,,,
,,232,,,,,,,,,,
,,237,,,,,,,,,,
,,238,,,,,,,,,,
,,216,,,,,,,,,,
,,226,,,,,,,,,,
,,231,,,,,,,,,,
,,232,,,,,,,,,,
,,271,,,,,,,,,,
,,401,,,,,,,,,,
,,191,,,,,,,,,,
,,197,,,,,,,,,,
,,197,,,,,,,,,,
,,219,,,,,,,,,,
,,226,,,,,,,,,,
,,232,,,,,,,,,,
,,376,,,,,,,,,,
,,386,,,,,,,,,,
,,279,,,,,,,,,,
,,245,,,,,,,,,,
,,245,,,,,,,,,,
,,249,,,,,,,,,,
,,351,,,,,,,,,,
,,562,,,,,,,,,,
,,448,,,,,,,,,,
,,299,,,,,,,,,,
,,308,,,,,,,,,,
,,334,,,,,,,,,,
,,265,,,,,,,,,,
,,273,,,,,,,,,,
,,273,,,,,,,,,,
,,254,,,,,,,,,,
,,256,,,,,,,,,,
,,253,,,,,,,,,,
,,214,,,,,,,,,,
,,258,,,,,,,,,,
,,181,,,,,,,,,,
,,210,,,,,,,,,,
,,217,,,,,,,,,,
,,162,,,,,,,,,,
,,314,,,,,,,,,,
,,312,,,,,,,,,,
,,318,,,,,,,,,,
,,236,,,,,,,,,,
,,276,,,,,,,,,,
,,594,,,,,,,,,,
,,419,,,,,,,,,,
,,414,,,,,,,,,,
,,437,,,,,,,,,,
,,535,,,,,,,,,,
,,493,,,,,,,,,,
,,495,,,,,,,,,,
,,495,,,,,,,,,,
,,416,,,,,,,,,,
,,239,,,,,,,,,,
,,267,,,,,,,,,,
,,607,,,,,,,,,,
,,332,,,,,,,,,,
,,259,,,,,,,,,,
,,228,,,,,,,,,,
,,237,,,,,,,,,,
,,233,,,,,,,,,,
,,231,,,,,,,,,,
,,202,,,,,,,,,,
,,208,,,,,,,,,,
,,209,,,,,,,,,,
,,278,,,,,,,,,,
,,258,,,,,,,,,,
,,256,,,,,,,,,,
,,245,,,,,,,,,,
,,250,,,,,,,,,,
,,285,,,,,,,,,,
,,293,,,,,,,,,,
,,209,,,,,,,,,,
,,215,,,,,,,,,,
,,97,,,,,,,,,,
,,437,,,,,,,,,,
,,610,,,,,,,,,,
,,339,,,,,,,,,,
,,341,,,,,,,,,,
,,227,,,,,,,,,,
,,701,,,,,,,,,,
,,707,,,,,,,,,,
,,503,,,,,,,,,,
,,511,,,,,,,,,,
,,90,,,,,,,,,,
,,238,,,,,,,,,,
,,241,,,,,,,,,,
,,299,,,,,,,,,,
,,307,,,,,,,,,,
,,200,,,,,,,,,,
,,204,,,,,,,,,,
,,298,,,,,,,,,,
,,324,,,,,,,,,,
,,344,,,,,,,,,,
,,249,,,,,,,,,,
,,256,,,,,,,,,,
,,264,,,,,,,,,,
,,353,,,,,,,,,,
,,229,,,,,,,,,,
,,199,,,,,,,,,,
,,199,,,,,,,,,,
,,200,,,,,,,,,,
,,305,,,,,,,,,,
,,306,,,,,,,,,,
,,314,,,,,,,,,,
,,298,,,,,,,,,,
,,294,,,,,,,,,,
,,405,,,,,,,,,,
,,238,,,,,,,,,,
,,243,,,,,,,,,,
,,221,,,,,,,,,,
,,395,,,,,,,,,,
,,519,,,,,,,,,,
,,348,,,,,,,,,,
,,349,,,,,,,,,,
,,287,,,,,,,,,,
,,288,,,,,,,,,,
,,271,,,,,,,,,,
,,273,,,,,,,,,,
,,274,,,,,,,,,,
,,280,,,,,,,,,,
,,277,,,,,,,,,,
,,158,,,,,,,,,,
,,163,,,,,,,,,,
,,164,,,,,,,,,,
,,147,,,,,,,,,,
,,248,,,,,,,,,,
,,349,,,,,,,,,,
,,360,,,,,,,,,,
,,417,,,,,,,,,,
,,507,,,,,,,,,,
,,525,,,,,,,,,,
,,527,,,,,,,,,,
,,317,,,,,,,,,,
,,328,,,,,,,,,,
,,325,,,,,,,,,,
,,294,,,,,,,,,,
,,294,,,,,,,,,,
,,291,,,,,,,,,,
,,639,,,,,,,,,,
,,641,,,,,,,,,,
,,318,,,,,,,,,,
,,327,,,,,,,,,,
,,273,,,,,,,,,,
,,154,,,,,,,,,,
,,263,,,,,,,,,,
,,286,,,,,,,,,,
,,288,,,,,,,,,,
,,226,,,,,,,,,,
,,469,,,,,,,,,,
,,235,,,,,,,,,,
,,195,,,,,,,,,,
,,199,,,,,,,,,,
,,501,,,,,,,,,,
,,511,,,,,,,,,,
,,239,,,,,,,,,,
,,246,,,,,,,,,,
,,242,,,,,,,,,,
,,250,,,,,,,,,,
,,409,,,,,,,,,,
,,250,,,,,,,,,,
,,285,,,,,,,,,,
,,218,,,,,,,,,,
,,216,,,,,,,,,,
,,224,,,,,,,,,,
,,235,,,,,,,,,,
,,173,,,,,,,,,,
,,171,,,,,,,,,,
,,799,,,,,,,,,,
,,827,,,,,,,,,,
,,201,,,,,,,,,,
,,206,,,,,,,,,,
,,207,,,,,,,,,,
,,229,,,,,,,,,,
,,229,,,,,,,,,,
,,230,,,,,,,,,,
,,478,,,,,,,,,,
,,478,,,,,,,,,,
,,481,,,,,,,,,,
,,252,,,,,,,,,,
,,185,,,,,,,,,,
,,203,,,,,,,,,,
,,282,,,,,,,,,,
,,290,,,,,,,,,,
,,286,,,,,,,,,,
,,260,,,,,,,,,,
,,338,,,,,,,,,,
,,348,,,,,,,,,,
,,348,,,,,,,,,,
,,219,,,,,,,,,,
,,225,,,,,,,,,,
,,203,,,,,,,,,,
,,365,,,,,,,,,,
,,365,,,,,,,,,,
,,361,,,,,,,,,,
,,284,,,,,,,,,,
,,270,,,,,,,,,,
,,270,,,,,,,,,,
,,270,,,,,,,,,,
,,441,,,,,,,,,,
,,202,,,,,,,,,,
,,350,,,,,,,,,,
,,345,,,,,,,,,,
,,350,,,,,,,,,,
,,343,,,,,,,,,,
,,443,,,,,,,,,,
,,519,,,,,,,,,,
,,277,,,,,,,,,,
,,280,,,,,,,,,,
,,233,,,,,,,,,,
,,239,,,,,,,,,,
,,200,,,,,,,,,,
,,200,,,,,,,,,,
,,212,,,,,,,,,,
,,240,,,,,,,,,,
,,276,,,,,,,,,,
,,276,,,,,,,,,,
,,420,,,,,,,,,,
,,422,,,,,,,,,,
,,201,,,,,,,,,,
,,207,,,,,,,,,,
,,204,,,,,,,,,,
,,362,,,,,,,,,,
,,300,,,,,,,,,,
,,240,,,,,,,,,,
,,242,,,,,,,,,,
,,360,,,,,,,,,,
,,362,,,,,,,,,,
,,356,,,,,,,,,,
,,420,,,,,,,,,,
,,297,,,,,,,,,,
,,302,,,,,,,,,,
,,299,,,,,,,,,,
,,310,,,,,,,,,,
,,310,,,,,,,,,,
,,308,,,,,,,,,,
,,405,,,,,,,,,,
,,340,,,,,,,,,,
,,334,,,,,,,,,,
,,270,,,,,,,,,,
,,255,,,,,,,,,,
,,260,,,,,,,,,,
,,258,,,,,,,,,,
,,229,,,,,,,,,,
,,349,,,,,,,,,,
,,354,,,,,,,,,,
,,349,,,,,,,,,,
,,522,,,,,,,,,,
,,301,,,,,,,,,,
,,302,,,,,,,,,,
,,387,,,,,,,,,,
,,282,,,,,,,,,,
,,285,,,,,,,,,,
,,282,,,,,,,,,,
,,52,,,,,,,,,,
,,167,,,,,,,,,,
,,216,,,,,,,,,,
,,219,,,,,,,,,,
,,207,,,,,,,,,,
,,214,,,,,,,,,,
,,214,,,,,,,,,,
,,209,,,,,,,,,,
,,225,,,,,,,,,,
,,255,,,,,,,,,,
,,264,,,,,,,,,,
,,305,,,,,,,,,,
,,314,,,,,,,,,,
,,309,,,,,,,,,,
,,487,,,,,,,,,,
,,502,,,,,,,,,,
,,259,,,,,,,,,,
,,276,,,,,,,,,,
,,284,,,,,,,,,,
,,286,,,,,,,,,,
,,178,,,,,,,,,,
,,284,,,,,,,,,,
,,284,,,,,,,,,,
,,308,,,,,,,,,,
,,262,,,,,,,,,,
,,271,,,,,,,,,,
,,276,,,,,,,,,,
,,280,,,,,,,,,,
,,282,,,,,,,,,,
,,282,,,,,,,,,,
,,429,,,,,,,,,,
,,435,,,,,,,,,,
,,268,,,,,,,,,,
,,274,,,,,,,,,,
,,271,,,,,,,,,,
,,227,,,,,,,,,,
,,262,,,,,,,,,,
,,267,,,,,,,,,,
,,374,,,,,,,,,,
,,371,,,,,,,,,,
,,311,,,,,,,,,,
,,259,,,,,,,,,,
,,248,,,,,,,,,,
,,250,,,,,,,,,,
,,272,,,,,,,,,,
,,258,,,,,,,,,,
,,267,,,,,,,,,,
,,314,,,,,,,,,,
,,236,,,,,,,,,,
,,245,,,,,,,,,,
,,242,,,,,,,,,,
,,199,,,,,,,,,,
,,199,,,,,,,,,,
,,228,,,,,,,,,,
,,230,,,,,,,,,,
,,229,,,,,,,,,,
,,399,,,,,,,,,,
,,282,,,,,,,,,,
,,288,,,,,,,,,,
,,288,,,,,,,,,,
,,196,,,,,,,,,,
,,201,,,,,,,,,,
,,208,,,,,,,,,,
,,277,,,,,,,,,,
,,277,,,,,,,,,,
,,244,,,,,,,,,,
,,238,,,,,,,,,,
,,225,,,,,,,,,,
,,213,,,,,,,,,,
,,337,,,,,,,,,,
,,261,,,,,,,,,,
,,262,,,,,,,,,,
,,195,,,,,,,,,,
,,196,,,,,,,,,,
,,225,,,,,,,,,,
,,298,,,,,,,,,,
,,305,,,,,,,,,,
,,302,,,,,,,,,,
,,263,,,,,,,,,,
,,191,,,,,,,,,,
,,191,,,,,,,,,,
,,192,,,,,,,,,,
,,392,,,,,,,,,,
,,354,,,,,,,,,,
,,421,,,,,,,,,,
,,431,,,,,,,,,,
,,218,,,,,,,,,,
,,225,,,,,,,,,,
,,226,,,,,,,,,,
,,234,,,,,,,,,,
,,267,,,,,,,,,,
,,262,,,,,,,,,,
,,244,,,,,,,,,,
,,337,,,,,,,,,,
,,305,,,,,,,,,,
,,290,,,,,,,,,,
,,287,,,,,,,,,,
,,283,,,,,,,,,,
,,283,,,,,,,,,,
,,285,,,,,,,,,,
,,559,,,,,,,,,,
,,541,,,,,,,,,,
,,259,,,,,,,,,,
,,266,,,,,,,,,,
,,268,,,,,,,,,,
,,334,,,,,,,,,,
,,341,,,,,,,,,,
,,335,,,,,,,,,,
,,87,,,,,,,,,,
,,269,,,,,,,,,,
,,265,,,,,,,,,,
,,298,,,,,,,,,,
,,307,,,,,,,,,,
,,307,,,,,,,,,,
,,163,,,,,,,,,,
,,397,,,,,,,,,,
,,407,,,,,,,,,,
,,403,,,,,,,,,,
,,178,,,,,,,,,,
,,184,,,,,,,,,,
,,200,,,,,,,,,,
,,252,,,,,,,,,,
,,274,,,,,,,,,,
,,272,,,,,,,,,,
,,263,,,,,,,,,,
,,242,,,,,,,,,,
,,254,,,,,,,,,,
,,757,,,,,,,,,,
,,497,,,,,,,,,,
,,497,,,,,,,,,,
,,499,,,,,,,,,,
,,234,,,,,,,,,,
,,440,,,,,,,,,,
,,360,,,,,,,,,,
,,463,,,,,,,,,,
,,479,,,,,,,,,,
,,482,,,,,,,,,,
,,316,,,,,,,,,,
,,300,,,,,,,,,,
,,297,,,,,,,,,,
,,293,,,,,,,,,,
,,275,,,,,,,,,,
,,283,,,,,,,,,,
,,279,,,,,,,,,,
,,236,,,,,,,,,,
,,250,,,,,,,,,,
,,393,,,,,,,,,,
,,391,,,,,,,,,,
,,310,,,,,,,,,,
,,318,,,,,,,,,,
,,414,,,,,,,,,,
,,425,,,,,,,,,,
,,315,,,,,,,,,,
,,318,,,,,,,,,,
,,313,,,,,,,,,,
,,270,,,,,,,,,,
,,236,,,,,,,,,,
,,243,,,,,,,,,,
,,244,,,,,,,,,,
,,255,,,,,,,,,,
,,255,,,,,,,,,,
,,307,,,,,,,,,,
,,352,,,,,,,,,,
,,318,,,,,,,,,,
,,326,,,,,,,,,,
,,337,,,,,,,,,,
,,467,,,,,,,,,,
,,470,,,,,,,,,,
,,416,,,,,,,,,,
,,374,,,,,,,,,,
,,323,,,,,,,,,,
,,296,,,,,,,,,,
,,302,,,,,,,,,,
,,302,,,,,,,,,,
,,303,,,,,,,,,,
,,71,,,,,,,,,,
,,236,,,,,,,,,,
,,225,,,,,,,,,,
,,225,,,,,,,,,,
,,225,,,,,,,,,,
,,298,,,,,,,,,,
,,371,,,,,,,,,,
,,226,,,,,,,,,,
,,287,,,,,,,,,,
,,343,,,,,,,,,,
,,272,,,,,,,,,,
,,280,,,,,,,,,,
,,280,,,,,,,,,,
,,222,,,,,,,,,,
,,203,,,,,,,,,,
,,185,,,,,,,,,,
,,280,,,,,,,,,,
,,290,,,,,,,,,,
,,287,,,,,,,,,,
,,170,,,,,,,,,,
,,174,,,,,,,,,,
,,246,,,,,,,,,,
,,251,,,,,,,,,,
,,252,,,,,,,,,,
,,308,,,,,,,,,,
,,225,,,,,,,,,,
,,231,,,,,,,,,,
,,235,,,,,,,,,,
,,340,,,,,,,,,,
,,352,,,,,,,,,,
,,354,,,,,,,,,,
,,251,,,,,,,,,,
,,242,,,,,,,,,,
,,243,,,,,,,,,,
,,229,,,,,,,,,,
,,318,,,,,,,,,,
,,268,,,,,,,,,,
,,362,,,,,,,,,,
,,230,,,,,,,,,,
,,236,,,,,,,,,,
,,236,,,,,,,,,,
,,243,,,,,,,,,,
,,244,,,,,,,,,,
,,280,,,,,,,,,,
,,318,,,,,,,,,,
,,300,,,,,,,,,,
,,301,,,,,,,,,,
,,266,,,,,,,,,,
,,268,,,,,,,,,,
,,266,,,,,,,,,,
,,321,,,,,,,,,,
,,327,,,,,,,,,,
,,139,,,,,,,,,,
,,108,,,,,,,,,,
,,110,,,,,,,,,,
,,147,,,,,,,,,,
,,241,,,,,,,,,,
,,281,,,,,,,,,,
,,271,,,,,,,,,,
,,271,,,,,,,,,,
,,242,,,,,,,,,,
,,251,,,,,,,,,,
,,508,,,,,,,,,,
,,420,,,,,,,,,,
,,402,,,,,,,,,,
,,364,,,,,,,,,,
,,187,,,,,,,,,,
,,196,,,,,,,,,,
,,261,,,,,,,,,,
,,231,,,,,,,,,,
,,238,,,,,,,,,,
,,239,,,,,,,,,,
,,148,,,,,,,,,,
,,355,,,,,,,,,,
,,355,,,,,,,,,,
,,253,,,,,,,,,,
,,301,,,,,,,,,,
,,317,,,,,,,,,,
,,317,,,,,,,,,,
,,496,,,,,,,,,,
,,542,,,,,,,,,,
,,214,,,,,,,,,,
,,453,,,,,,,,,,
,,213,,,,,,,,,,
,,300,,,,,,,,,,
,,239,,,,,,,,,,
,,502,,,,,,,,,,
,,404,,,,,,,,,,
,,281,,,,,,,,,,
,,285,,,,,,,,,,
,,211,,,,,,,,,,
,,231,,,,,,,,,,
,,220,,,,,,,,,,
,,227,,,,,,,,,,
,,229,,,,,,,,,,
,,283,,,,,,,,,,
,,243,,,,,,,,,,
,,246,,,,,,,,,,
,,247,,,,,,,,,,
,,156,,,,,,,,,,
,,277,,,,,,,,,,
,,283,,,,,,,,,,
,,283,,,,,,,,,,
,,253,,,,,,,,,,
,,258,,,,,,,,,,
,,462,,,,,,,,,,
,,165,,,,,,,,,,
,,311,,,,,,,,,,
,,247,,,,,,,,,,
,,245,,,,,,,,,,
,,241,,,,,,,,,,
,,221,,,,,,,,,,
,,392,,,,,,,,,,
,,345,,,,,,,,,,
,,342,,,,,,,,,,
,,351,,,,,,,,,,
,,309,,,,,,,,,,
,,283,,,,,,,,,,
,,258,,,,,,,,,,
,,254,,,,,,,,,,
,,252,,,,,,,,,,
,,247,,,,,,,,,,
,,240,,,,,,,,,,
,,240,,,,,,,,,,
,,443,,,,,,,,,,
,,412,,,,,,,,,,
,,168,,,,,,,,,,
,,173,,,,,,,,,,
,,258,,,,,,,,,,
,,263,,,,,,,,,,
,,265,,,,,,,,,,
,,228,,,,,,,,,,
,,228,,,,,,,,,,
,,362,,,,,,,,,,
,,345,,,,,,,,,,
,,318,,,,,,,,,,
,,434,,,,,,,,,,
,,437,,,,,,,,,,
,,274,,,,,,,,,,
,,281,,,,,,,,,,
,,438,,,,,,,,,,
,,434,,,,,,,,,,
,,299,,,,,,,,,,
,,194,,,,,,,,,,
,,286,,,,,,,,,,
,,312,,,,,,,,,,
,,364,,,,,,,,,,
,,380,,,,,,,,,,
,,262,,,,,,,,,,
,,253,,,,,,,,,,
,,250,,,,,,,,,,
,,270,,,,,,,,,,
,,269,,,,,,,,,,
,,287,,,,,,,,,,
,,267,,,,,,,,,,
,,269,,,,,,,,,,
,,434,,,,,,,,,,
,,705,,,,,,,,,,
,,702,,,,,,,,,,
,,705,,,,,,,,,,
,,321,,,,,,,,,,
,,324,,,,,,,,,,
,,321,,,,,,,,,,
,,419,,,,,,,,,,
,,252,,,,,,,,,,
,,255,,,,,,,,,,
,,266,,,,,,,,,,
,,244,,,,,,,,,,
,,268,,,,,,,,,,
,,278,,,,,,,,,,
,,274,,,,,,,,,,
,,380,,,,,,,,,,
,,354,,,,,,,,,,
,,358,,,,,,,,,,
,,284,,,,,,,,,,
,,269,,,,,,,,,,
,,279,,,,,,,,,,
,,130,,,,,,,,,,
,,218,,,,,,,,,,
,,225,,,,,,,,,,
,,229,,,,,,,,,,
,,235,,,,,,,,,,
,,268,,,,,,,,,,
,,269,,,,,,,,,,
,,281,,,,,,,,,,
,,415,,,,,,,,,,
,,420,,,,,,,,,,
,,267,,,,,,,,,,
,,273,,,,,,,,,,
,,273,,,,,,,,,,
,,457,,,,,,,,,,
,,502,,,,,,,,,,
,,502,,,,,,,,,,
,,420,,,,,,,,,,
,,249,,,,,,,,,,
,,257,,,,,,,,,,
,,250,,,,,,,,,,
,,243,,,,,,,,,,
,,251,,,,,,,,,,
,,252,,,,,,,,,,
,,515,,,,,,,,,,
,,518,,,,,,,,,,
,,608,,,,,,,,,,
,,480,,,,,,,,,,
,,471,,,,,,,,,,
,,189,,,,,,,,,,
,,278,,,,,,,,,,
,,321,,,,,,,,,,
,,262,,,,,,,,,,
,,282,,,,,,,,,,
,,276,,,,,,,,,,
,,272,,,,,,,,,,
,,283,,,,,,,,,,
,,290,,,,,,,,,,
,,350,,,,,,,,,,
,,357,,,,,,,,,,
,,353,,,,,,,,,,
,,452,,,,,,,,,,
,,407,,,,,,,,,,
,,401,,,,,,,,,,
,,85,,,,,,,,,,
,,240,,,,,,,,,,
,,268,,,,,,,,,,
,,270,,,,,,,,,,
,,263,,,,,,,,,,
,,266,,,,,,,,,,
,,292,,,,,,,,,,
,,299,,,,,,,,,,
,,298,,,,,,,,,,
,,298,,,,,,,,,,
,,264,,,,,,,,,,
,,271,,,,,,,,,,
,,231,,,,,,,,,,
,,280,,,,,,,,,,
,,316,,,,,,,,,,
,,343,,,,,,,,,,
,,470,,,,,,,,,,
,,474,,,,,,,,,,
,,242,,,,,,,,,,
,,265,,,,,,,,,,
,,277,,,,,,,,,,
,,264,,,,,,,,,,
,,270,,,,,,,,,,
,,272,,,,,,,,,,
,,324,,,,,,,,,,
,,330,,,,,,,,,,
,,314,,,,,,,,,,
,,249,,,,,,,,,,
,,260,,,,,,,,,,
,,269,,,,,,,,,,
,,313,,,,,,,,,,
,,292,,,,,,,,,,
,,272,,,,,,,,,,
,,249,,,,,,,,,,
,,294,,,,,,,,,,
,,301,,,,,,,,,,
,,298,,,,,,,,,,
,,305,,,,,,,,,,
,,195,,,,,,,,,,
,,344,,,,,,,,,,
,,347,,,,,,,,,,
,,260,,,,,,,,,,
,,380,,,,,,,,,,
,,317,,,,,,,,,,
,,312,,,,,,,,,,
,,298,,,,,,,,,,
,,305,,,,,,,,,,
,,290,,,,,,,,,,
,,291,,,,,,,,,,
,,291,,,,,,,,,,
,,315,,,,,,,,,,
,,259,,,,,,,,,,
,,271,,,,,,,,,,
,,274,,,,,,,,,,
,,274,,,,,,,,,,
,,324,,,,,,,,,,
,,324,,,,,,,,,,
,,322,,,,,,,,,,
,,233,,,,,,,,,,
,,230,,,,,,,,,,
,,234,,,,,,,,,,
,,285,,,,,,,,,,
,,291,,,,,,,,,,
,,301,,,,,,,,,,
,,272,,,,,,,,,,
,,274,,,,,,,,,,
,,274,,,,,,,,,,
,,327,,,,,,,,,,
,,337,,,,,,,,,,
,,337,,,,,,,,,,
,,358,,,,,,,,,,
,,360,,,,,,,,,,
,,360,,,,,,,,,,
,,415,,,,,,,,,,
,,461,,,,,,,,,,
,,251,,,,,,,,,,
,,218,,,,,,,,,,
,,300,,,,,,,,,,
,,238,,,,,,,,,,
,,335,,,,,,,,,,
,,716,,,,,,,,,,
,,333,,,,,,,,,,
,,341,,,,,,,,,,
,,301,,,,,,,,,,
,,265,,,,,,,,,,
,,300,,,,,,,,,,
,,289,,,,,,,,,,
,,287,,,,,,,,,,
,,254,,,,,,,,,,
,,262,,,,,,,,,,
,,258,,,,,,,,,,
,,232,,,,,,,,,,
,,232,,,,,,,,,,
,,239,,,,,,,,,,
,,550,,,,,,,,,,
,,376,,,,,,,,,,
,,347,,,,,,,,,,
,,229,,,,,,,,,,
,,468,,,,,,,,,,
,,173,,,,,,,,,,
,,236,,,,,,,,,,
,,301,,,,,,,,,,
,,263,,,,,,,,,,
,,263,,,,,,,,,,
,,267,,,,,,,,,,
,,201,,,,,,,,,,
,,235,,,,,,,,,,
,,259,,,,,,,,,,
,,238,,,,,,,,,,
,,230,,,,,,,,,,
,,238,,,,,,,,,,
,,287,,,,,,,,,,
,,228,,,,,,,,,,
,,230,,,,,,,,,,
,,261,,,,,,,,,,
,,263,,,,,,,,,,
,,259,,,,,,,,,,
,,259,,,,,,,,,,
,,256,,,,,,,,,,
,,435,,,,,,,,,,
,,449,,,,,,,,,,
,,214,,,,,,,,,,
,,334,,,,,,,,,,
,,335,,,,,,,,,,
,,209,,,,,,,,,,
,,347,,,,,,,,,,
,,157,,,,,,,,,,
,,195,,,,,,,,,,
,,200,,,,,,,,,,
,,94,,,,,,,,,,
,,298,,,,,,,,,,
,,298,,,,,,,,,,
,,320,,,,,,,,,,
,,310,,,,,,,,,,
,,260,,,,,,,,,,
,,266,,,,,,,,,,
,,276,,,,,,,,,,
,,229,,,,,,,,,,
,,354,,,,,,,,,,
,,362,,,,,,,,,,
,,241,,,,,,,,,,
,,261,,,,,,,,,,
,,230,,,,,,,,,,
,,236,,,,,,,,,,
,,233,,,,,,,,,,
,,203,,,,,,,,,,
,,203,,,,,,,,,,
,,204,,,,,,,,,,
,,301,,,,,,,,,,
,,301,,,,,,,,,,
,,601,,,,,,,,,,
,,300,,,,,,,,,,
,,308,,,,,,,,,,
,,255,,,,,,,,,,
,,238,,,,,,,,,,
,,239,,,,,,,,,,
,,674,,,,,,,,,,
,,849,,,,,,,,,,
,,853,,,,,,,,,,
,,268,,,,,,,,,,
,,275,,,,,,,,,,
,,276,,,,,,,,,,
,,254,,,,,,,,,,
,,259,,,,,,,,,,
,,250,,,,,,,,,,
,,255,,,,,,,,,,
,,273,,,,,,,,,,
,,278,,,,,,,,,,
,,278,,,,,,,,,,
,,280,,,,,,,,,,
,,311,,,,,,,,,,
,,278,,,,,,,,,,
,,234,,,,,,,,,,
,,241,,,,,,,,,,
,,222,,,,,,,,,,
,,231,,,,,,,,,,
,,236,,,,,,,,,,
,,237,,,,,,,,,,
,,236,,,,,,,,,,
,,401,,,,,,,,,,
,,415,,,,,,,,,,
,,352,,,,,,,,,,
,,261,,,,,,,,,,
,,250,,,,,,,,,,
,,259,,,,,,,,,,
,,519,,,,,,,,,,
,,611,,,,,,,,,,
,,293,,,,,,,,,,
,,297,,,,,,,,,,
,,297,,,,,,,,,,
,,279,,,,,,,,,,
,,432,,,,,,,,,,
,,334,,,,,,,,,,
,,343,,,,,,,,,,
,,343,,,,,,,,,,
,,298,,,,,,,,,,
,,449,,,,,,,,,,
,,284,,,,,,,,,,
,,320,,,,,,,,,,
,,329,,,,,,,,,,
,,333,,,,,,,,,,
,,228,,,,,,,,,,
,,301,,,,,,,,,,
,,282,,,,,,,,,,
,,285,,,,,,,,,,
,,388,,,,,,,,,,
,,394,,,,,,,,,,
,,394,,,,,,,,,,
,,363,,,,,,,,,,
,,287,,,,,,,,,,
,,423,,,,,,,,,,
,,392,,,,,,,,,,
,,359,,,,,,,,,,
,,346,,,,,,,,,,
,,349,,,,,,,,,,
,,346,,,,,,,,,,
,,333,,,,,,,,,,
,,340,,,,,,,,,,
,,333,,,,,,,,,,
,,267,,,,,,,,,,
,,257,,,,,,,,,,
,,262,,,,,,,,,,
,,259,,,,,,,,,,
,,237,,,,,,,,,,
,,216,,,,,,,,,,
,,224,,,,,,,,,,
,,417,,,,,,,,,,
,,419,,,,,,,,,,
,,417,,,,,,,,,,
,,300,,,,,,,,,,
,,256,,,,,,,,,,
,,261,,,,,,,,,,
,,124,,,,,,,,,,
,,292,,,,,,,,,,
,,382,,,,,,,,,,
,,278,,,,,,,,,,
,,275,,,,,,,,,,
,,272,,,,,,,,,,
,,613,,,,,,,,,,
,,300,,,,,,,,,,
,,300,,,,,,,,,,
,,353,,,,,,,,,,
,,325,,,,,,,,,,
,,321,,,,,,,,,,
,,318,,,,,,,,,,
,,236,,,,,,,,,,
,,219,,,,,,,,,,
,,222,,,,,,,,,,
,,311,,,,,,,,,,
,,338,,,,,,,,,,
,,363,,,,,,,,,,
,,392,,,,,,,,,,
,,148,,,,,,,,,,
,,227,,,,,,,,,,
,,228,,,,,,,,,,
,,323,,,,,,,,,,
,,269,,,,,,,,,,
,,396,,,,,,,,,,
,,86,,,,,,,,,,
,,395,,,,,,,,,,
,,424,,,,,,,,,,
,,467,,,,,,,,,,
,,299,,,,,,,,,,
,,299,,,,,,,,,,
,,248,,,,,,,,,,
,,300,,,,,,,,,,
,,729,,,,,,,,,,
,,655,,,,,,,,,,
,,373,,,,,,,,,,
,,388,,,,,,,,,,
,,380,,,,,,,,,,
,,375,,,,,,,,,,
,,509,,,,,,,,,,
,,527,,,,,,,,,,
,,530,,,,,,,,,,
,,213,,,,,,,,,,
,,258,,,,,,,,,,
,,266,,,,,,,,,,
,,267,,,,,,,,,,
,,216,,,,,,,,,,
,,227,,,,,,,,,,
,,233,,,,,,,,,,
,,348,,,,,,,,,,
,,57,,,,,,,,,,
,,249,,,,,,,,,,
,,238,,,,,,,,,,
,,244,,,,,,,,,,
,,249,,,,,,,,,,
,,381,,,,,,,,,,
,,381,,,,,,,,,,
,,371,,,,,,,,,,
,,183,,,,,,,,,,
,,243,,,,,,,,,,
,,258,,,,,,,,,,
,,262,,,,,,,,,,
,,261,,,,,,,,,,
,,258,,,,,,,,,,
,,783,,,,,,,,,,
,,767,,,,,,,,,,
,,483,,,,,,,,,,
,,219,,,,,,,,,,
,,227,,,,,,,,,,
,,296,,,,,,,,,,
,,285,,,,,,,,,,
,,286,,,,,,,,,,
,,541,,,,,,,,,,
,,479,,,,,,,,,,
,,486,,,,,,,,,,
,,500,,,,,,,,,,
,,225,,,,,,,,,,
,,289,,,,,,,,,,
,,296,,,,,,,,,,
,,593,,,,,,,,,,
,,602,,,,,,,,,,
,,305,,,,,,,,,,
,,297,,,,,,,,,,
,,270,,,,,,,,,,
,,263,,,,,,,,,,
,,310,,,,,,,,,,
,,321,,,,,,,,,,
,,226,,,,,,,,,,
,,261,,,,,,,,,,
,,510,,,,,,,,,,
,,478,,,,,,,,,,
,,449,,,,,,,,,,
,,310,,,,,,,,,,
,,232,,,,,,,,,,
,,268,,,,,,,,,,
,,274,,,,,,,,,,
,,271,,,,,,,,,,
,,685,,,,,,,,,,
,,809,,,,,,,,,,
,,881,,,,,,,,,,
,,402,,,,,,,,,,
,,271,,,,,,,,,,
,,267,,,,,,,,,,
,,273,,,,,,,,,,
,,512,,,,,,,,,,
,,252,,,,,,,,,,
,,217,,,,,,,,,,
,,446,,,,,,,,,,
,,451,,,,,,,,,,
,,444,,,,,,,,,,
,,278,,,,,,,,,,
,,276,,,,,,,,,,
,,289,,,,,,,,,,
,,292,,,,,,,,,,
,,295,,,,,,,,,,
,,269,,,,,,,,,,
,,277,,,,,,,,,,
,,279,,,,,,,,,,
,,824,,,,,,,,,,
,,844,,,,,,,,,,
,,319,,,,,,,,,,
,,319,,,,,,,,,,
,,102,,,,,,,,,,
,,343,,,,,,,,,,
,,400,,,,,,,,,,
,,284,,,,,,,,,,
,,250,,,,,,,,,,
,,248,,,,,,,,,,
,,266,,,,,,,,,,
,,266,,,,,,,,,,
,,243,,,,,,,,,,
,,68,,,,,,,,,,
,,274,,,,,,,,,,
,,435,,,,,,,,,,
,,435,,,,,,,,,,
,,354,,,,,,,,,,
,,267,,,,,,,,,,
,,336,,,,,,,,,,
,,336,,,,,,,,,,
,,253,,,,,,,,,,
,,270,,,,,,,,,,
,,691,,,,,,,,,,
,,688,,,,,,,,,,
,,350,,,,,,,,,,
,,373,,,,,,,,,,
,,377,,,,,,,,,,
,,253,,,,,,,,,,
,,267,,,,,,,,,,
,,371,,,,,,,,,,
,,346,,,,,,,,,,
,,322,,,,,,,,,,
,,326,,,,,,,,,,
,,379,,,,,,,,,,
,,384,,,,,,,,,,
,,382,,,,,,,,,,
,,273,,,,,,,,,,
,,280,,,,,,,,,,
,,285,,,,,,,,,,
,,221,,,,,,,,,,
,,278,,,,,,,,,,
,,278,,,,,,,,,,
,,462,,,,,,,,,,
,,466,,,,,,,,,,
,,415,,,,,,,,,,
,,257,,,,,,,,,,
,,259,,,,,,,,,,
,,292,,,,,,,,,,
,,314,,,,,,,,,,
,,296,,,,,,,,,,
,,328,,,,,,,,,,
,,291,,,,,,,,,,
,,293,,,,,,,,,,
,,341,,,,,,,,,,
,,346,,,,,,,,,,
,,284,,,,,,,,,,
,,254,,,,,,,,,,
,,344,,,,,,,,,,
,,243,,,,,,,,,,
,,226,,,,,,,,,,
,,351,,,,,,,,,,
,,325,,,,,,,,,,
,,312,,,,,,,,,,
,,314,,,,,,,,,,
,,488,,,,,,,,,,
,,525,,,,,,,,,,
,,297,,,,,,,,,,
,,302,,,,,,,,,,
,,316,,,,,,,,,,
,,255,,,,,,,,,,
,,399,,,,,,,,,,
,,529,,,,,,,,,,
,,590,,,,,,,,,,
,,444,,,,,,,,,,
,,435,,,,,,,,,,
,,433,,,,,,,,,,
,,330,,,,,,,,,,
,,335,,,,,,,,,,
,,331,,,,,,,,,,
,,279,,,,,,,,,,
,,279,,,,,,,,,,
,,401,,,,,,,,,,
,,415,,,,,,,,,,
,,298,,,,,,,,,,
,,319,,,,,,,,,,
,,337,,,,,,,,,,
,,406,,,,,,,,,,
,,317,,,,,,,,,,
,,339,,,,,,,,,,
,,371,,,,,,,,,,
,,352,,,,,,,,,,
,,523,,,,,,,,,,
,,263,,,,,,,,,,
,,267,,,,,,,,,,
,,264,,,,,,,,,,
,,289,,,,,,,,,,
,,244,,,,,,,,,,
,,250,,,,,,,,,,
,,251,,,,,,,,,,
,,325,,,,,,,,,,
,,336,,,,,,,,,,
,,313,,,,,,,,,,
,,321,,,,,,,,,,
,,244,,,,,,,,,,
,,249,,,,,,,,,,
,,269,,,,,,,,,,
,,266,,,,,,,,,,
,,298,,,,,,,,,,
,,343,,,,,,,,,,
,,348,,,,,,,,,,
,,348,,,,,,,,,,
,,365,,,,,,,,,,
,,365,,,,,,,,,,
,,301,,,,,,,,,,
,,300,,,,,,,,,,
,,294,,,,,,,,,,
,,232,,,,,,,,,,
,,239,,,,,,,,,,
,,336,,,,,,,,,,
,,340,,,,,,,,,,
,,509,,,,,,,,,,
,,514,,,,,,,,,,
,,504,,,,,,,,,,
,,336,,,,,,,,,,
,,344,,,,,,,,,,
,,306,,,,,,,,,,
,,551,,,,,,,,,,
,,379,,,,,,,,,,
,,387,,,,,,,,,,
,,408,,,,,,,,,,
,,487,,,,,,,,,,
,,244,,,,,,,,,,
,,243,,,,,,,,,,
,,241,,,,,,,,,,
,,302,,,,,,,,,,
,,448,,,,,,,,,,
,,260,,,,,,,,,,
,,262,,,,,,,,,,
,,267,,,,,,,,,,
,,564,,,,,,,,,,
,,761,,,,,,,,,,
,,428,,,,,,,,,,
,,329,,,,,,,,,,
,,335,,,,,,,,,,
,,332,,,,,,,,,,
,,368,,,,,,,,,,
,,374,,,,,,,,,,
,,368,,,,,,,,,,
,,338,,,,,,,,,,
,,342,,,,,,,,,,
,,330,,,,,,,,,,
,,136,,,,,,,,,,
,,226,,,,,,,,,,
,,296,,,,,,,,,,
,,263,,,,,,,,,,
,,255,,,,,,,,,,
,,848,,,,,,,,,,
,,905,,,,,,,,,,
,,251,,,,,,,,,,
,,301,,,,,,,,,,
,,295,,,,,,,,,,
,,583,,,,,,,,,,
,,341,,,,,,,,,,
,,319,,,,,,,,,,
,,284,,,,,,,,,,
,,280,,,,,,,,,,
,,262,,,,,,,,,,
,,558,,,,,,,,,,
,,558,,,,,,,,,,
,,516,,,,,,,,,,
,,651,,,,,,,,,,
,,554,,,,,,,,,,
,,560,,,,,,,,,,
,,560,,,,,,,,,,
,,590,,,,,,,,,,
,,415,,,,,,,,,,
,,383,,,,,,,,,,
,,359,,,,,,,,,,
,,307,,,,,,,,,,
,,207,,,,,,,,,,
,,207,,,,,,,,,,
,,208,,,,,,,,,,
,,305,,,,,,,,,,
,,272,,,,,,,,,,
,,242,,,,,,,,,,
,,169,,,,,,,,,,
,,341,,,,,,,,,,
,,355,,,,,,,,,,
,,355,,,,,,,,,,
,,369,,,,,,,,,,
,,244,,,,,,,,,,
,,254,,,,,,,,,,
,,255,,,,,,,,,,
,,322,,,,,,,,,,
,,197,,,,,,,,,,
,,213,,,,,,,,,,
,,62,,,,,,,,,,
,,231,,,,,,,,,,
,,224,,,,,,,,,,
,,225,,,,,,,,,,
,,252,,,,,,,,,,
,,250,,,,,,,,,,
,,248,,,,,,,,,,
,,313,,,,,,,,,,
,,323,,,,,,,,,,
,,318,,,,,,,,,,
,,289,,,,,,,,,,
,,295,,,,,,,,,,
,,214,,,,,,,,,,
,,219,,,,,,,,,,
,,220,,,,,,,,,,
,,198,,,,,,,,,,
,,204,,,,,,,,,,
,,204,,,,,,,,,,
,,241,,,,,,,,,,
,,241,,,,,,,,,,
,,249,,,,,,,,,,
,,316,,,,,,,,,,
,,213,,,,,,,,,,
,,216,,,,,,,,,,
,,216,,,,,,,,,,
,,286,,,,,,,,,,
,,295,,,,,,,,,,
,,222,,,,,,,,,,
,,222,,,,,,,,,,
,,209,,,,,,,,,,
,,305,,,,,,,,,,
,,369,,,,,,,,,,
,,404,,,,,,,,,,
,,407,,,,,,,,,,
,,215,,,,,,,,,,
,,318,,,,,,,,,,
,,313,,,,,,,,,,
,,238,,,,,,,,,,
,,245,,,,,,,,,,
,,242,,,,,,,,,,
,,281,,,,,,,,,,
,,273,,,,,,,,,,
,,268,,,,,,,,,,
,,382,,,,,,,,,,
,,390,,,,,,,,,,
,,256,,,,,,,,,,
,,247,,,,,,,,,,
,,248,,,,,,,,,,
,,200,,,,,,,,,,
,,245,,,,,,,,,,
,,236,,,,,,,,,,
,,234,,,,,,,,,,
,,232,,,,,,,,,,
,,393,,,,,,,,,,
,,305,,,,,,,,,,
,,201,,,,,,,,,,
,,211,,,,,,,,,,
,,280,,,,,,,,,,
,,232,,,,,,,,,,
,,240,,,,,,,,,,
,,241,,,,,,,,,,
,,292,,,,,,,,,,
,,289,,,,,,,,,,
,,285,,,,,,,,,,
,,294,,,,,,,,,,
,,566,,,,,,,,,,
,,566,,,,,,,,,,
,,499,,,,,,,,,,
,,454,,,,,,,,,,
,,458,,,,,,,,,,
,,356,,,,,,,,,,
,,350,,,,,,,,,,
,,482,,,,,,,,,,
,,99,,,,,,,,,,
,,652,,,,,,,,,,
,,254,,,,,,,,,,
,,244,,,,,,,,,,
,,385,,,,,,,,,,
,,391,,,,,,,,,,
,,406,,,,,,,,,,
,,295,,,,,,,,,,
,,306,,,,,,,,,,
,,303,,,,,,,,,,
,,223,,,,,,,,,,
,,244,,,,,,,,,,
,,255,,,,,,,,,,
,,422,,,,,,,,,,
,,233,,,,,,,,,,
,,235,,,,,,,,,,
,,243,,,,,,,,,,
,,252,,,,,,,,,,
,,322,,,,,,,,,,
,,330,,,,,,,,,,
,,327,,,,,,,,,,
,,188,,,,,,,,,,
,,274,,,,,,,,,,
,,182,,,,,,,,,,
,,188,,,,,,,,,,
,,189,,,,,,,,,,
,,239,,,,,,,,,,
,,283,,,,,,,,,,
,,299,,,,,,,,,,
,,237,,,,,,,,,,
,,249,,,,,,,,,,
,,249,,,,,,,,,,
,,231,,,,,,,,,,
,,231,,,,,,,,,,
,,335,,,,,,,,,,
,,365,,,,,,,,,,
,,236,,,,,,,,,,
,,258,,,,,,,,,,
,,253,,,,,,,,,,
,,179,,,,,,,,,,
,,184,,,,,,,,,,
,,187,,,,,,,,,,
,,191,,,,,,,,,,
,,320,,,,,,,,,,
,,321,,,,,,,,,,
,,179,,,,,,,,,,
,,288,,,,,,,,,,
,,296,,,,,,,,,,
,,496,,,,,,,,,,
,,506,,,,,,,,,,
,,508,,,,,,,,,,
,,270,,,,,,,,,,
,,276,,,,,,,,,,
,,322,,,,,,,,,,
,,281,,,,,,,,,,
,,299,,,,,,,,,,
,,324,,,,,,,,,,
,,238,,,,,,,,,,
,,229,,,,,,,,,,
,,292,,,,,,,,,,
,,302,,,,,,,,,,
,,325,,,,,,,,,,
,,326,,,,,,,,,,
,,214,,,,,,,,,,
,,367,,,,,,,,,,
,,382,,,,,,,,,,
,,369,,,,,,,,,,
,,376,,,,,,,,,,
,,387,,,,,,,,,,
,,232,,,,,,,,,,
,,273,,,,,,,,,,
,,272,,,,,,,,,,
,,273,,,,,,,,,,
,,232,,,,,,,,,,
,,238,,,,,,,,,,
,,253,,,,,,,,,,
,,258,,,,,,,,,,
,,258,,,,,,,,,,
,,325,,,,,,,,,,
,,333,,,,,,,,,,
,,205,,,,,,,,,,
,,209,,,,,,,,,,
,,208,,,,,,,,,,
,,226,,,,,,,,,,
,,216,,,,,,,,,,
,,275,,,,,,,,,,
,,276,,,,,,,,,,
,,273,,,,,,,,,,
,,215,,,,,,,,,,
,,220,,,,,,,,,,
,,228,,,,,,,,,,
,,228,,,,,,,,,,
,,240,,,,,,,,,,
,,244,,,,,,,,,,
,,245,,,,,,,,,,
,,311,,,,,,,,,,
,,312,,,,,,,,,,
,,312,,,,,,,,,,
,,180,,,,,,,,,,
,,186,,,,,,,,,,
,,303,,,,,,,,,,
,,307,,,,,,,,,,
,,269,,,,,,,,,,
,,309,,,,,,,,,,
,,363,,,,,,,,,,
,,363,,,,,,,,,,
,,361,,,,,,,,,,
,,202,,,,,,,,,,
,,205,,,,,,,,,,
,,214,,,,,,,,,,
,,199,,,,,,,,,,
,,202,,,,,,,,,,
,,210,,,,,,,,,,
,,279,,,,,,,,,,
,,298,,,,,,,,,,
,,375,,,,,,,,,,
,,390,,,,,,,,,,
,,392,,,,,,,,,,
,,234,,,,,,,,,,
,,241,,,,,,,,,,
,,237,,,,,,,,,,
,,327,,,,,,,,,,
,,411,,,,,,,,,,
,,407,,,,,,,,,,
,,327,,,,,,,,,,
,,353,,,,,,,,,,
,,271,,,,,,,,,,
,,289,,,,,,,,,,
,,287,,,,,,,,,,
,,284,,,,,,,,,,
,,659,,,,,,,,,,
,,722,,,,,,,,,,
,,405,,,,,,,,,,
,,502,,,,,,,,,,
,,232,,,,,,,,,,
,,228,,,,,,,,,,
,,232,,,,,,,,,,
,,313,,,,,,,,,,
,,367,,,,,,,,,,
,,371,,,,,,,,,,
,,365,,,,,,,,,,
,,229,,,,,,,,,,
,,332,,,,,,,,,,
,,305,,,,,,,,,,
,,206,,,,,,,,,,
,,212,,,,,,,,,,
,,219,,,,,,,,,,
,,221,,,,,,,,,,
,,252,,,,,,,,,,
,,320,,,,,,,,,,
,,297,,,,,,,,,,
,,302,,,,,,,,,,
,,302,,,,,,,,,,
,,221,,,,,,,,,,
,,223,,,,,,,,,,
,,250,,,,,,,,,,
,,253,,,,,,,,,,
,,313,,,,,,,,,,
,,323,,,,,,,,,,
,,370,,,,,,,,,,
,,393,,,,,,,,,,
,,364,,,,,,,,,,
,,359,,,,,,,,,,
,,824,,,,,,,,,,
,,394,,,,,,,,,,
,,408,,,,,,,,,,
,,258,,,,,,,,,,
,,185,,,,,,,,,,
,,334,,,,,,,,,,
,,419,,,,,,,,,,
,,419,,,,,,,,,,
,,419,,,,,,,,,,
,,235,,,,,,,,,,
,,235,,,,,,,,,,
,,272,,,,,,,,,,
,,274,,,,,,,,,,
,,275,,,,,,,,,,
,,275,,,,,,,,,,
,,268,,,,,,,,,,
,,266,,,,,,,,,,
,,217,,,,,,,,,,
,,367,,,,,,,,,,
,,372,,,,,,,,,,
,,121,,,,,,,,,,
,,235,,,,,,,,,,
,,325,,,,,,,,,,
,,328,,,,,,,,,,
,,323,,,,,,,,,,
,,568,,,,,,,,,,
,,609,,,,,,,,,,
,,603,,,,,,,,,,
,,360,,,,,,,,,,
,,198,,,,,,,,,,
,,194,,,,,,,,,,
,,194,,,,,,,,,,
,,358,,,,,,,,,,
,,352,,,,,,,,,,
,,349,,,,,,,,,,
,,286,,,,,,,,,,
,,269,,,,,,,,,,
,,318,,,,,,,,,,
,,302,,,,,,,,,,
,,299,,,,,,,,,,
,,239,,,,,,,,,,
,,264,,,,,,,,,,
,,261,,,,,,,,,,
,,262,,,,,,,,,,
,,270,,,,,,,,,,
,,301,,,,,,,,,,
,,310,,,,,,,,,,
,,546,,,,,,,,,,
,,598,,,,,,,,,,
,,658,,,,,,,,,,
,,257,,,,,,,,,,
,,262,,,,,,,,,,
,,197,,,,,,,,,,
,,204,,,,,,,,,,
,,205,,,,,,,,,,
,,525,,,,,,,,,,
,,341,,,,,,,,,,
,,73,,,,,,,,,,
,,267,,,,,,,,,,
,,272,,,,,,,,,,
,,247,,,,,,,,,,
,,253,,,,,,,,,,
,,249,,,,,,,,,,
,,242,,,,,,,,,,
,,232,,,,,,,,,,
,,233,,,,,,,,,,
,,226,,,,,,,,,,
,,214,,,,,,,,,,
,,217,,,,,,,,,,
,,218,,,,,,,,,,
,,451,,,,,,,,,,
,,458,,,,,,,,,,
,,456,,,,,,,,,,
,,212,,,,,,,,,,
,,215,,,,,,,,,,
,,209,,,,,,,,,,
,,204,,,,,,,,,,
,,338,,,,,,,,,,
,,348,,,,,,,,,,
,,273,,,,,,,,,,
,,275,,,,,,,,,,
,,401,,,,,,,,,,
,,1203,,,,,,,,,,
,,1113,,,,,,,,,,
,,273,,,,,,,,,,
,,463,,,,,,,,,,
,,752,,,,,,,,,,
,,292,,,,,,,,,,
,,293,,,,,,,,,,
,,290,,,,,,,,,,
,,342,,,,,,,,,,
,,347,,,,,,,,,,
,,342,,,,,,,,,,
,,143,,,,,,,,,,
,,148,,,,,,,,,,
,,176,,,,,,,,,,
,,218,,,,,,,,,,
,,219,,,,,,,,,,
,,290,,,,,,,,,,
,,300,,,,,,,,,,
,,297,,,,,,,,,,
,,274,,,,,,,,,,
,,224,,,,,,,,,,
,,228,,,,,,,,,,
,,226,,,,,,,,,,
,,258,,,,,,,,,,
,,258,,,,,,,,,,
,,259,,,,,,,,,,
,,205,,,,,,,,,,
,,212,,,,,,,,,,
,,216,,,,,,,,,,
,,465,,,,,,,,,,
,,443,,,,,,,,,,
,,414,,,,,,,,,,
,,229,,,,,,,,,,
,,268,,,,,,,,,,
,,268,,,,,,,,,,
,,811,,,,,,,,,,
,,1060,,,,,,,,,,
,,273,,,,,,,,,,
,,280,,,,,,,,,,
,,277,,,,,,,,,,
,,258,,,,,,,,,,
,,267,,,,,,,,,,
,,280,,,,,,,,,,
,,291,,,,,,,,,,
,,292,,,,,,,,,,
,,323,,,,,,,,,,
,,343,,,,,,,,,,
,,290,,,,,,,,,,
,,267,,,,,,,,,,
,,301,,,,,,,,,,
,,301,,,,,,,,,,
,,495,,,,,,,,,,
,,551,,,,,,,,,,
,,598,,,,,,,,,,
,,227,,,,,,,,,,
,,233,,,,,,,,,,
,,231,,,,,,,,,,
,,378,,,,,,,,,,
,,389,,,,,,,,,,
,,381,,,,,,,,,,
,,376,,,,,,,,,,
,,290,,,,,,,,,,
,,290,,,,,,,,,,
,,290,,,,,,,,,,
,,231,,,,,,,,,,
,,256,,,,,,,,,,
,,260,,,,,,,,,,
,,719,,,,,,,,,,
,,760,,,,,,,,,,
,,764,,,,,,,,,,
,,768,,,,,,,,,,
,,243,,,,,,,,,,
,,250,,,,,,,,,,
,,259,,,,,,,,,,
,,273,,,,,,,,,,
,,284,,,,,,,,,,
,,285,,,,,,,,,,
,,324,,,,,,,,,,
,,333,,,,,,,,,,
,,333,,,,,,,,,,
,,338,,,,,,,,,,
,,415,,,,,,,,,,
,,403,,,,,,,,,,
,,321,,,,,,,,,,
,,327,,,,,,,,,,
,,326,,,,,,,,,,
,,350,,,,,,,,,,
,,358,,,,,,,,,,
,,321,,,,,,,,,,
,,378,,,,,,,,,,
,,370,,,,,,,,,,
,,368,,,,,,,,,,
,,262,,,,,,,,,,
,,262,,,,,,,,,,
,,265,,,,,,,,,,
,,305,,,,,,,,,,
,,337,,,,,,,,,,
,,339,,,,,,,,,,
,,234,,,,,,,,,,
,,227,,,,,,,,,,
,,228,,,,,,,,,,
,,151,,,,,,,,,,
,,427,,,,,,,,,,
,,287,,,,,,,,,,
,,294,,,,,,,,,,
,,295,,,,,,,,,,
,,425,,,,,,,,,,
,,474,,,,,,,,,,
,,322,,,,,,,,,,
,,352,,,,,,,,,,
,,364,,,,,,,,,,
,,366,,,,,,,,,,
,,308,,,,,,,,,,
,,319,,,,,,,,,,
,,319,,,,,,,,,,
,,391,,,,,,,,,,
,,575,,,,,,,,,,
,,578,,,,,,,,,,
,,575,,,,,,,,,,
,,258,,,,,,,,,,
,,381,,,,,,,,,,
,,293,,,,,,,,,,
,,288,,,,,,,,,,
,,420,,,,,,,,,,
,,428,,,,,,,,,,
,,116,,,,,,,,,,
,,197,,,,,,,,,,
,,155,,,,,,,,,,
,,210,,,,,,,,,,
,,216,,,,,,,,,,
,,186,,,,,,,,,,
,,257,,,,,,,,,,
,,265,,,,,,,,,,
,,262,,,,,,,,,,
,,323,,,,,,,,,,
,,465,,,,,,,,,,
,,311,,,,,,,,,,
,,364,,,,,,,,,,
,,252,,,,,,,,,,
,,315,,,,,,,,,,
,,306,,,,,,,,,,
,,306,,,,,,,,,,
,,232,,,,,,,,,,
,,238,,,,,,,,,,
,,235,,,,,,,,,,
,,333,,,,,,,,,,
,,333,,,,,,,,,,
,,223,,,,,,,,,,
,,229,,,,,,,,,,
,,229,,,,,,,,,,
,,354,,,,,,,,,,
,,354,,,,,,,,,,
,,354,,,,,,,,,,
,,185,,,,,,,,,,
,,364,,,,,,,,,,
,,346,,,,,,,,,,
,,343,,,,,,,,,,
,,293,,,,,,,,,,
,,302,,,,,,,,,,
,,297,,,,,,,,,,
,,299,,,,,,,,,,
,,263,,,,,,,,,,
,,267,,,,,,,,,,
,,492,,,,,,,,,,
,,349,,,,,,,,,,
,,354,,,,,,,,,,
,,347,,,,,,,,,,
,,342,,,,,,,,,,
,,308,,,,,,,,,,
,,302,,,,,,,,,,
,,301,,,,,,,,,,
,,207,,,,,,,,,,
,,205,,,,,,,,,,
,,211,,,,,,,,,,
,,285,,,,,,,,,,
,,251,,,,,,,,,,
,,213,,,,,,,,,,
,,214,,,,,,,,,,
,,205,,,,,,,,,,
,,410,,,,,,,,,,
,,378,,,,,,,,,,
,,332,,,,,,,,,,
,,278,,,,,,,,,,
,,282,,,,,,,,,,
,,264,,,,,,,,,,
,,278,,,,,,,,,,
,,278,,,,,,,,,,
,,282,,,,,,,,,,
,,309,,,,,,,,,,
,,276,,,,,,,,,,
,,254,,,,,,,,,,
,,252,,,,,,,,,,
,,262,,,,,,,,,,
,,274,,,,,,,,,,
,,284,,,,,,,,,,
,,285,,,,,,,,,,
,,259,,,,,,,,,,
,,266,,,,,,,,,,
,,209,,,,,,,,,,
,,223,,,,,,,,,,
,,230,,,,,,,,,,
,,275,,,,,,,,,,
,,270,,,,,,,,,,
,,277,,,,,,,,,,
,,271,,,,,,,,,,
,,448,,,,,,,,,,
,,448,,,,,,,,,,
,,455,,,,,,,,,,
,,311,,,,,,,,,,
,,321,,,,,,,,,,
,,321,,,,,,,,,,
,,1009,,,,,,,,,,
,,938,,,,,,,,,,
,,306,,,,,,,,,,
,,316,,,,,,,,,,
,,318,,,,,,,,,,
,,415,,,,,,,,,,
,,234,,,,,,,,,,
,,235,,,,,,,,,,
,,235,,,,,,,,,,
,,308,,,,,,,,,,
,,296,,,,,,,,,,
,,293,,,,,,,,,,
,,51,,,,,,,,,,
,,277,,,,,,,,,,
,,277,,,,,,,,,,
,,216,,,,,,,,,,
,,214,,,,,,,,,,
,,215,,,,,,,,,,
,,535,,,,,,,,,,
,,584,,,,,,,,,,
,,341,,,,,,,,,,
,,348,,,,,,,,,,
,,253,,,,,,,,,,
,,261,,,,,,,,,,
,,262,,,,,,,,,,
,,736,,,,,,,,,,
,,789,,,,,,,,,,
,,570,,,,,,,,,,
,,274,,,,,,,,,,
,,300,,,,,,,,,,
,,311,,,,,,,,,,
,,147,,,,,,,,,,
,,213,,,,,,,,,,
,,221,,,,,,,,,,
,,222,,,,,,,,,,
,,244,,,,,,,,,,
,,255,,,,,,,,,,
,,277,,,,,,,,,,
,,268,,,,,,,,,,
,,256,,,,,,,,,,
,,469,,,,,,,,,,
,,446,,,,,,,,,,
,,359,,,,,,,,,,
,,323,,,,,,,,,,
,,327,,,,,,,,,,
,,322,,,,,,,,,,
,,207,,,,,,,,,,
,,207,,,,,,,,,,
,,274,,,,,,,,,,
,,281,,,,,,,,,,
,,230,,,,,,,,,,
,,463,,,,,,,,,,
,,279,,,,,,,,,,
,,247,,,,,,,,,,
,,185,,,,,,,,,,
,,482,,,,,,,,,,
,,307,,,,,,,,,,
,,529,,,,,,,,,,
,,549,,,,,,,,,,
,,568,,,,,,,,,,
,,320,,,,,,,,,,
,,223,,,,,,,,,,
,,209,,,,,,,,,,
,,217,,,,,,,,,,
,,532,,,,,,,,,,
,,435,,,,,,,,,,
,,450,,,,,,,,,,
,,452,,,,,,,,,,
,,327,,,,,,,,,,
,,337,,,,,,,,,,
,,270,,,,,,,,,,
,,221,,,,,,,,,,
,,398,,,,,,,,,,
,,412,,,,,,,,,,
,,291,,,,,,,,,,
,,377,,,,,,,,,,
,,386,,,,,,,,,,
,,382,,,,,,,,,,
,,218,,,,,,,,,,
,,266,,,,,,,,,,
,,266,,,,,,,,,,
,,268,,,,,,,,,,
,,366,,,,,,,,,,
,,395,,,,,,,,,,
,,257,,,,,,,,,,
,,237,,,,,,,,,,
,,245,,,,,,,,,,
,,241,,,,,,,,,,
,,238,,,,,,,,,,
,,150,,,,,,,,,,
,,276,,,,,,,,,,
,,267,,,,,,,,,,
,,276,,,,,,,,,,
,,337,,,,,,,,,,
,,254,,,,,,,,,,
,,255,,,,,,,,,,
,,253,,,,,,,,,,
,,253,,,,,,,,,,
,,312,,,,,,,,,,
,,201,,,,,,,,,,
,,209,,,,,,,,,,
,,211,,,,,,,,,,
,,289,,,,,,,,,,
,,278,,,,,,,,,,
,,277,,,,,,,,,,
,,277,,,,,,,,,,
,,357,,,,,,,,,,
,,428,,,,,,,,,,
,,223,,,,,,,,,,
,,251,,,,,,,,,,
,,260,,,,,,,,,,
,,277,,,,,,,,,,
,,222,,,,,,,,,,
,,307,,,,,,,,,,
,,315,,,,,,,,,,
,,310,,,,,,,,,,
,,263,,,,,,,,,,
,,273,,,,,,,,,,
,,252,,,,,,,,,,
,,260,,,,,,,,,,
,,260,,,,,,,,,,
,,200,,,,,,,,,,
,,403,,,,,,,,,,
,,440,,,,,,,,,,
,,202,,,,,,,,,,
,,253,,,,,,,,,,
,,374,,,,,,,,,,
,,238,,,,,,,,,,
,,252,,,,,,,,,,
,,247,,,,,,,,,,
,,278,,,,,,,,,,
,,238,,,,,,,,,,
,,233,,,,,,,,,,
,,233,,,,,,,,,,
,,240,,,,,,,,,,
,,245,,,,,,,,,,
,,277,,,,,,,,,,
,,281,,,,,,,,,,
,,283,,,,,,,,,,
,,332,,,,,,,,,,
,,341,,,,,,,,,,
,,342,,,,,,,,,,
,,420,,,,,,,,,,
,,410,,,,,,,,,,
,,228,,,,,,,,,,
,,250,,,,,,,,,,
,,249,,,,,,,,,,
,,250,,,,,,,,,,
,,531,,,,,,,,,,
,,536,,,,,,,,,,
,,530,,,,,,,,,,
,,632,,,,,,,,,,
,,276,,,,,,,,,,
,,285,,,,,,,,,,
,,286,,,,,,,,,,
,,316,,,,,,,,,,
,,300,,,,,,,,,,
,,297,,,,,,,,,,
,,425,,,,,,,,,,
,,330,,,,,,,,,,
,,330,,,,,,,,,,
,,327,,,,,,,,,,
,,271,,,,,,,,,,
,,270,,,,,,,,,,
,,262,,,,,,,,,,
,,244,,,,,,,,,,
,,435,,,,,,,,,,
,,367,,,,,,,,,,
,,316,,,,,,,,,,
,,318,,,,,,,,,,
,,458,,,,,,,,,,
,,332,,,,,,,,,,
,,355,,,,,,,,,,
,,301,,,,,,,,,,
,,277,,,,,,,,,,
,,402,,,,,,,,,,
,,277,,,,,,,,,,
,,307,,,,,,,,,,
,,307,,,,,,,,,,
,,308,,,,,,,,,,
,,229,,,,,,,,,,
,,236,,,,,,,,,,
,,237,,,,,,,,,,
,,154,,,,,,,,,,
,,314,,,,,,,,,,
,,323,,,,,,,,,,
,,302,,,,,,,,,,
,,339,,,,,,,,,,
,,338,,,,,,,,,,
,,339,,,,,,,,,,
,,326,,,,,,,,,,
,,440,,,,,,,,,,
,,442,,,,,,,,,,
,,303,,,,,,,,,,
,,310,,,,,,,,,,
,,472,,,,,,,,,,
,,474,,,,,,,,,,
,,507,,,,,,,,,,
,,306,,,,,,,,,,
,,321,,,,,,,,,,
,,333,,,,,,,,,,
,,314,,,,,,,,,,
,,334,,,,,,,,,,
,,346,,,,,,,,,,
,,343,,,,,,,,,,
,,338,,,,,,,,,,
,,338,,,,,,,,,,
,,310,,,,,,,,,,
,,318,,,,,,,,,,
,,329,,,,,,,,,,
,,281,,,,,,,,,,
,,345,,,,,,,,,,
,,316,,,,,,,,,,
,,345,,,,,,,,,,
,,425,,,,,,,,,,
,,419,,,,,,,,,,
,,261,,,,,,,,,,
,,377,,,,,,,,,,
,,411,,,,,,,,,,
,,265,,,,,,,,,,
,,276,,,,,,,,,,
,,270,,,,,,,,,,
,,270,,,,,,,,,,
,,271,,,,,,,,,,
,,328,,,,,,,,,,
,,338,,,,,,,,,,
,,338,,,,,,,,,,
,,278,,,,,,,,,,
,,287,,,,,,,,,,
,,613,,,,,,,,,,
,,668,,,,,,,,,,
,,671,,,,,,,,,,
,,303,,,,,,,,,,
,,303,,,,,,,,,,
,,318,,,,,,,,,,
,,441,,,,,,,,,,
,,453,,,,,,,,,,
,,393,,,,,,,,,,
,,315,,,,,,,,,,
,,337,,,,,,,,,,
,,337,,,,,,,,,,
,,462,,,,,,,,,,
,,504,,,,,,,,,,
,,1013,,,,,,,,,,
,,355,,,,,,,,,,
,,363,,,,,,,,,,
,,383,,,,,,,,,,
,,325,,,,,,,,,,
,,335,,,,,,,,,,
,,330,,,,,,,,,,
,,96,,,,,,,,,,
,,311,,,,,,,,,,
,,322,,,,,,,,,,
,,319,,,,,,,,,,
,,274,,,,,,,,,,
,,626,,,,,,,,,,
,,367,,,,,,,,,,
,,414,,,,,,,,,,
,,245,,,,,,,,,,
,,252,,,,,,,,,,
,,252,,,,,,,,,,
,,236,,,,,,,,,,
,,196,,,,,,,,,,
,,196,,,,,,,,,,
,,197,,,,,,,,,,
,,362,,,,,,,,,,
,,373,,,,,,,,,,
,,373,,,,,,,,,,
,,261,,,,,,,,,,
,,110,,,,,,,,,,
,,316,,,,,,,,,,
,,301,,,,,,,,,,
,,593,,,,,,,,,,
,,301,,,,,,,,,,
,,310,,,,,,,,,,
,,335,,,,,,,,,,
,,324,,,,,,,,,,
,,418,,,,,,,,,,
,,422,,,,,,,,,,
,,415,,,,,,,,,,
,,337,,,,,,,,,,
,,313,,,,,,,,,,
,,258,,,,,,,,,,
,,267,,,,,,,,,,
,,266,,,,,,,,,,
,,285,,,,,,,,,,
,,564,,,,,,,,,,
,,218,,,,,,,,,,
,,217,,,,,,,,,,
,,213,,,,,,,,,,
,,312,,,,,,,,,,
,,319,,,,,,,,,,
,,414,,,,,,,,,,
,,404,,,,,,,,,,
,,304,,,,,,,,,,
,,273,,,,,,,,,,
,,273,,,,,,,,,,
,,352,,,,,,,,,,
,,352,,,,,,,,,,
,,209,,,,,,,,,,
,,225,,,,,,,,,,
,,429,,,,,,,,,,
,,437,,,,,,,,,,
,,439,,,,,,,,,,
,,204,,,,,,,,,,
,,346,,,,,,,,,,
,,353,,,,,,,,,,
,,243,,,,,,,,,,
,,249,,,,,,,,,,
,,258,,,,,,,,,,
,,258,,,,,,,,,,
,,281,,,,,,,,,,
,,290,,,,,,,,,,
,,262,,,,,,,,,,
,,262,,,,,,,,,,
,,261,,,,,,,,,,
,,308,,,,,,,,,,
,,305,,,,,,,,,,
,,308,,,,,,,,,,
,,263,,,,,,,,,,
,,255,,,,,,,,,,
,,195,,,,,,,,,,
,,195,,,,,,,,,,
,,196,,,,,,,,,,
,,216,,,,,,,,,,
,,221,,,,,,,,,,
,,221,,,,,,,,,,
,,301,,,,,,,,,,
,,301,,,,,,,,,,
,,295,,,,,,,,,,
,,369,,,,,,,,,,
,,372,,,,,,,,,,
,,344,,,,,,,,,,
,,355,,,,,,,,,,
,,421,,,,,,,,,,
,,432,,,,,,,,,,
,,434,,,,,,,,,,
,,499,,,,,,,,,,
,,509,,,,,,,,,,
,,310,,,,,,,,,,
,,336,,,,,,,,,,
,,256,,,,,,,,,,
,,318,,,,,,,,,,
,,274,,,,,,,,,,
,,239,,,,,,,,,,
,,248,,,,,,,,,,
,,249,,,,,,,,,,
,,330,,,,,,,,,,
,,386,,,,,,,,,,
,,392,,,,,,,,,,
,,424,,,,,,,,,,
,,424,,,,,,,,,,
,,417,,,,,,,,,,
,,216,,,,,,,,,,
,,516,,,,,,,,,,
,,399,,,,,,,,,,
,,268,,,,,,,,,,
,,278,,,,,,,,,,
,,446,,,,,,,,,,
,,360,,,,,,,,,,
,,360,,,,,,,,,,
,,321,,,,,,,,,,
,,449,,,,,,,,,,
,,303,,,,,,,,,,
,,317,,,,,,,,,,
,,303,,,,,,,,,,
,,399,,,,,,,,,,
,,407,,,,,,,,,,
,,501,,,,,,,,,,
,,492,,,,,,,,,,
,,268,,,,,,,,,,
,,229,,,,,,,,,,
,,310,,,,,,,,,,
,,377,,,,,,,,,,
,,377,,,,,,,,,,
,,371,,,,,,,,,,
,,315,,,,,,,,,,
,,291,,,,,,,,,,
,,292,,,,,,,,,,
,,270,,,,,,,,,,
,,286,,,,,,,,,,
,,270,,,,,,,,,,
,,446,,,,,,,,,,
,,60,,,,,,,,,,
,,301,,,,,,,,,,
,,234,,,,,,,,,,
,,234,,,,,,,,,,
,,313,,,,,,,,,,
,,302,,,,,,,,,,
,,303,,,,,,,,,,
,,305,,,,,,,,,,
,,424,,,,,,,,,,
,,431,,,,,,,,,,
,,413,,,,,,,,,,
,,1199,,,,,,,,,,
,,346,,,,,,,,,,
,,317,,,,,,,,,,
,,355,,,,,,,,,,
,,263,,,,,,,,,,
,,294,,,,,,,,,,
,,274,,,,,,,,,,
,,472,,,,,,,,,,
,,472,,,,,,,,,,
,,424,,,,,,,,,,
,,416,,,,,,,,,,
,,422,,,,,,,,,,
,,416,,,,,,,,,,
,,329,,,,,,,,,,
,,377,,,,,,,,,,
,,404,,,,,,,,,,
,,322,,,,,,,,,,
,,331,,,,,,,,,,
,,278,,,,,,,,,,
,,292,,,,,,,,,,
,,388,,,,,,,,,,
,,338,,,,,,,,,,
,,360,,,,,,,,,,
,,325,,,,,,,,,,
,,289,,,,,,,,,,
,,314,,,,,,,,,,
,,320,,,,,,,,,,
,,317,,,,,,,,,,
,,296,,,,,,,,,,
,,274,,,,,,,,,,
,,256,,,,,,,,,,
,,257,,,,,,,,,,
,,291,,,,,,,,,,
,,295,,,,,,,,,,
,,303,,,,,,,,,,
,,256,,,,,,,,,,
,,230,,,,,,,,,,
,,221,,,,,,,,,,
,,224,,,,,,,,,,
,,299,,,,,,,,,,
,,324,,,,,,,,,,
,,240,,,,,,,,,,
,,242,,,,,,,,,,
,,300,,,,,,,,,,
,,227,,,,,,,,,,
,,547,,,,,,,,,,
,,350,,,,,,,,,,
,,246,,,,,,,,,,
,,253,,,,,,,,,,
,,253,,,,,,,,,,
,,242,,,,,,,,,,
,,250,,,,,,,,,,
,,251,,,,,,,,,,
,,259,,,,,,,,,,
,,266,,,,,,,,,,
,,512,,,,,,,,,,
,,305,,,,,,,,,,
,,314,,,,,,,,,,
,,325,,,,,,,,,,
,,232,,,,,,,,,,
,,315,,,,,,,,,,
,,328,,,,,,,,,,
,,219,,,,,,,,,,
,,252,,,,,,,,,,
,,248,,,,,,,,,,
,,366,,,,,,,,,,
,,391,,,,,,,,,,
,,381,,,,,,,,,,
,,436,,,,,,,,,,
,,449,,,,,,,,,,
,,451,,,,,,,,,,
,,327,,,,,,,,,,
,,412,,,,,,,,,,
,,418,,,,,,,,,,
,,410,,,,,,,,,,
,,404,,,,,,,,,,
,,487,,,,,,,,,,
,,236,,,,,,,,,,
,,388,,,,,,,,,,
,,312,,,,,,,,,,
,,306,,,,,,,,,,
,,294,,,,,,,,,,
,,268,,,,,,,,,,
,,253,,,,,,,,,,
,,253,,,,,,,,,,
,,253,,,,,,,,,,
,,312,,,,,,,,,,
,,296,,,,,,,,,,
,,299,,,,,,,,,,
,,296,,,,,,,,,,
,,328,,,,,,,,,,
,,354,,,,,,,,,,
,,340,,,,,,,,,,
,,235,,,,,,,,,,
,,241,,,,,,,,,,
,,238,,,,,,,,,,
,,247,,,,,,,,,,
,,286,,,,,,,,,,
,,344,,,,,,,,,,
,,321,,,,,,,,,,
,,321,,,,,,,,,,
,,269,,,,,,,,,,
,,269,,,,,,,,,,
,,313,,,,,,,,,,
,,348,,,,,,,,,,
,,348,,,,,,,,,,
,,350,,,,,,,,,,
,,331,,,,,,,,,,
,,291,,,,,,,,,,
,,293,,,,,,,,,,
,,264,,,,,,,,,,
,,272,,,,,,,,,,
,,272,,,,,,,,,,
,,308,,,,,,,,,,
,,270,,,,,,,,,,
,,272,,,,,,,,,,
,,307,,,,,,,,,,
,,310,,,,,,,,,,
,,307,,,,,,,,,,
,,264,,,,,,,,,,
,,264,,,,,,,,,,
,,268,,,,,,,,,,
,,456,,,,,,,,,,
,,328,,,,,,,,,,
,,311,,,,,,,,,,
,,308,,,,,,,,,,
,,365,,,,,,,,,,
,,291,,,,,,,,,,
,,301,,,,,,,,,,
,,301,,,,,,,,,,
,,487,,,,,,,,,,
,,489,,,,,,,,,,
,,495,,,,,,,,,,
,,274,,,,,,,,,,
,,319,,,,,,,,,,
,,327,,,,,,,,,,
,,327,,,,,,,,,,
,,361,,,,,,,,,,
,,97,,,,,,,,,,
,,287,,,,,,,,,,
,,308,,,,,,,,,,
,,307,,,,,,,,,,
,,308,,,,,,,,,,
,,310,,,,,,,,,,
,,302,,,,,,,,,,
,,304,,,,,,,,,,
,,289,,,,,,,,,,
,,295,,,,,,,,,,
,,292,,,,,,,,,,
,,308,,,,,,,,,,
,,342,,,,,,,,,,
,,397,,,,,,,,,,
,,377,,,,,,,,,,
,,338,,,,,,,,,,
,,548,,,,,,,,,,
,,338,,,,,,,,,,
,,301,,,,,,,,,,
,,337,,,,,,,,,,
,,585,,,,,,,,,,
,,587,,,,,,,,,,
,,499,,,,,,,,,,
,,321,,,,,,,,,,
,,333,,,,,,,,,,
,,333,,,,,,,,,,
,,350,,,,,,,,,,
,,429,,,,,,,,,,
,,435,,,,,,,,,,
,,285,,,,,,,,,,
,,292,,,,,,,,,,
,,288,,,,,,,,,,
,,223,,,,,,,,,,
,,445,,,,,,,,,,
,,223,,,,,,,,,,
,,129,,,,,,,,,,
,,282,,,,,,,,,,
,,277,,,,,,,,,,
,,277,,,,,,,,,,
,,290,,,,,,,,,,
,,362,,,,,,,,,,
,,275,,,,,,,,,,
,,283,,,,,,,,,,
,,280,,,,,,,,,,
,,533,,,,,,,,,,
,,533,,,,,,,,,,
,,517,,,,,,,,,,
,,377,,,,,,,,,,
,,357,,,,,,,,,,
,,357,,,,,,,,,,
,,342,,,,,,,,,,
,,334,,,,,,,,,,
,,334,,,,,,,,,,
,,322,,,,,,,,,,
,,314,,,,,,,,,,
,,321,,,,,,,,,,
,,319,,,,,,,,,,
,,310,,,,,,,,,,
,,310,,,,,,,,,,
,,310,,,,,,,,,,
,,294,,,,,,,,,,
,,284,,,,,,,,,,
,,287,,,,,,,,,,
,,283,,,,,,,,,,
,,626,,,,,,,,,,
,,636,,,,,,,,,,
,,636,,,,,,,,,,
,,480,,,,,,,,,,
,,448,,,,,,,,,,
,,461,,,,,,,,,,
,,312,,,,,,,,,,
,,321,,,,,,,,,,
,,321,,,,,,,,,,
,,316,,,,,,,,,,
,,316,,,,,,,,,,
,,318,,,,,,,,,,
,,492,,,,,,,,,,
,,317,,,,,,,,,,
,,322,,,,,,,,,,
,,323,,,,,,,,,,
,,313,,,,,,,,,,
,,323,,,,,,,,,,
,,266,,,,,,,,,,
,,419,,,,,,,,,,
,,271,,,,,,,,,,
,,279,,,,,,,,,,
,,257,,,,,,,,,,
,,260,,,,,,,,,,
,,314,,,,,,,,,,
,,484,,,,,,,,,,
,,309,,,,,,,,,,
,,339,,,,,,,,,,
,,290,,,,,,,,,,
,,290,,,,,,,,,,
,,291,,,,,,,,,,
,,359,,,,,,,,,,
,,364,,,,,,,,,,
,,361,,,,,,,,,,
,,358,,,,,,,,,,
,,383,,,,,,,,,,
,,362,,,,,,,,,,
,,292,,,,,,,,,,
,,598,,,,,,,,,,
,,612,,,,,,,,,,
,,655,,,,,,,,,,
,,633,,,,,,,,,,
,,417,,,,,,,,,,
,,580,,,,,,,,,,
,,544,,,,,,,,,,
,,511,,,,,,,,,,
,,511,,,,,,,,,,
,,253,,,,,,,,,,
,,240,,,,,,,,,,
,,249,,,,,,,,,,
,,385,,,,,,,,,,
,,361,,,,,,,,,,
,,311,,,,,,,,,,
,,307,,,,,,,,,,
,,325,,,,,,,,,,
,,333,,,,,,,,,,
,,330,,,,,,,,,,
,,295,,,,,,,,,,
,,280,,,,,,,,,,
,,269,,,,,,,,,,
,,408,,,,,,,,,,
,,461,,,,,,,,,,
,,289,,,,,,,,,,
,,289,,,,,,,,,,
,,290,,,,,,,,,,
,,229,,,,,,,,,,
,,308,,,,,,,,,,
,,314,,,,,,,,,,
,,368,,,,,,,,,,
,,222,,,,,,,,,,
,,307,,,,,,,,,,
,,316,,,,,,,,,,
,,313,,,,,,,,,,
,,227,,,,,,,,,,
,,382,,,,,,,,,,
,,237,,,,,,,,,,
,,240,,,,,,,,,,
,,241,,,,,,,,,,
,,240,,,,,,,,,,
,,239,,,,,,,,,,
,,466,,,,,,,,,,
,,466,,,,,,,,,,
,,64,,,,,,,,,,
,,265,,,,,,,,,,
,,200,,,,,,,,,,
,,200,,,,,,,,,,
,,201,,,,,,,,,,
,,215,,,,,,,,,,
,,206,,,,,,,,,,
,,234,,,,,,,,,,
,,369,,,,,,,,,,
,,234,,,,,,,,,,
,,220,,,,,,,,,,
,,223,,,,,,,,,,
,,301,,,,,,,,,,
,,503,,,,,,,,,,
,,255,,,,,,,,,,
,,264,,,,,,,,,,
,,288,,,,,,,,,,
,,208,,,,,,,,,,
,,214,,,,,,,,,,
,,222,,,,,,,,,,
,,288,,,,,,,,,,
,,274,,,,,,,,,,
,,271,,,,,,,,,,
,,367,,,,,,,,,,
,,370,,,,,,,,,,
,,331,,,,,,,,,,
,,333,,,,,,,,,,
,,247,,,,,,,,,,
,,255,,,,,,,,,,
,,256,,,,,,,,,,
,,261,,,,,,,,,,
,,257,,,,,,,,,,
,,375,,,,,,,,,,
,,134,,,,,,,,,,
,,207,,,,,,,,,,
,,383,,,,,,,,,,
,,396,,,,,,,,,,
,,204,,,,,,,,,,
,,204,,,,,,,,,,
,,207,,,,,,,,,,
,,391,,,,,,,,,,
,,401,,,,,,,,,,
,,399,,,,,,,,,,
,,301,,,,,,,,,,
,,330,,,,,,,,,,
,,124,,,,,,,,,,
,,273,,,,,,,,,,
,,282,,,,,,,,,,
,,279,,,,,,,,,,
,,316,,,,,,,,,,
,,294,,,,,,,,,,
,,272,,,,,,,,,,
,,278,,,,,,,,,,
,,285,,,,,,,,,,
,,282,,,,,,,,,,
,,299,,,,,,,,,,
,,308,,,,,,,,,,
,,353,,,,,,,,,,
,,360,,,,,,,,,,
,,322,,,,,,,,,,
,,325,,,,,,,,,,
,,277,,,,,,,,,,
,,284,,,,,,,,,,
,,235,,,,,,,,,,
,,343,,,,,,,,,,
,,344,,,,,,,,,,
,,346,,,,,,,,,,
,,293,,,,,,,,,,
,,177,,,,,,,,,,
,,285,,,,,,,,,,
,,293,,,,,,,,,,
,,301,,,,,,,,,,
,,273,,,,,,,,,,
,,270,,,,,,,,,,
,,406,,,,,,,,,,
,,1035,,,,,,,,,,
,,324,,,,,,,,,,
,,331,,,,,,,,,,
,,331,,,,,,,,,,
,,414,,,,,,,,,,
,,511,,,,,,,,,,
,,514,,,,,,,,,,
,,263,,,,,,,,,,
,,264,,,,,,,,,,
,,317,,,,,,,,,,
,,322,,,,,,,,,,
,,228,,,,,,,,,,
,,597,,,,,,,,,,
,,577,,,,,,,,,,
,,354,,,,,,,,,,
,,349,,,,,,,,,,
,,473,,,,,,,,,,
,,490,,,,,,,,,,
,,493,,,,,,,,,,
,,358,,,,,,,,,,
,,820,,,,,,,,,,
,,407,,,,,,,,,,
,,407,,,,,,,,,,
,,348,,,,,,,,,,
,,334,,,,,,,,,,
,,352,,,,,,,,,,
,,359,,,,,,,,,,
,,356,,,,,,,,,,
,,230,,,,,,,,,,
,,151,,,,,,,,,,
,,366,,,,,,,,,,
,,362,,,,,,,,,,
,,691,,,,,,,,,,
,,715,,,,,,,,,,
,,776,,,,,,,,,,
,,776,,,,,,,,,,
,,768,,,,,,,,,,
,,474,,,,,,,,,,
,,513,,,,,,,,,,
,,205,,,,,,,,,,
,,299,,,,,,,,,,
,,304,,,,,,,,,,
,,305,,,,,,,,,,
,,234,,,,,,,,,,
,,236,,,,,,,,,,
,,237,,,,,,,,,,
,,259,,,,,,,,,,
,,283,,,,,,,,,,
,,321,,,,,,,,,,
,,330,,,,,,,,,,
,,327,,,,,,,,,,
,,259,,,,,,,,,,
,,224,,,,,,,,,,
,,244,,,,,,,,,,
,,520,,,,,,,,,,
,,535,,,,,,,,,,
,,535,,,,,,,,,,
,,466,,,,,,,,,,
,,298,,,,,,,,,,
,,307,,,,,,,,,,
,,303,,,,,,,,,,
,,307,,,,,,,,,,
,,401,,,,,,,,,,
,,401,,,,,,,,,,
,,401,,,,,,,,,,
,,369,,,,,,,,,,
,,289,,,,,,,,,,
,,285,,,,,,,,,,
,,270,,,,,,,,,,
,,300,,,,,,,,,,
,,306,,,,,,,,,,
,,303,,,,,,,,,,
,,126,,,,,,,,,,
,,362,,,,,,,,,,
,,342,,,,,,,,,,
,,318,,,,,,,,,,
,,331,,,,,,,,,,
,,352,,,,,,,,,,
,,356,,,,,,,,,,
,,373,,,,,,,,,,
,,416,,,,,,,,,,
,,532,,,,,,,,,,
,,332,,,,,,,,,,
,,343,,,,,,,,,,
,,340,,,,,,,,,,
,,372,,,,,,,,,,
,,372,,,,,,,,,,
,,269,,,,,,,,,,
,,549,,,,,,,,,,
,,554,,,,,,,,,,
,,557,,,,,,,,,,
,,287,,,,,,,,,,
,,418,,,,,,,,,,
,,431,,,,,,,,,,
,,465,,,,,,,,,,
,,281,,,,,,,,,,
,,381,,,,,,,,,,
,,316,,,,,,,,,,
,,319,,,,,,,,,,
,,333,,,,,,,,,,
,,358,,,,,,,,,,
,,367,,,,,,,,,,
,,265,,,,,,,,,,
,,261,,,,,,,,,,
,,262,,,,,,,,,,
,,326,,,,,,,,,,
,,314,,,,,,,,,,
,,319,,,,,,,,,,
,,316,,,,,,,,,,
,,321,,,,,,,,,,
,,428,,,,,,,,,,
,,430,,,,,,,,,,
,,521,,,,,,,,,,
,,521,,,,,,,,,,
,,514,,,,,,,,,,
,,669,,,,,,,,,,
,,650,,,,,,,,,,
,,650,,,,,,,,,,
,,610,,,,,,,,,,
,,344,,,,,,,,,,
,,349,,,,,,,,,,
,,624,,,,,,,,,,
,,487,,,,,,,,,,
,,346,,,,,,,,,,
,,300,,,,,,,,,,
,,294,,,,,,,,,,
,,301,,,,,,,,,,
,,303,,,,,,,,,,
,,346,,,,,,,,,,
,,352,,,,,,,,,,
,,348,,,,,,,,,,
,,238,,,,,,,,,,
,,227,,,,,,,,,,
,,227,,,,,,,,,,
,,228,,,,,,,,,,
,,277,,,,,,,,,,
,,287,,,,,,,,,,
,,287,,,,,,,,,,
,,357,,,,,,,,,,
,,408,,,,,,,,,,
,,408,,,,,,,,,,
,,280,,,,,,,,,,
,,412,,,,,,,,,,
,,416,,,,,,,,,,
,,254,,,,,,,,,,
,,481,,,,,,,,,,
,,417,,,,,,,,,,
,,386,,,,,,,,,,
,,313,,,,,,,,,,
,,312,,,,,,,,,,
,,307,,,,,,,,,,
,,344,,,,,,,,,,
,,251,,,,,,,,,,
,,440,,,,,,,,,,
,,451,,,,,,,,,,
,,290,,,,,,,,,,
,,285,,,,,,,,,,
,,269,,,,,,,,,,
,,334,,,,,,,,,,
,,337,,,,,,,,,,
,,384,,,,,,,,,,
,,389,,,,,,,,,,
,,412,,,,,,,,,,
,,565,,,,,,,,,,
,,683,,,,,,,,,,
,,233,,,,,,,,,,
,,285,,,,,,,,,,
,,287,,,,,,,,,,
,,390,,,,,,,,,,
,,284,,,,,,,,,,
,,336,,,,,,,,,,
,,417,,,,,,,,,,
,,358,,,,,,,,,,
,,362,,,,,,,,,,
,,745,,,,,,,,,,
,,787,,,,,,,,,,
,,752,,,,,,,,,,
,,755,,,,,,,,,,
,,223,,,,,,,,,,
,,150,,,,,,,,,,
,,361,,,,,,,,,,
,,368,,,,,,,,,,
,,243,,,,,,,,,,
,,239,,,,,,,,,,
,,255,,,,,,,,,,
,,287,,,,,,,,,,
,,648,,,,,,,,,,
,,241,,,,,,,,,,
,,235,,,,,,,,,,
,,468,,,,,,,,,,
,,668,,,,,,,,,,
,,682,,,,,,,,,,
,,292,,,,,,,,,,
,,292,,,,,,,,,,
,,292,,,,,,,,,,
,,233,,,,,,,,,,
,,234,,,,,,,,,,
,,304,,,,,,,,,,
,,307,,,,,,,,,,
,,302,,,,,,,,,,
,,393,,,,,,,,,,
,,592,,,,,,,,,,
,,317,,,,,,,,,,
,,431,,,,,,,,,,
,,313,,,,,,,,,,
,,282,,,,,,,,,,
,,243,,,,,,,,,,
,,287,,,,,,,,,,
,,297,,,,,,,,,,
,,294,,,,,,,,,,
,,600,,,,,,,,,,
,,612,,,,,,,,,,
,,465,,,,,,,,,,
,,258,,,,,,,,,,
,,332,,,,,,,,,,
,,332,,,,,,,,,,
,,361,,,,,,,,,,
,,337,,,,,,,,,,
,,339,,,,,,,,,,
,,435,,,,,,,,,,
,,437,,,,,,,,,,
,,555,,,,,,,,,,
,,330,,,,,,,,,,
,,333,,,,,,,,,,
,,215,,,,,,,,,,
,,223,,,,,,,,,,
,,227,,,,,,,,,,
,,289,,,,,,,,,,
,,296,,,,,,,,,,
,,478,,,,,,,,,,
,,516,,,,,,,,,,
,,319,,,,,,,,,,
,,325,,,,,,,,,,
,,260,,,,,,,,,,
,,275,,,,,,,,,,
,,278,,,,,,,,,,
,,259,,,,,,,,,,
,,333,,,,,,,,,,
,,346,,,,,,,,,,
,,346,,,,,,,,,,
,,359,,,,,,,,,,
,,343,,,,,,,,,,
,,344,,,,,,,,,,
,,337,,,,,,,,,,
,,532,,,,,,,,,,
,,532,,,,,,,,,,
,,232,,,,,,,,,,
,,201,,,,,,,,,,
,,200,,,,,,,,,,
,,224,,,,,,,,,,
,,302,,,,,,,,,,
,,49,,,,,,,,,,
,,423,,,,,,,,,,
,,401,,,,,,,,,,
,,405,,,,,,,,,,
,,271,,,,,,,,,,
,,560,,,,,,,,,,
,,568,,,,,,,,,,
,,423,,,,,,,,,,
,,183,,,,,,,,,,
,,183,,,,,,,,,,
,,182,,,,,,,,,,
,,224,,,,,,,,,,
,,264,,,,,,,,,,
,,109,,,,,,,,,,
,,114,,,,,,,,,,
,,114,,,,,,,,,,
,,211,,,,,,,,,,
,,217,,,,,,,,,,
,,231,,,,,,,,,,
,,234,,,,,,,,,,
,,236,,,,,,,,,,
,,481,,,,,,,,,,
,,456,,,,,,,,,,
,,327,,,,,,,,,,
,,369,,,,,,,,,,
,,311,,,,,,,,,,
,,303,,,,,,,,,,
,,290,,,,,,,,,,
,,409,,,,,,,,,,
,,411,,,,,,,,,,
,,344,,,,,,,,,,
,,297,,,,,,,,,,
,,308,,,,,,,,,,
,,282,,,,,,,,,,
,,286,,,,,,,,,,
,,448,,,,,,,,,,
,,208,,,,,,,,,,
,,293,,,,,,,,,,
,,154,,,,,,,,,,
,,337,,,,,,,,,,
,,273,,,,,,,,,,
,,289,,,,,,,,,,
,,291,,,,,,,,,,
,,272,,,,,,,,,,
,,217,,,,,,,,,,
,,218,,,,,,,,,,
,,222,,,,,,,,,,
,,382,,,,,,,,,,
,,384,,,,,,,,,,
,,280,,,,,,,,,,
,,286,,,,,,,,,,
,,268,,,,,,,,,,
,,268,,,,,,,,,,
,,268,,,,,,,,,,
,,312,,,,,,,,,,
,,318,,,,,,,,,,
,,223,,,,,,,,,,
,,261,,,,,,,,,,
,,236,,,,,,,,,,
,,265,,,,,,,,,,
,,276,,,,,,,,,,
,,492,,,,,,,,,,
,,487,,,,,,,,,,
,,216,,,,,,,,,,
,,224,,,,,,,,,,
,,225,,,,,,,,,,
,,226,,,,,,,,,,
,,574,,,,,,,,,,
,,589,,,,,,,,,,
,,583,,,,,,,,,,
,,416,,,,,,,,,,
,,418,,,,,,,,,,
,,416,,,,,,,,,,
,,495,,,,,,,,,,
,,445,,,,,,,,,,
,,436,,,,,,,,,,
,,243,,,,,,,,,,
,,259,,,,,,,,,,
,,256,,,,,,,,,,
,,341,,,,,,,,,,
,,289,,,,,,,,,,
,,290,,,,,,,,,,
,,556,,,,,,,,,,
,,572,,,,,,,,,,
,,564,,,,,,,,,,
,,79,,,,,,,,,,
,,448,,,,,,,,,,
,,229,,,,,,,,,,
,,237,,,,,,,,,,
,,310,,,,,,,,,,
,,314,,,,,,,,,,
,,311,,,,,,,,,,
,,532,,,,,,,,,,
,,543,,,,,,,,,,
,,543,,,,,,,,,,
,,154,,,,,,,,,,
,,331,,,,,,,,,,
,,331,,,,,,,,,,
,,346,,,,,,,,,,
,,266,,,,,,,,,,
,,268,,,,,,,,,,
,,274,,,,,,,,,,
,,258,,,,,,,,,,
,,309,,,,,,,,,,
,,272,,,,,,,,,,
,,270,,,,,,,,,,
,,243,,,,,,,,,,
,,250,,,,,,,,,,
,,269,,,,,,,,,,
,,287,,,,,,,,,,
,,274,,,,,,,,,,
,,271,,,,,,,,,,
,,737,,,,,,,,,,
,,720,,,,,,,,,,
,,720,,,,,,,,,,
,,348,,,,,,,,,,
,,352,,,,,,,,,,
,,316,,,,,,,,,,
,,335,,,,,,,,,,
,,315,,,,,,,,,,
,,299,,,,,,,,,,
,,299,,,,,,,,,,
,,290,,,,,,,,,,
,,261,,,,,,,,,,
,,269,,,,,,,,,,
,,662,,,,,,,,,,
,,337,,,,,,,,,,
,,314,,,,,,,,,,
,,312,,,,,,,,,,
,,344,,,,,,,,,,
,,344,,,,,,,,,,
,,344,,,,,,,,,,
,,254,,,,,,,,,,
,,260,,,,,,,,,,
,,812,,,,,,,,,,
,,709,,,,,,,,,,
,,695,,,,,,,,,,
,,390,,,,,,,,,,
,,609,,,,,,,,,,
,,654,,,,,,,,,,
,,658,,,,,,,,,,
,,230,,,,,,,,,,
,,261,,,,,,,,,,
,,360,,,,,,,,,,
,,344,,,,,,,,,,
,,346,,,,,,,,,,
,,205,,,,,,,,,,
,,228,,,,,,,,,,
,,536,,,,,,,,,,
,,509,,,,,,,,,,
,,206,,,,,,,,,,
,,262,,,,,,,,,,
,,271,,,,,,,,,,
,,271,,,,,,,,,,
,,276,,,,,,,,,,
,,272,,,,,,,,,,
,,254,,,,,,,,,,
,,406,,,,,,,,,,
,,372,,,,,,,,,,
,,381,,,,,,,,,,
,,530,,,,,,,,,,
,,284,,,,,,,,,,
,,283,,,,,,,,,,
,,381,,,,,,,,,,
,,385,,,,,,,,,,
,,489,,,,,,,,,,
,,322,,,,,,,,,,
,,211,,,,,,,,,,
,,272,,,,,,,,,,
,,278,,,,,,,,,,
,,378,,,,,,,,,,
,,304,,,,,,,,,,
,,308,,,,,,,,,,
,,355,,,,,,,,,,
,,394,,,,,,,,,,
,,397,,,,,,,,,,
,,392,,,,,,,,,,
,,452,,,,,,,,,,
,,334,,,,,,,,,,
,,256,,,,,,,,,,
,,318,,,,,,,,,,
,,184,,,,,,,,,,
,,291,,,,,,,,,,
,,229,,,,,,,,,,
,,507,,,,,,,,,,
,,505,,,,,,,,,,
,,661,,,,,,,,,,
,,437,,,,,,,,,,
,,446,,,,,,,,,,
,,334,,,,,,,,,,
,,339,,,,,,,,,,
,,589,,,,,,,,,,
,,609,,,,,,,,,,
,,603,,,,,,,,,,
,,364,,,,,,,,,,
,,365,,,,,,,,,,
,,274,,,,,,,,,,
,,248,,,,,,,,,,
,,274,,,,,,,,,,
,,356,,,,,,,,,,
,,356,,,,,,,,,,
,,581,,,,,,,,,,
,,257,,,,,,,,,,
,,254,,,,,,,,,,
,,251,,,,,,,,,,
,,147,,,,,,,,,,
,,388,,,,,,,,,,
,,338,,,,,,,,,,
,,346,,,,,,,,,,
,,360,,,,,,,,,,
,,328,,,,,,,,,,
,,337,,,,,,,,,,
,,339,,,,,,,,,,
,,291,,,,,,,,,,
,,202,,,,,,,,,,
,,280,,,,,,,,,,
,,283,,,,,,,,,,
,,487,,,,,,,,,,
,,421,,,,,,,,,,
,,232,,,,,,,,,,
,,236,,,,,,,,,,
,,461,,,,,,,,,,
,,1005,,,,,,,,,,
,,397,,,,,,,,,,
,,399,,,,,,,,,,
,,397,,,,,,,,,,
,,305,,,,,,,,,,
,,316,,,,,,,,,,
,,270,,,,,,,,,,
,,505,,,,,,,,,,
,,512,,,,,,,,,,
,,512,,,,,,,,,,
,,71,,,,,,,,,,
,,471,,,,,,,,,,
,,260,,,,,,,,,,
,,256,,,,,,,,,,
,,246,,,,,,,,,,
,,254,,,,,,,,,,
,,259,,,,,,,,,,
,,257,,,,,,,,,,
,,788,,,,,,,,,,
,,800,,,,,,,,,,
,,780,,,,,,,,,,
,,539,,,,,,,,,,
,,328,,,,,,,,,,
,,323,,,,,,,,,,
,,327,,,,,,,,,,
,,336,,,,,,,,,,
,,332,,,,,,,,,,
,,358,,,,,,,,,,
,,358,,,,,,,,,,
,,353,,,,,,,,,,
,,147,,,,,,,,,,
,,366,,,,,,,,,,
,,323,,,,,,,,,,
,,327,,,,,,,,,,
,,233,,,,,,,,,,
,,230,,,,,,,,,,
,,282,,,,,,,,,,
,,282,,,,,,,,,,
,,251,,,,,,,,,,
,,284,,,,,,,,,,
,,282,,,,,,,,,,
,,312,,,,,,,,,,
,,871,,,,,,,,,,
,,1337,,,,,,,,,,
,,871,,,,,,,,,,
,,139,,,,,,,,,,
,,217,,,,,,,,,,
,,220,,,,,,,,,,
,,228,,,,,,,,,,
,,691,,,,,,,,,,
,,708,,,,,,,,,,
,,694,,,,,,,,,,
,,293,,,,,,,,,,
,,291,,,,,,,,,,
,,266,,,,,,,,,,
,,263,,,,,,,,,,
,,321,,,,,,,,,,
,,333,,,,,,,,,,
,,332,,,,,,,,,,
,,294,,,,,,,,,,
,,456,,,,,,,,,,
,,458,,,,,,,,,,
,,322,,,,,,,,,,
,,333,,,,,,,,,,
,,328,,,,,,,,,,
,,264,,,,,,,,,,
,,780,,,,,,,,,,
,,803,,,,,,,,,,
,,807,,,,,,,,,,
,,335,,,,,,,,,,
,,323,,,,,,,,,,
,,320,,,,,,,,,,
,,274,,,,,,,,,,
,,277,,,,,,,,,,
,,333,,,,,,,,,,
,,263,,,,,,,,,,
,,525,,,,,,,,,,
,,530,,,,,,,,,,
,,331,,,,,,,,,,
,,518,,,,,,,,,,
,,331,,,,,,,,,,
,,385,,,,,,,,,,
,,248,,,,,,,,,,
,,250,,,,,,,,,,
,,232,,,,,,,,,,
,,466,,,,,,,,,,
,,463,,,,,,,,,,
,,331,,,,,,,,,,
,,459,,,,,,,,,,
,,461,,,,,,,,,,
,,304,,,,,,,,,,
,,304,,,,,,,,,,
,,305,,,,,,,,,,
,,507,,,,,,,,,,
,,507,,,,,,,,,,
,,497,,,,,,,,,,
,,508,,,,,,,,,,
,,401,,,,,,,,,,
,,401,,,,,,,,,,
,,601,,,,,,,,,,
,,541,,,,,,,,,,
,,512,,,,,,,,,,
,,514,,,,,,,,,,
,,370,,,,,,,,,,
,,348,,,,,,,,,,
,,228,,,,,,,,,,
,,229,,,,,,,,,,
,,430,,,,,,,,,,
,,249,,,,,,,,,,
,,248,,,,,,,,,,
,,237,,,,,,,,,,
,,412,,,,,,,,,,
,,277,,,,,,,,,,
,,299,,,,,,,,,,
,,295,,,,,,,,,,
,,306,,,,,,,,,,
,,296,,,,,,,,,,
,,355,,,,,,,,,,
,,324,,,,,,,,,,
,,652,,,,,,,,,,
,,293,,,,,,,,,,
,,279,,,,,,,,,,
,,289,,,,,,,,,,
,,291,,,,,,,,,,
,,286,,,,,,,,,,
,,287,,,,,,,,,,
,,822,,,,,,,,,,
,,773,,,,,,,,,,
,,582,,,,,,,,,,
,,313,,,,,,,,,,
,,327,,,,,,,,,,
,,338,,,,,,,,,,
,,340,,,,,,,,,,
,,352,,,,,,,,,,
,,425,,,,,,,,,,
,,425,,,,,,,,,,
,,423,,,,,,,,,,
,,260,,,,,,,,,,
,,264,,,,,,,,,,
,,307,,,,,,,,,,
,,382,,,,,,,,,,
,,245,,,,,,,,,,
,,218,,,,,,,,,,
,,242,,,,,,,,,,
,,442,,,,,,,,,,
,,517,,,,,,,,,,
,,530,,,,,,,,,,
,,533,,,,,,,,,,
,,534,,,,,,,,,,
,,552,,,,,,,,,,
,,510,,,,,,,,,,
,,442,,,,,,,,,,
,,457,,,,,,,,,,
,,587,,,,,,,,,,
,,594,,,,,,,,,,
,,594,,,,,,,,,,
,,338,,,,,,,,,,
,,328,,,,,,,,,,
,,336,,,,,,,,,,
,,370,,,,,,,,,,
,,372,,,,,,,,,,
,,358,,,,,,,,,,
,,424,,,,,,,,,,
,,317,,,,,,,,,,
,,314,,,,,,,,,,
,,256,,,,,,,,,,
,,250,,,,,,,,,,
,,309,,,,,,,,,,
,,314,,,,,,,,,,
,,391,,,,,,,,,,
,,260,,,,,,,,,,
,,268,,,,,,,,,,
,,229,,,,,,,,,,
,,229,,,,,,,,,,
,,230,,,,,,,,,,
,,115,,,,,,,,,,
,,353,,,,,,,,,,
,,509,,,,,,,,,,
,,519,,,,,,,,,,
,,522,,,,,,,,,,
,,274,,,,,,,,,,
,,284,,,,,,,,,,
,,285,,,,,,,,,,
,,366,,,,,,,,,,
,,366,,,,,,,,,,
,,230,,,,,,,,,,
,,232,,,,,,,,,,
,,232,,,,,,,,,,
,,222,,,,,,,,,,
,,224,,,,,,,,,,
,,537,,,,,,,,,,
,,193,,,,,,,,,,
,,316,,,,,,,,,,
,,491,,,,,,,,,,
,,499,,,,,,,,,,
,,303,,,,,,,,,,
,,574,,,,,,,,,,
,,744,,,,,,,,,,
,,579,,,,,,,,,,
,,303,,,,,,,,,,
,,306,,,,,,,,,,
,,358,,,,,,,,,,
,,331,,,,,,,,,,
,,328,,,,,,,,,,
,,427,,,,,,,,,,
,,499,,,,,,,,,,
,,477,,,,,,,,,,
,,491,,,,,,,,,,
,,269,,,,,,,,,,
,,257,,,,,,,,,,
,,300,,,,,,,,,,
,,309,,,,,,,,,,
,,309,,,,,,,,,,
,,394,,,,,,,,,,
,,214,,,,,,,,,,
,,407,,,,,,,,,,
,,248,,,,,,,,,,
,,522,,,,,,,,,,
,,528,,,,,,,,,,
,,348,,,,,,,,,,
,,318,,,,,,,,,,
,,293,,,,,,,,,,
,,318,,,,,,,,,,
,,351,,,,,,,,,,
,,366,,,,,,,,,,
,,498,,,,,,,,,,
,,544,,,,,,,,,,
,,561,,,,,,,,,,
,,561,,,,,,,,,,
,,563,,,,,,,,,,
,,185,,,,,,,,,,
,,317,,,,,,,,,,
,,297,,,,,,,,,,
,,290,,,,,,,,,,
,,259,,,,,,,,,,
,,336,,,,,,,,,,
,,338,,,,,,,,,,
,,301,,,,,,,,,,
,,342,,,,,,,,,,
,,348,,,,,,,,,,
,,266,,,,,,,,,,
,,325,,,,,,,,,,
,,369,,,,,,,,,,
,,369,,,,,,,,,,
,,417,,,,,,,,,,
,,450,,,,,,,,,,
,,318,,,,,,,,,,
,,320,,,,,,,,,,
,,812,,,,,,,,,,
,,195,,,,,,,,,,
,,388,,,,,,,,,,
,,479,,,,,,,,,,
,,481,,,,,,,,,,
,,484,,,,,,,,,,
,,266,,,,,,,,,,
,,267,,,,,,,,,,
,,390,,,,,,,,,,
,,434,,,,,,,,,,
,,255,,,,,,,,,,
,,266,,,,,,,,,,
,,274,,,,,,,,,,
,,268,,,,,,,,,,
,,566,,,,,,,,,,
,,654,,,,,,,,,,
,,354,,,,,,,,,,
,,360,,,,,,,,,,
,,376,,,,,,,,,,
,,389,,,,,,,,,,
,,573,,,,,,,,,,
,,309,,,,,,,,,,
,,291,,,,,,,,,,
,,301,,,,,,,,,,
,,303,,,,,,,,,,
,,323,,,,,,,,,,
,,351,,,,,,,,,,
,,351,,,,,,,,,,
,,65,,,,,,,,,,
,,278,,,,,,,,,,
,,465,,,,,,,,,,
,,298,,,,,,,,,,
,,412,,,,,,,,,,
,,432,,,,,,,,,,
,,235,,,,,,,,,,
,,516,,,,,,,,,,
,,524,,,,,,,,,,
,,328,,,,,,,,,,
,,178,,,,,,,,,,
,,295,,,,,,,,,,
,,544,,,,,,,,,,
,,541,,,,,,,,,,
,,375,,,,,,,,,,
,,215,,,,,,,,,,
,,262,,,,,,,,,,
,,285,,,,,,,,,,
,,252,,,,,,,,,,
,,162,,,,,,,,,,
,,309,,,,,,,,,,
,,317,,,,,,,,,,
,,421,,,,,,,,,,
,,257,,,,,,,,,,
,,385,,,,,,,,,,
,,692,,,,,,,,,,
,,696,,,,,,,,,,
,,405,,,,,,,,,,
,,670,,,,,,,,,,
,,677,,,,,,,,,,
,,477,,,,,,,,,,
,,482,,,,,,,,,,
,,484,,,,,,,,,,
,,193,,,,,,,,,,
,,242,,,,,,,,,,
,,353,,,,,,,,,,
,,460,,,,,,,,,,
,,949,,,,,,,,,,
,,616,,,,,,,,,,
,,620,,,,,,,,,,
,,308,,,,,,,,,,
,,701,,,,,,,,,,
,,704,,,,,,,,,,
,,708,,,,,,,,,,
,,259,,,,,,,,,,
,,404,,,,,,,,,,
,,309,,,,,,,,,,
,,341,,,,,,,,,,
,,361,,,,,,,,,,
,,487,,,,,,,,,,
,,297,,,,,,,,,,
,,303,,,,,,,,,,
,,439,,,,,,,,,,
,,1199,,,,,,,,,,
,,287,,,,,,,,,,
,,291,,,,,,,,,,
,,263,,,,,,,,,,
,,230,,,,,,,,,,
,,231,,,,,,,,,,
,,235,,,,,,,,,,
,,500,,,,,,,,,,
,,505,,,,,,,,,,
,,602,,,,,,,,,,
,,596,,,,,,,,,,
,,332,,,,,,,,,,
,,380,,,,,,,,,,
,,441,,,,,,,,,,
,,478,,,,,,,,,,
,,303,,,,,,,,,,
,,301,,,,,,,,,,
,,410,,,,,,,,,,
,,586,,,,,,,,,,
,,586,,,,,,,,,,
,,710,,,,,,,,,,
,,710,,,,,,,,,,
,,703,,,,,,,,,,
,,275,,,,,,,,,,
,,321,,,,,,,,,,
,,836,,,,,,,,,,
,,269,,,,,,,,,,
,,270,,,,,,,,,,
,,271,,,,,,,,,,
,,276,,,,,,,,,,
,,519,,,,,,,,,,
,,193,,,,,,,,,,
,,756,,,,,,,,,,
,,1642,,,,,,,,,,
,,834,,,,,,,,,,
,,872,,,,,,,,,,
,,250,,,,,,,,,,
,,231,,,,,,,,,,
,,232,,,,,,,,,,
,,304,,,,,,,,,,
,,304,,,,,,,,,,
,,487,,,,,,,,,,
,,721,,,,,,,,,,
,,722,,,,,,,,,,
,,725,,,,,,,,,,
,,345,,,,,,,,,,
,,335,,,,,,,,,,
,,773,,,,,,,,,,
,,749,,,,,,,,,,
,,749,,,,,,,,,,
,,753,,,,,,,,,,
,,364,,,,,,,,,,
,,405,,,,,,,,,,
,,364,,,,,,,,,,
,,365,,,,,,,,,,
,,360,,,,,,,,,,
,,624,,,,,,,,,,
,,624,,,,,,,,,,
,,624,,,,,,,,,,
,,167,,,,,,,,,,
,,534,,,,,,,,,,
,,505,,,,,,,,,,
,,288,,,,,,,,,,
,,446,,,,,,,,,,
,,541,,,,,,,,,,
,,300,,,,,,,,,,
,,300,,,,,,,,,,
,,296,,,,,,,,,,
,,221,,,,,,,,,,
,,222,,,,,,,,,,
,,317,,,,,,,,,,
,,667,,,,,,,,,,
,,673,,,,,,,,,,
,,473,,,,,,,,,,
,,487,,,,,,,,,,
,,227,,,,,,,,,,
,,251,,,,,,,,,,
,,277,,,,,,,,,,
,,430,,,,,,,,,,
,,308,,,,,,,,,,
,,547,,,,,,,,,,
,,242,,,,,,,,,,
,,249,,,,,,,,,,
,,808,,,,,,,,,,
,,405,,,,,,,,,,
,,240,,,,,,,,,,
,,246,,,,,,,,,,
,,350,,,,,,,,,,
,,353,,,,,,,,,,
,,353,,,,,,,,,,
,,366,,,,,,,,,,
,,123,,,,,,,,,,
,,232,,,,,,,,,,
,,228,,,,,,,,,,
,,234,,,,,,,,,,
,,232,,,,,,,,,,
,,502,,,,,,,,,,
,,547,,,,,,,,,,
,,330,,,,,,,,,,
,,259,,,,,,,,,,
,,267,,,,,,,,,,
,,289,,,,,,,,,,
,,377,,,,,,,,,,
,,335,,,,,,,,,,
,,342,,,,,,,,,,
,,342,,,,,,,,,,
,,343,,,,,,,,,,
,,345,,,,,,,,,,
,,423,,,,,,,,,,
,,211,,,,,,,,,,
,,397,,,,,,,,,,
,,222,,,,,,,,,,
,,299,,,,,,,,,,
,,303,,,,,,,,,,
,,197,,,,,,,,,,
,,219,,,,,,,,,,
,,319,,,,,,,,,,
,,321,,,,,,,,,,
,,324,,,,,,,,,,
,,324,,,,,,,,,,
,,282,,,,,,,,,,
,,275,,,,,,,,,,
,,243,,,,,,,,,,
,,250,,,,,,,,,,
,,258,,,,,,,,,,
,,259,,,,,,,,,,
,,257,,,,,,,,,,
,,272,,,,,,,,,,
,,559,,,,,,,,,,
,,250,,,,,,,,,,
,,231,,,,,,,,,,
,,227,,,,,,,,,,
,,264,,,,,,,,,,
,,289,,,,,,,,,,
,,273,,,,,,,,,,
,,282,,,,,,,,,,
,,247,,,,,,,,,,
,,216,,,,,,,,,,
,,183,,,,,,,,,,
,,392,,,,,,,,,,
,,272,,,,,,,,,,
,,281,,,,,,,,,,
,,291,,,,,,,,,,
,,233,,,,,,,,,,
,,242,,,,,,,,,,
,,227,,,,,,,,,,
,,299,,,,,,,,,,
,,196,,,,,,,,,,
,,310,,,,,,,,,,
,,431,,,,,,,,,,
,,95,,,,,,,,,,
,,679,,,,,,,,,,
,,447,,,,,,,,,,
,,405,,,,,,,,,,
,,407,,,,,,,,,,
,,345,,,,,,,,,,
,,841,,,,,,,,,,
,,295,,,,,,,,,,
,,453,,,,,,,,,,
,,460,,,,,,,,,,
,,455,,,,,,,,,,
,,233,,,,,,,,,,
,,241,,,,,,,,,,
,,242,,,,,,,,,,
,,277,,,,,,,,,,
,,305,,,,,,,,,,
,,301,,,,,,,,,,
,,279,,,,,,,,,,
,,235,,,,,,,,,,
,,242,,,,,,,,,,
,,435,,,,,,,,,,
,,276,,,,,,,,,,
,,410,,,,,,,,,,
,,282,,,,,,,,,,
,,289,,,,,,,,,,
,,290,,,,,,,,,,
,,581,,,,,,,,,,
,,589,,,,,,,,,,
,,577,,,,,,,,,,
,,333,,,,,,,,,,
,,303,,,,,,,,,,
,,263,,,,,,,,,,
,,292,,,,,,,,,,
,,337,,,,,,,,,,
,,231,,,,,,,,,,
,,350,,,,,,,,,,
,,350,,,,,,,,,,
,,350,,,,,,,,,,
,,252,,,,,,,,,,
,,259,,,,,,,,,,
,,419,,,,,,,,,,
,,259,,,,,,,,,,
,,518,,,,,,,,,,
,,523,,,,,,,,,,
,,159,,,,,,,,,,
,,405,,,,,,,,,,
,,253,,,,,,,,,,
,,260,,,,,,,,,,
,,260,,,,,,,,,,
,,228,,,,,,,,,,
,,714,,,,,,,,,,
,,323,,,,,,,,,,
,,474,,,,,,,,,,
,,477,,,,,,,,,,
,,301,,,,,,,,,,
,,301,,,,,,,,,,
,,301,,,,,,,,,,
,,282,,,,,,,,,,
,,342,,,,,,,,,,
,,345,,,,,,,,,,
,,157,,,,,,,,,,
,,217,,,,,,,,,,
,,222,,,,,,,,,,
,,337,,,,,,,,,,
,,372,,,,,,,,,,
,,372,,,,,,,,,,
,,372,,,,,,,,,,
,,324,,,,,,,,,,
,,283,,,,,,,,,,
,,367,,,,,,,,,,
,,371,,,,,,,,,,
,,629,,,,,,,,,,
,,630,,,,,,,,,,
,,313,,,,,,,,,,
,,452,,,,,,,,,,
,,318,,,,,,,,,,
,,312,,,,,,,,,,
,,315,,,,,,,,,,
,,319,,,,,,,,,,
,,232,,,,,,,,,,
,,241,,,,,,,,,,
,,322,,,,,,,,,,
,,247,,,,,,,,,,
,,302,,,,,,,,,,
,,310,,,,,,,,,,
,,307,,,,,,,,,,
,,246,,,,,,,,,,
,,344,,,,,,,,,,
,,482,,,,,,,,,,
,,455,,,,,,,,,,
,,287,,,,,,,,,,
,,533,,,,,,,,,,
,,535,,,,,,,,,,
,,432,,,,,,,,,,
,,360,,,,,,,,,,
,,423,,,,,,,,,,
,,272,,,,,,,,,,
,,415,,,,,,,,,,
,,359,,,,,,,,,,
,,358,,,,,,,,,,
,,359,,,,,,,,,,
,,303,,,,,,,,,,
,,308,,,,,,,,,,
,,321,,,,,,,,,,
,,348,,,,,,,,,,
,,752,,,,,,,,,,
,,1129,,,,,,,,,,
,,271,,,,,,,,,,
,,273,,,,,,,,,,
,,278,,,,,,,,,,
,,476,,,,,,,,,,
,,499,,,,,,,,,,
,,496,,,,,,,,,,
,,491,,,,,,,,,,
,,325,,,,,,,,,,
,,307,,,,,,,,,,
,,480,,,,,,,,,,
,,445,,,,,,,,,,
,,447,,,,,,,,,,
,,401,,,,,,,,,,
,,429,,,,,,,,,,
,,467,,,,,,,,,,
,,767,,,,,,,,,,
,,835,,,,,,,,,,
,,839,,,,,,,,,,
,,306,,,,,,,,,,
,,529,,,,,,,,,,
,,44,,,,,,,,,,
,,368,,,,,,,,,,
,,252,,,,,,,,,,
,,259,,,,,,,,,,
,,315,,,,,,,,,,
,,314,,,,,,,,,,
,,332,,,,,,,,,,
,,237,,,,,,,,,,
,,230,,,,,,,,,,
,,230,,,,,,,,,,
,,232,,,,,,,,,,
,,112,,,,,,,,,,
,,329,,,,,,,,,,
,,321,,,,,,,,,,
,,238,,,,,,,,,,
,,260,,,,,,,,,,
,,416,,,,,,,,,,
,,418,,,,,,,,,,
,,392,,,,,,,,,,
,,245,,,,,,,,,,
,,314,,,,,,,,,,
,,324,,,,,,,,,,
,,335,,,,,,,,,,
,,237,,,,,,,,,,
,,225,,,,,,,,,,
,,371,,,,,,,,,,
,,344,,,,,,,,,,
,,340,,,,,,,,,,
,,558,,,,,,,,,,
,,617,,,,,,,,,,
,,293,,,,,,,,,,
,,396,,,,,,,,,,
,,395,,,,,,,,,,
,,415,,,,,,,,,,
,,375,,,,,,,,,,
,,412,,,,,,,,,,
,,354,,,,,,,,,,
,,250,,,,,,,,,,
,,254,,,,,,,,,,
,,260,,,,,,,,,,
,,265,,,,,,,,,,
,,265,,,,,,,,,,
,,454,,,,,,,,,,
,,457,,,,,,,,,,
,,452,,,,,,,,,,
,,426,,,,,,,,,,
,,495,,,,,,,,,,
,,548,,,,,,,,,,
,,551,,,,,,,,,,
,,244,,,,,,,,,,
,,333,,,,,,,,,,
,,337,,,,,,,,,,
,,414,,,,,,,,,,
,,244,,,,,,,,,,
,,293,,,,,,,,,,
,,298,,,,,,,,,,
,,445,,,,,,,,,,
,,282,,,,,,,,,,
,,609,,,,,,,,,,
,,440,,,,,,,,,,
,,454,,,,,,,,,,
,,363,,,,,,,,,,
,,232,,,,,,,,,,
,,260,,,,,,,,,,
,,227,,,,,,,,,,
,,388,,,,,,,,,,
,,286,,,,,,,,,,
,,286,,,,,,,,,,
,,288,,,,,,,,,,
,,307,,,,,,,,,,
,,222,,,,,,,,,,
,,226,,,,,,,,,,
,,264,,,,,,,,,,
,,263,,,,,,,,,,
,,271,,,,,,,,,,
,,279,,,,,,,,,,
,,100,,,,,,,,,,
,,366,,,,,,,,,,
,,296,,,,,,,,,,
,,274,,,,,,,,,,
,,274,,,,,,,,,,
,,789,,,,,,,,,,
,,349,,,,,,,,,,
,,437,,,,,,,,,,
,,281,,,,,,,,,,
,,288,,,,,,,,,,
,,283,,,,,,,,,,
,,263,,,,,,,,,,
,,281,,,,,,,,,,
,,372,,,,,,,,,,
,,305,,,,,,,,,,
,,272,,,,,,,,,,
,,277,,,,,,,,,,
,,273,,,,,,,,,,
,,278,,,,,,,,,,
,,225,,,,,,,,,,
,,297,,,,,,,,,,
,,318,,,,,,,,,,
,,260,,,,,,,,,,
,,300,,,,,,,,,,
,,301,,,,,,,,,,
,,301,,,,,,,,,,
,,397,,,,,,,,,,
,,293,,,,,,,,,,
,,321,,,,,,,,,,
,,336,,,,,,,,,,
,,704,,,,,,,,,,
,,729,,,,,,,,,,
,,732,,,,,,,,,,
,,383,,,,,,,,,,
,,410,,,,,,,,,,
,,224,,,,,,,,,,
,,284,,,,,,,,,,
,,273,,,,,,,,,,
,,307,,,,,,,,,,
,,258,,,,,,,,,,
,,259,,,,,,,,,,
,,353,,,,,,,,,,
,,364,,,,,,,,,,
,,268,,,,,,,,,,
,,441,,,,,,,,,,
,,346,,,,,,,,,,
,,324,,,,,,,,,,
,,321,,,,,,,,,,
,,714,,,,,,,,,,
,,889,,,,,,,,,,
,,343,,,,,,,,,,
,,313,,,,,,,,,,
,,243,,,,,,,,,,
,,251,,,,,,,,,,
,,242,,,,,,,,,,
,,236,,,,,,,,,,
,,228,,,,,,,,,,
,,222,,,,,,,,,,
,,228,,,,,,,,,,
,,228,,,,,,,,,,
,,229,,,,,,,,,,
,,255,,,,,,,,,,
,,255,,,,,,,,,,
,,255,,,,,,,,,,
,,314,,,,,,,,,,
,,317,,,,,,,,,,
,,314,,,,,,,,,,
,,392,,,,,,,,,,
,,256,,,,,,,,,,
,,257,,,,,,,,,,
,,269,,,,,,,,,,
,,243,,,,,,,,,,
,,274,,,,,,,,,,
,,274,,,,,,,,,,
,,272,,,,,,,,,,
,,417,,,,,,,,,,
,,239,,,,,,,,,,
,,492,,,,,,,,,,
,,247,,,,,,,,,,
,,356,,,,,,,,,,
,,293,,,,,,,,,,
,,301,,,,,,,,,,
,,194,,,,,,,,,,
,,391,,,,,,,,,,
,,298,,,,,,,,,,
,,387,,,,,,,,,,
,,283,,,,,,,,,,
,,261,,,,,,,,,,
,,269,,,,,,,,,,
,,263,,,,,,,,,,
,,656,,,,,,,,,,
,,422,,,,,,,,,,
,,874,,,,,,,,,,
,,302,,,,,,,,,,
,,303,,,,,,,,,,
,,291,,,,,,,,,,
,,133,,,,,,,,,,
,,268,,,,,,,,,,
,,581,,,,,,,,,,
,,329,,,,,,,,,,
,,336,,,,,,,,,,
,,195,,,,,,,,,,
,,291,,,,,,,,,,
,,254,,,,,,,,,,
,,273,,,,,,,,,,
,,279,,,,,,,,,,
,,278,,,,,,,,,,
,,280,,,,,,,,,,
,,281,,,,,,,,,,
,,305,,,,,,,,,,
,,315,,,,,,,,,,
,,156,,,,,,,,,,
,,242,,,,,,,,,,
,,230,,,,,,,,,,
,,496,,,,,,,,,,
,,499,,,,,,,,,,
,,179,,,,,,,,,,
,,180,,,,,,,,,,
,,333,,,,,,,,,,
,,331,,,,,,,,,,
,,275,,,,,,,,,,
,,285,,,,,,,,,,
,,296,,,,,,,,,,
,,675,,,,,,,,,,
,,255,,,,,,,,,,
,,251,,,,,,,,,,
,,252,,,,,,,,,,
,,259,,,,,,,,,,
,,255,,,,,,,,,,
,,253,,,,,,,,,,
,,253,,,,,,,,,,
,,258,,,,,,,,,,
,,258,,,,,,,,,,
,,203,,,,,,,,,,
,,660,,,,,,,,,,
,,660,,,,,,,,,,
,,653,,,,,,,,,,
,,227,,,,,,,,,,
,,213,,,,,,,,,,
,,530,,,,,,,,,,
,,530,,,,,,,,,,
,,525,,,,,,,,,,
,,518,,,,,,,,,,
,,531,,,,,,,,,,
,,390,,,,,,,,,,
,,272,,,,,,,,,,
,,194,,,,,,,,,,
,,365,,,,,,,,,,
,,367,,,,,,,,,,
,,445,,,,,,,,,,
,,257,,,,,,,,,,
,,263,,,,,,,,,,
,,261,,,,,,,,,,
,,245,,,,,,,,,,
,,245,,,,,,,,,,
,,246,,,,,,,,,,
,,475,,,,,,,,,,
,,261,,,,,,,,,,
,,239,,,,,,,,,,
,,230,,,,,,,,,,
,,237,,,,,,,,,,
,,219,,,,,,,,,,
,,225,,,,,,,,,,
,,337,,,,,,,,,,
,,342,,,,,,,,,,
,,344,,,,,,,,,,
,,263,,,,,,,,,,
,,277,,,,,,,,,,
,,278,,,,,,,,,,
,,255,,,,,,,,,,
,,260,,,,,,,,,,
,,249,,,,,,,,,,
,,95,,,,,,,,,,
,,410,,,,,,,,,,
,,274,,,,,,,,,,
,,234,,,,,,,,,,
,,225,,,,,,,,,,
,,294,,,,,,,,,,
,,273,,,,,,,,,,
,,292,,,,,,,,,,
,,320,,,,,,,,,,
,,369,,,,,,,,,,
,,378,,,,,,,,,,
,,611,,,,,,,,,,
,,654,,,,,,,,,,
,,659,,,,,,,,,,
,,230,,,,,,,,,,
,,427,,,,,,,,,,
,,391,,,,,,,,,,
,,365,,,,,,,,,,
,,419,,,,,,,,,,
,,421,,,,,,,,,,
,,212,,,,,,,,,,
,,214,,,,,,,,,,
,,286,,,,,,,,,,
,,291,,,,,,,,,,
,,288,,,,,,,,,,
,,414,,,,,,,,,,
,,423,,,,,,,,,,
,,368,,,,,,,,,,
,,368,,,,,,,,,,
,,261,,,,,,,,,,
,,261,,,,,,,,,,
,,247,,,,,,,,,,
,,240,,,,,,,,,,
,,258,,,,,,,,,,
,,227,,,,,,,,,,
,,216,,,,,,,,,,
,,179,,,,,,,,,,
,,314,,,,,,,,,,
,,481,,,,,,,,,,
,,497,,,,,,,,,,
,,209,,,,,,,,,,
,,247,,,,,,,,,,
,,233,,,,,,,,,,
,,221,,,,,,,,,,
,,308,,,,,,,,,,
,,309,,,,,,,,,,
,,213,,,,,,,,,,
,,353,,,,,,,,,,
,,238,,,,,,,,,,
,,235,,,,,,,,,,
,,232,,,,,,,,,,
,,868,,,,,,,,,,
,,876,,,,,,,,,,
,,441,,,,,,,,,,
,,197,,,,,,,,,,
,,204,,,,,,,,,,
,,205,,,,,,,,,,
,,133,,,,,,,,,,
,,254,,,,,,,,,,
,,219,,,,,,,,,,
,,297,,,,,,,,,,
,,208,,,,,,,,,,
,,337,,,,,,,,,,
,,224,,,,,,,,,,
,,229,,,,,,,,,,
,,248,,,,,,,,,,
,,257,,,,,,,,,,
,,263,,,,,,,,,,
,,221,,,,,,,,,,
,,228,,,,,,,,,,
,,235,,,,,,,,,,
,,243,,,,,,,,,,
,,166,,,,,,,,,,
,,434,,,,,,,,,,
,,434,,,,,,,,,,
,,434,,,,,,,,,,
,,244,,,,,,,,,,
,,245,,,,,,,,,,
,,311,,,,,,,,,,
,,322,,,,,,,,,,
,,231,,,,,,,,,,
,,226,,,,,,,,,,
,,156,,,,,,,,,,
,,516,,,,,,,,,,
,,534,,,,,,,,,,
,,515,,,,,,,,,,
,,305,,,,,,,,,,
,,311,,,,,,,,,,
,,279,,,,,,,,,,
,,272,,,,,,,,,,
,,272,,,,,,,,,,
,,231,,,,,,,,,,
,,275,,,,,,,,,,
,,259,,,,,,,,,,
,,261,,,,,,,,,,
,,386,,,,,,,,,,
,,390,,,,,,,,,,
,,319,,,,,,,,,,
,,359,,,,,,,,,,
,,352,,,,,,,,,,
,,347,,,,,,,,,,
,,236,,,,,,,,,,
,,220,,,,,,,,,,
,,221,,,,,,,,,,
,,461,,,,,,,,,,
,,468,,,,,,,,,,
,,468,,,,,,,,,,
,,234,,,,,,,,,,
,,279,,,,,,,,,,
,,284,,,,,,,,,,
,,305,,,,,,,,,,
,,345,,,,,,,,,,
,,251,,,,,,,,,,
,,254,,,,,,,,,,
,,254,,,,,,,,,,
,,278,,,,,,,,,,
,,259,,,,,,,,,,
,,274,,,,,,,,,,
,,274,,,,,,,,,,
,,267,,,,,,,,,,
,,351,,,,,,,,,,
,,353,,,,,,,,,,
,,223,,,,,,,,,,
,,250,,,,,,,,,,
,,259,,,,,,,,,,
,,365,,,,,,,,,,
,,287,,,,,,,,,,
,,287,,,,,,,,,,
,,310,,,,,,,,,,
,,312,,,,,,,,,,
,,301,,,,,,,,,,
,,331,,,,,,,,,,
,,333,,,,,,,,,,
,,292,,,,,,,,,,
,,292,,,,,,,,,,
,,294,,,,,,,,,,
,,283,,,,,,,,,,
,,478,,,,,,,,,,
,,477,,,,,,,,,,
,,479,,,,,,,,,,
,,229,,,,,,,,,,
,,204,,,,,,,,,,
,,207,,,,,,,,,,
,,217,,,,,,,,,,
,,197,,,,,,,,,,
,,223,,,,,,,,,,
,,362,,,,,,,,,,
,,233,,,,,,,,,,
,,226,,,,,,,,,,
,,227,,,,,,,,,,
,,362,,,,,,,,,,
,,364,,,,,,,,,,
,,271,,,,,,,,,,
,,277,,,,,,,,,,
,,261,,,,,,,,,,
,,206,,,,,,,,,,
,,209,,,,,,,,,,
,,213,,,,,,,,,,
,,283,,,,,,,,,,
,,278,,,,,,,,,,
,,312,,,,,,,,,,
,,323,,,,,,,,,,
,,320,,,,,,,,,,
,,235,,,,,,,,,,
,,319,,,,,,,,,,
,,413,,,,,,,,,,
,,209,,,,,,,,,,
,,216,,,,,,,,,,
,,216,,,,,,,,,,
,,300,,,,,,,,,,
,,245,,,,,,,,,,
,,576,,,,,,,,,,
,,843,,,,,,,,,,
,,314,,,,,,,,,,
,,298,,,,,,,,,,
,,328,,,,,,,,,,
,,433,,,,,,,,,,
,,433,,,,,,,,,,
,,461,,,,,,,,,,
,,489,,,,,,,,,,
,,224,,,,,,,,,,
,,233,,,,,,,,,,
,,234,,,,,,,,,,
,,240,,,,,,,,,,
,,303,,,,,,,,,,
,,313,,,,,,,,,,
,,313,,,,,,,,,,
,,542,,,,,,,,,,
,,577,,,,,,,,,,
,,623,,,,,,,,,,
,,303,,,,,,,,,,
,,281,,,,,,,,,,
,,227,,,,,,,,,,
,,222,,,,,,,,,,
,,223,,,,,,,,,,
,,297,,,,,,,,,,
,,710,,,,,,,,,,
,,788,,,,,,,,,,
,,757,,,,,,,,,,
,,272,,,,,,,,,,
,,271,,,,,,,,,,
,,276,,,,,,,,,,
,,311,,,,,,,,,,
,,334,,,,,,,,,,
,,350,,,,,,,,,,
,,196,,,,,,,,,,
,,250,,,,,,,,,,
,,649,,,,,,,,,,
,,925,,,,,,,,,,
,,962,,,,,,,,,,
,,1171,,,,,,,,,,
,,185,,,,,,,,,,
,,348,,,,,,,,,,
,,325,,,,,,,,,,
,,283,,,,,,,,,,
,,194,,,,,,,,,,
,,200,,,,,,,,,,
,,201,,,,,,,,,,
,,583,,,,,,,,,,
,,647,,,,,,,,,,
,,650,,,,,,,,,,
,,236,,,,,,,,,,
,,236,,,,,,,,,,
,,419,,,,,,,,,,
,,375,,,,,,,,,,
,,319,,,,,,,,,,
,,375,,,,,,,,,,
,,283,,,,,,,,,,
,,293,,,,,,,,,,
,,266,,,,,,,,,,
,,379,,,,,,,,,,
,,312,,,,,,,,,,
,,315,,,,,,,,,,
,,310,,,,,,,,,,
,,292,,,,,,,,,,
,,226,,,,,,,,,,
,,225,,,,,,,,,,
,,225,,,,,,,,,,
,,226,,,,,,,,,,
,,532,,,,,,,,,,
,,262,,,,,,,,,,
,,266,,,,,,,,,,
,,254,,,,,,,,,,
,,261,,,,,,,,,,
,,272,,,,,,,,,,
,,447,,,,,,,,,,
,,469,,,,,,,,,,
,,316,,,,,,,,,,
,,339,,,,,,,,,,
,,351,,,,,,,,,,
,,1192,,,,,,,,,,
,,1270,,,,,,,,,,
,,1140,,,,,,,,,,
,,1307,,,,,,,,,,
,,1363,,,,,,,,,,
,,1370,,,,,,,,,,
,,354,,,,,,,,,,
,,332,,,,,,,,,,
,,340,,,,,,,,,,
,,298,,,,,,,,,,
,,330,,,,,,,,,,
,,316,,,,,,,,,,
,,324,,,,,,,,,,
,,307,,,,,,,,,,
,,301,,,,,,,,,,
,,275,,,,,,,,,,
,,275,,,,,,,,,,
,,305,,,,,,,,,,
,,325,,,,,,,,,,
,,419,,,,,,,,,,
,,116,,,,,,,,,,
,,274,,,,,,,,,,
,,271,,,,,,,,,,
,,243,,,,,,,,,,
,,231,,,,,,,,,,
,,239,,,,,,,,,,
,,228,,,,,,,,,,
,,190,,,,,,,,,,
,,295,,,,,,,,,,
,,548,,,,,,,,,,
,,489,,,,,,,,,,
,,86,,,,,,,,,,
,,358,,,,,,,,,,
,,249,,,,,,,,,,
,,566,,,,,,,,,,
,,608,,,,,,,,,,
,,630,,,,,,,,,,
,,1217,,,,,,,,,,
,,1008,,,,,,,,,,
,,1013,,,,,,,,,,
,,547,,,,,,,,,,
,,215,,,,,,,,,,
,,278,,,,,,,,,,
,,274,,,,,,,,,,
,,271,,,,,,,,,,
,,236,,,,,,,,,,
,,226,,,,,,,,,,
,,226,,,,,,,,,,
,,209,,,,,,,,,,
,,213,,,,,,,,,,
,,221,,,,,,,,,,
,,229,,,,,,,,,,
,,239,,,,,,,,,,
,,242,,,,,,,,,,
,,418,,,,,,,,,,
,,413,,,,,,,,,,
,,273,,,,,,,,,,
,,271,,,,,,,,,,
,,285,,,,,,,,,,
,,346,,,,,,,,,,
,,327,,,,,,,,,,
,,324,,,,,,,,,,
,,371,,,,,,,,,,
,,382,,,,,,,,,,
,,281,,,,,,,,,,
,,292,,,,,,,,,,
,,292,,,,,,,,,,
,,294,,,,,,,,,,
,,344,,,,,,,,,,
,,146,,,,,,,,,,
,,246,,,,,,,,,,
,,253,,,,,,,,,,
,,251,,,,,,,,,,
,,255,,,,,,,,,,
,,259,,,,,,,,,,
,,268,,,,,,,,,,
,,270,,,,,,,,,,
,,310,,,,,,,,,,
,,315,,,,,,,,,,
,,315,,,,,,,,,,
,,553,,,,,,,,,,
,,561,,,,,,,,,,
,,553,,,,,,,,,,
,,263,,,,,,,,,,
,,231,,,,,,,,,,
,,266,,,,,,,,,,
,,736,,,,,,,,,,
,,542,,,,,,,,,,
,,320,,,,,,,,,,
,,326,,,,,,,,,,
,,328,,,,,,,,,,
,,244,,,,,,,,,,
,,245,,,,,,,,,,
,,308,,,,,,,,,,
,,310,,,,,,,,,,
,,278,,,,,,,,,,
,,275,,,,,,,,,,
,,252,,,,,,,,,,
,,260,,,,,,,,,,
,,233,,,,,,,,,,
,,234,,,,,,,,,,
,,242,,,,,,,,,,
,,365,,,,,,,,,,
,,376,,,,,,,,,,
,,377,,,,,,,,,,
,,315,,,,,,,,,,
,,342,,,,,,,,,,
,,387,,,,,,,,,,
,,393,,,,,,,,,,
,,393,,,,,,,,,,
,,288,,,,,,,,,,
,,288,,,,,,,,,,
,,290,,,,,,,,,,
,,382,,,,,,,,,,
,,373,,,,,,,,,,
,,369,,,,,,,,,,
,,248,,,,,,,,,,
,,249,,,,,,,,,,
,,269,,,,,,,,,,
,,316,,,,,,,,,,
,,321,,,,,,,,,,
,,316,,,,,,,,,,
,,252,,,,,,,,,,
,,259,,,,,,,,,,
,,260,,,,,,,,,,
,,338,,,,,,,,,,
,,345,,,,,,,,,,
,,342,,,,,,,,,,
,,950,,,,,,,,,,
,,59,,,,,,,,,,
,,236,,,,,,,,,,
,,257,,,,,,,,,,
,,229,,,,,,,,,,
,,236,,,,,,,,,,
,,237,,,,,,,,,,
,,548,,,,,,,,,,
,,568,,,,,,,,,,
,,551,,,,,,,,,,
,,258,,,,,,,,,,
,,419,,,,,,,,,,
,,474,,,,,,,,,,
,,220,,,,,,,,,,
,,227,,,,,,,,,,
,,227,,,,,,,,,,
,,744,,,,,,,,,,
,,777,,,,,,,,,,
,,738,,,,,,,,,,
,,365,,,,,,,,,,
,,372,,,,,,,,,,
,,371,,,,,,,,,,
,,248,,,,,,,,,,
,,256,,,,,,,,,,
,,256,,,,,,,,,,
,,363,,,,,,,,,,
,,370,,,,,,,,,,
,,363,,,,,,,,,,
,,255,,,,,,,,,,
,,264,,,,,,,,,,
,,262,,,,,,,,,,
,,543,,,,,,,,,,
,,250,,,,,,,,,,
,,257,,,,,,,,,,
,,247,,,,,,,,,,
,,423,,,,,,,,,,
,,291,,,,,,,,,,
,,307,,,,,,,,,,
,,316,,,,,,,,,,
,,324,,,,,,,,,,
,,281,,,,,,,,,,
,,289,,,,,,,,,,
,,238,,,,,,,,,,
,,238,,,,,,,,,,
,,224,,,,,,,,,,
,,289,,,,,,,,,,
,,291,,,,,,,,,,
,,929,,,,,,,,,,
,,278,,,,,,,,,,
,,308,,,,,,,,,,
,,309,,,,,,,,,,
,,192,,,,,,,,,,
,,198,,,,,,,,,,
,,202,,,,,,,,,,
,,203,,,,,,,,,,
,,320,,,,,,,,,,
,,323,,,,,,,,,,
,,638,,,,,,,,,,
,,396,,,,,,,,,,
,,595,,,,,,,,,,
,,319,,,,,,,,,,
,,338,,,,,,,,,,
,,367,,,,,,,,,,
,,400,,,,,,,,,,
,,373,,,,,,,,,,
,,362,,,,,,,,,,
,,258,,,,,,,,,,
,,259,,,,,,,,,,
,,269,,,,,,,,,,
,,240,,,,,,,,,,
,,254,,,,,,,,,,
,,192,,,,,,,,,,
,,240,,,,,,,,,,
,,249,,,,,,,,,,
,,246,,,,,,,,,,
,,669,,,,,,,,,,
,,692,,,,,,,,,,
,,692,,,,,,,,,,
,,643,,,,,,,,,,
,,621,,,,,,,,,,
,,646,,,,,,,,,,
,,217,,,,,,,,,,
,,210,,,,,,,,,,
,,230,,,,,,,,,,
,,239,,,,,,,,,,
,,241,,,,,,,,,,
,,248,,,,,,,,,,
,,249,,,,,,,,,,
,,405,,,,,,,,,,
,,252,,,,,,,,,,
,,258,,,,,,,,,,
,,255,,,,,,,,,,
,,594,,,,,,,,,,
,,399,,,,,,,,,,
,,398,,,,,,,,,,
,,261,,,,,,,,,,
,,268,,,,,,,,,,
,,385,,,,,,,,,,
,,456,,,,,,,,,,
,,461,,,,,,,,,,
,,280,,,,,,,,,,
,,287,,,,,,,,,,
,,699,,,,,,,,,,
,,354,,,,,,,,,,
,,354,,,,,,,,,,
,,176,,,,,,,,,,
,,181,,,,,,,,,,
,,245,,,,,,,,,,
,,255,,,,,,,,,,
,,256,,,,,,,,,,
,,352,,,,,,,,,,
,,352,,,,,,,,,,
,,312,,,,,,,,,,
,,320,,,,,,,,,,
,,315,,,,,,,,,,
,,253,,,,,,,,,,
,,260,,,,,,,,,,
,,269,,,,,,,,,,
,,668,,,,,,,,,,
,,668,,,,,,,,,,
,,658,,,,,,,,,,
,,78,,,,,,,,,,
,,239,,,,,,,,,,
,,293,,,,,,,,,,
,,302,,,,,,,,,,
,,302,,,,,,,,,,
,,303,,,,,,,,,,
,,248,,,,,,,,,,
,,239,,,,,,,,,,
,,249,,,,,,,,,,
,,434,,,,,,,,,,
,,271,,,,,,,,,,
,,489,,,,,,,,,,
,,491,,,,,,,,,,
,,365,,,,,,,,,,
,,228,,,,,,,,,,
,,229,,,,,,,,,,
,,237,,,,,,,,,,
,,224,,,,,,,,,,
,,297,,,,,,,,,,
,,309,,,,,,,,,,
,,309,,,,,,,,,,
,,310,,,,,,,,,,
,,350,,,,,,,,,,
,,264,,,,,,,,,,
,,248,,,,,,,,,,
,,249,,,,,,,,,,
,,415,,,,,,,,,,
,,423,,,,,,,,,,
,,468,,,,,,,,,,
,,482,,,,,,,,,,
,,502,,,,,,,,,,
,,258,,,,,,,,,,
,,335,,,,,,,,,,
,,234,,,,,,,,,,
,,241,,,,,,,,,,
,,247,,,,,,,,,,
,,248,,,,,,,,,,
,,213,,,,,,,,,,
,,174,,,,,,,,,,
,,179,,,,,,,,,,
,,179,,,,,,,,,,
,,274,,,,,,,,,,
,,276,,,,,,,,,,
,,286,,,,,,,,,,
,,239,,,,,,,,,,
,,320,,,,,,,,,,
,,331,,,,,,,,,,
,,211,,,,,,,,,,
,,216,,,,,,,,,,
,,240,,,,,,,,,,
,,240,,,,,,,,,,
,,219,,,,,,,,,,
,,227,,,,,,,,,,
,,240,,,,,,,,,,
,,238,,,,,,,,,,
,,233,,,,,,,,,,
,,145,,,,,,,,,,
,,202,,,,,,,,,,
,,303,,,,,,,,,,
,,315,,,,,,,,,,
,,303,,,,,,,,,,
,,484,,,,,,,,,,
,,540,,,,,,,,,,
,,529,,,,,,,,,,
,,370,,,,,,,,,,
,,392,,,,,,,,,,
,,392,,,,,,,,,,
,,378,,,,,,,,,,
,,386,,,,,,,,,,
,,386,,,,,,,,,,
,,427,,,,,,,,,,
,,454,,,,,,,,,,
,,282,,,,,,,,,,
,,288,,,,,,,,,,
,,285,,,,,,,,,,
,,333,,,,,,,,,,
,,227,,,,,,,,,,
,,356,,,,,,,,,,
,,385,,,,,,,,,,
,,340,,,,,,,,,,
,,256,,,,,,,,,,
,,299,,,,,,,,,,
,,217,,,,,,,,,,
,,224,,,,,,,,,,
,,294,,,,,,,,,,
,,303,,,,,,,,,,
,,298,,,,,,,,,,
,,286,,,,,,,,,,
,,287,,,,,,,,,,
,,287,,,,,,,,,,
,,296,,,,,,,,,,
,,263,,,,,,,,,,
,,272,,,,,,,,,,
,,234,,,,,,,,,,
,,252,,,,,,,,,,
,,252,,,,,,,,,,
,,249,,,,,,,,,,
,,214,,,,,,,,,,
,,217,,,,,,,,,,
,,255,,,,,,,,,,
,,390,,,,,,,,,,
,,392,,,,,,,,,,
,,392,,,,,,,,,,
,,143,,,,,,,,,,
,,232,,,,,,,,,,
,,250,,,,,,,,,,
,,250,,,,,,,,,,
,,289,,,,,,,,,,
,,323,,,,,,,,,,
,,228,,,,,,,,,,
,,345,,,,,,,,,,
,,418,,,,,,,,,,
,,227,,,,,,,,,,
,,655,,,,,,,,,,
,,681,,,,,,,,,,
,,685,,,,,,,,,,
,,309,,,,,,,,,,
,,363,,,,,,,,,,
,,385,,,,,,,,,,
,,361,,,,,,,,,,
,,370,,,,,,,,,,
,,320,,,,,,,,,,
,,322,,,,,,,,,,
,,256,,,,,,,,,,
,,309,,,,,,,,,,
,,553,,,,,,,,,,
,,714,,,,,,,,,,
,,721,,,,,,,,,,
,,703,,,,,,,,,,
,,279,,,,,,,,,,
,,305,,,,,,,,,,
,,335,,,,,,,,,,
,,413,,,,,,,,,,
,,405,,,,,,,,,,
,,415,,,,,,,,,,
,,743,,,,,,,,,,
,,214,,,,,,,,,,
,,214,,,,,,,,,,
,,298,,,,,,,,,,
,,307,,,,,,,,,,
,,302,,,,,,,,,,
,,358,,,,,,,,,,
,,369,,,,,,,,,,
,,263,,,,,,,,,,
,,271,,,,,,,,,,
,,376,,,,,,,,,,
,,384,,,,,,,,,,
,,378,,,,,,,,,,
,,222,,,,,,,,,,
,,229,,,,,,,,,,
,,239,,,,,,,,,,
,,249,,,,,,,,,,
,,218,,,,,,,,,,
,,235,,,,,,,,,,
,,241,,,,,,,,,,
,,242,,,,,,,,,,
,,328,,,,,,,,,,
,,574,,,,,,,,,,
,,837,,,,,,,,,,
,,301,,,,,,,,,,
,,237,,,,,,,,,,
,,245,,,,,,,,,,
,,245,,,,,,,,,,
,,319,,,,,,,,,,
,,328,,,,,,,,,,
,,330,,,,,,,,,,
,,370,,,,,,,,,,
,,362,,,,,,,,,,
,,344,,,,,,,,,,
,,341,,,,,,,,,,
,,399,,,,,,,,,,
,,223,,,,,,,,,,
,,229,,,,,,,,,,
,,225,,,,,,,,,,
,,254,,,,,,,,,,
,,259,,,,,,,,,,
,,1003,,,,,,,,,,
,,1214,,,,,,,,,,
,,1137,,,,,,,,,,
,,349,,,,,,,,,,
,,246,,,,,,,,,,
,,259,,,,,,,,,,
,,281,,,,,,,,,,
,,261,,,,,,,,,,
,,201,,,,,,,,,,
,,210,,,,,,,,,,
,,203,,,,,,,,,,
,,252,,,,,,,,,,
,,374,,,,,,,,,,
,,374,,,,,,,,,,
,,199,,,,,,,,,,
,,255,,,,,,,,,,
,,277,,,,,,,,,,
,,282,,,,,,,,,,
,,282,,,,,,,,,,
,,318,,,,,,,,,,
,,340,,,,,,,,,,
,,338,,,,,,,,,,
,,329,,,,,,,,,,
,,351,,,,,,,,,,
,,324,,,,,,,,,,
,,324,,,,,,,,,,
,,326,,,,,,,,,,
,,452,,,,,,,,,,
,,447,,,,,,,,,,
,,449,,,,,,,,,,
,,262,,,,,,,,,,
,,269,,,,,,,,,,
,,279,,,,,,,,,,
,,290,,,,,,,,,,
,,287,,,,,,,,,,
,,431,,,,,,,,,,
,,435,,,,,,,,,,
,,374,,,,,,,,,,
,,294,,,,,,,,,,
,,322,,,,,,,,,,
,,343,,,,,,,,,,
,,257,,,,,,,,,,
,,262,,,,,,,,,,
,,262,,,,,,,,,,
,,243,,,,,,,,,,
,,489,,,,,,,,,,
,,443,,,,,,,,,,
,,245,,,,,,,,,,
,,303,,,,,,,,,,
,,312,,,,,,,,,,
,,230,,,,,,,,,,
,,247,,,,,,,,,,
,,257,,,,,,,,,,
,,258,,,,,,,,,,
,,287,,,,,,,,,,
,,217,,,,,,,,,,
,,217,,,,,,,,,,
,,218,,,,,,,,,,
,,573,,,,,,,,,,
,,573,,,,,,,,,,
,,573,,,,,,,,,,
,,231,,,,,,,,,,
,,236,,,,,,,,,,
,,270,,,,,,,,,,
,,270,,,,,,,,,,
,,241,,,,,,,,,,
,,249,,,,,,,,,,
,,251,,,,,,,,,,
,,309,,,,,,,,,,
,,367,,,,,,,,,,
,,644,,,,,,,,,,
,,278,,,,,,,,,,
,,294,,,,,,,,,,
,,388,,,,,,,,,,
,,405,,,,,,,,,,
,,405,,,,,,,,,,
,,407,,,,,,,,,,
,,288,,,,,,,,,,
,,294,,,,,,,,,,
,,364,,,,,,,,,,
,,442,,,,,,,,,,
,,347,,,,,,,,,,
,,370,,,,,,,,,,
,,383,,,,,,,,,,
,,340,,,,,,,,,,
,,346,,,,,,,,,,
,,341,,,,,,,,,,
,,492,,,,,,,,,,
,,492,,,,,,,,,,
,,473,,,,,,,,,,
,,218,,,,,,,,,,
,,218,,,,,,,,,,
,,220,,,,,,,,,,
,,378,,,,,,,,,,
,,380,,,,,,,,,,
,,76,,,,,,,,,,
,,266,,,,,,,,,,
,,416,,,,,,,,,,
,,426,,,,,,,,,,
,,428,,,,,,,,,,
,,596,,,,,,,,,,
,,214,,,,,,,,,,
,,218,,,,,,,,,,
,,338,,,,,,,,,,
,,370,,,,,,,,,,
,,488,,,,,,,,,,
,,491,,,,,,,,,,
,,493,,,,,,,,,,
,,497,,,,,,,,,,
,,331,,,,,,,,,,
,,417,,,,,,,,,,
,,243,,,,,,,,,,
,,247,,,,,,,,,,
,,319,,,,,,,,,,
,,349,,,,,,,,,,
,,354,,,,,,,,,,
,,358,,,,,,,,,,
,,544,,,,,,,,,,
,,561,,,,,,,,,,
,,311,,,,,,,,,,
,,322,,,,,,,,,,
,,317,,,,,,,,,,
,,316,,,,,,,,,,
,,319,,,,,,,,,,
,,263,,,,,,,,,,
,,269,,,,,,,,,,
,,269,,,,,,,,,,
,,277,,,,,,,,,,
,,277,,,,,,,,,,
,,264,,,,,,,,,,
,,432,,,,,,,,,,
,,432,,,,,,,,,,
,,217,,,,,,,,,,
,,211,,,,,,,,,,
,,217,,,,,,,,,,
,,258,,,,,,,,,,
,,265,,,,,,,,,,
,,261,,,,,,,,,,
,,276,,,,,,,,,,
,,355,,,,,,,,,,
,,246,,,,,,,,,,
,,434,,,,,,,,,,
,,280,,,,,,,,,,
,,363,,,,,,,,,,
,,368,,,,,,,,,,
,,363,,,,,,,,,,
,,315,,,,,,,,,,
,,386,,,,,,,,,,
,,400,,,,,,,,,,
,,233,,,,,,,,,,
,,234,,,,,,,,,,
,,242,,,,,,,,,,
,,288,,,,,,,,,,
,,295,,,,,,,,,,
,,292,,,,,,,,,,
,,373,,,,,,,,,,
,,375,,,,,,,,,,
,,204,,,,,,,,,,
,,250,,,,,,,,,,
,,256,,,,,,,,,,
,,256,,,,,,,,,,
,,395,,,,,,,,,,
,,399,,,,,,,,,,
,,393,,,,,,,,,,
,,740,,,,,,,,,,
,,740,,,,,,,,,,
,,747,,,,,,,,,,
,,244,,,,,,,,,,
,,267,,,,,,,,,,
,,279,,,,,,,,,,
,,224,,,,,,,,,,
,,237,,,,,,,,,,
,,237,,,,,,,,,,
,,280,,,,,,,,,,
,,285,,,,,,,,,,
,,199,,,,,,,,,,
,,204,,,,,,,,,,
,,303,,,,,,,,,,
,,325,,,,,,,,,,
,,355,,,,,,,,,,
,,300,,,,,,,,,,
,,301,,,,,,,,,,
,,297,,,,,,,,,,
,,362,,,,,,,,,,
,,262,,,,,,,,,,
,,266,,,,,,,,,,
,,191,,,,,,,,,,
,,253,,,,,,,,,,
,,226,,,,,,,,,,
,,278,,,,,,,,,,
,,279,,,,,,,,,,
,,323,,,,,,,,,,
,,325,,,,,,,,,,
,,215,,,,,,,,,,
,,220,,,,,,,,,,
,,273,,,,,,,,,,
,,273,,,,,,,,,,
,,259,,,,,,,,,,
,,254,,,,,,,,,,
,,255,,,,,,,,,,
,,270,,,,,,,,,,
,,278,,,,,,,,,,
,,273,,,,,,,,,,
,,314,,,,,,,,,,
,,319,,,,,,,,,,
,,314,,,,,,,,,,
,,212,,,,,,,,,,
,,214,,,,,,,,,,
,,227,,,,,,,,,,
,,396,,,,,,,,,,
,,200,,,,,,,,,,
,,436,,,,,,,,,,
,,469,,,,,,,,,,
,,232,,,,,,,,,,
,,237,,,,,,,,,,
,,386,,,,,,,,,,
,,309,,,,,,,,,,
,,302,,,,,,,,,,
,,263,,,,,,,,,,
,,265,,,,,,,,,,
,,226,,,,,,,,,,
,,188,,,,,,,,,,
,,238,,,,,,,,,,
,,248,,,,,,,,,,
,,249,,,,,,,,,,
,,272,,,,,,,,,,
,,277,,,,,,,,,,
,,344,,,,,,,,,,
,,355,,,,,,,,,,
,,355,,,,,,,,,,
,,356,,,,,,,,,,
,,555,,,,,,,,,,
,,292,,,,,,,,,,
,,292,,,,,,,,,,
,,324,,,,,,,,,,
,,299,,,,,,,,,,
,,248,,,,,,,,,,
,,304,,,,,,,,,,
,,366,,,,,,,,,,
,,243,,,,,,,,,,
,,243,,,,,,,,,,
,,237,,,,,,,,,,
,,232,,,,,,,,,,
,,387,,,,,,,,,,
,,332,,,,,,,,,,
,,244,,,,,,,,,,
,,219,,,,,,,,,,
,,311,,,,,,,,,,
,,184,,,,,,,,,,
,,196,,,,,,,,,,
,,231,,,,,,,,,,
,,237,,,,,,,,,,
,,271,,,,,,,,,,
,,271,,,,,,,,,,
,,312,,,,,,,,,,
,,414,,,,,,,,,,
,,420,,,,,,,,,,
,,259,,,,,,,,,,
,,284,,,,,,,,,,
,,222,,,,,,,,,,
,,244,,,,,,,,,,
,,247,,,,,,,,,,
,,189,,,,,,,,,,
,,270,,,,,,,,,,
,,256,,,,,,,,,,
,,185,,,,,,,,,,
,,240,,,,,,,,,,
,,227,,,,,,,,,,
,,232,,,,,,,,,,
,,615,,,,,,,,,,
,,741,,,,,,,,,,
,,182,,,,,,,,,,
,,91,,,,,,,,,,
,,188,,,,,,,,,,
,,779,,,,,,,,,,
,,340,,,,,,,,,,
,,337,,,,,,,,,,
,,265,,,,,,,,,,
,,259,,,,,,,,,,
,,317,,,,,,,,,,
,,406,,,,,,,,,,
,,378,,,,,,,,,,
,,450,,,,,,,,,,
,,552,,,,,,,,,,
,,407,,,,,,,,,,
,,218,,,,,,,,,,
,,218,,,,,,,,,,
,,503,,,,,,,,,,
,,513,,,,,,,,,,
,,364,,,,,,,,,,
,,443,,,,,,,,,,
,,456,,,,,,,,,,
,,375,,,,,,,,,,
,,377,,,,,,,,,,
,,338,,,,,,,,,,
,,346,,,,,,,,,,
,,233,,,,,,,,,,
,,242,,,,,,,,,,
,,250,,,,,,,,,,
,,225,,,,,,,,,,
,,371,,,,,,,,,,
,,364,,,,,,,,,,
,,358,,,,,,,,,,
,,225,,,,,,,,,,
,,302,,,,,,,,,,
,,277,,,,,,,,,,
,,258,,,,,,,,,,
,,1038,,,,,,,,,,
,,207,,,,,,,,,,
,,226,,,,,,,,,,
,,234,,,,,,,,,,
,,508,,,,,,,,,,
,,460,,,,,,,,,,
,,476,,,,,,,,,,
,,215,,,,,,,,,,
,,215,,,,,,,,,,
,,217,,,,,,,,,,
,,53,,,,,,,,,,
,,180,,,,,,,,,,
,,326,,,,,,,,,,
,,336,,,,,,,,,,
,,332,,,,,,,,,,
,,297,,,,,,,,,,
,,301,,,,,,,,,,
,,295,,,,,,,,,,
,,291,,,,,,,,,,
,,274,,,,,,,,,,
,,281,,,,,,,,,,
,,278,,,,,,,,,,
,,256,,,,,,,,,,
,,257,,,,,,,,,,
,,255,,,,,,,,,,
,,250,,,,,,,,,,
,,247,,,,,,,,,,
,,239,,,,,,,,,,
,,255,,,,,,,,,,
,,242,,,,,,,,,,
,,240,,,,,,,,,,
,,493,,,,,,,,,,
,,498,,,,,,,,,,
,,279,,,,,,,,,,
,,281,,,,,,,,,,
,,278,,,,,,,,,,
,,184,,,,,,,,,,
,,190,,,,,,,,,,
,,274,,,,,,,,,,
,,281,,,,,,,,,,
,,262,,,,,,,,,,
,,268,,,,,,,,,,
,,268,,,,,,,,,,
,,274,,,,,,,,,,
,,236,,,,,,,,,,
,,289,,,,,,,,,,
,,295,,,,,,,,,,
,,292,,,,,,,,,,
,,246,,,,,,,,,,
,,248,,,,,,,,,,
,,230,,,,,,,,,,
,,456,,,,,,,,,,
,,456,,,,,,,,,,
,,456,,,,,,,,,,
,,221,,,,,,,,,,
,,235,,,,,,,,,,
,,256,,,,,,,,,,
,,224,,,,,,,,,,
,,231,,,,,,,,,,
,,231,,,,,,,,,,
,,280,,,,,,,,,,
,,360,,,,,,,,,,
,,360,,,,,,,,,,
,,235,,,,,,,,,,
,,242,,,,,,,,,,
,,234,,,,,,,,,,
,,193,,,,,,,,,,
,,352,,,,,,,,,,
,,353,,,,,,,,,,
,,366,,,,,,,,,,
,,213,,,,,,,,,,
,,216,,,,,,,,,,
,,219,,,,,,,,,,
,,443,,,,,,,,,,
,,445,,,,,,,,,,
,,143,,,,,,,,,,
,,431,,,,,,,,,,
,,437,,,,,,,,,,
,,370,,,,,,,,,,
,,349,,,,,,,,,,
,,354,,,,,,,,,,
,,354,,,,,,,,,,
,,241,,,,,,,,,,
,,242,,,,,,,,,,
,,240,,,,,,,,,,
,,107,,,,,,,,,,
,,223,,,,,,,,,,
,,426,,,,,,,,,,
,,369,,,,,,,,,,
,,384,,,,,,,,,,
,,303,,,,,,,,,,
,,309,,,,,,,,,,
,,269,,,,,,,,,,
,,323,,,,,,,,,,
,,323,,,,,,,,,,
,,322,,,,,,,,,,
,,466,,,,,,,,,,
,,245,,,,,,,,,,
,,252,,,,,,,,,,
,,255,,,,,,,,,,
,,307,,,,,,,,,,
,,297,,,,,,,,,,
,,271,,,,,,,,,,
,,281,,,,,,,,,,
,,242,,,,,,,,,,
,,229,,,,,,,,,,
,,230,,,,,,,,,,
,,225,,,,,,,,,,
,,202,,,,,,,,,,
,,202,,,,,,,,,,
,,225,,,,,,,,,,
,,230,,,,,,,,,,
,,195,,,,,,,,,,
,,432,,,,,,,,,,
,,434,,,,,,,,,,
,,250,,,,,,,,,,
,,253,,,,,,,,,,
,,259,,,,,,,,,,
,,331,,,,,,,,,,
,,261,,,,,,,,,,
,,266,,,,,,,,,,
,,261,,,,,,,,,,
,,265,,,,,,,,,,
,,261,,,,,,,,,,
,,261,,,,,,,,,,
,,382,,,,,,,,,,
,,542,,,,,,,,,,
,,542,,,,,,,,,,
,,247,,,,,,,,,,
,,253,,,,,,,,,,
,,246,,,,,,,,,,
,,254,,,,,,,,,,
,,250,,,,,,,,,,
,,248,,,,,,,,,,
,,198,,,,,,,,,,
,,204,,,,,,,,,,
,,208,,,,,,,,,,
,,213,,,,,,,,,,
,,234,,,,,,,,,,
,,234,,,,,,,,,,
,,194,,,,,,,,,,
,,286,,,,,,,,,,
,,295,,,,,,,,,,
,,290,,,,,,,,,,
,,292,,,,,,,,,,
,,240,,,,,,,,,,
,,242,,,,,,,,,,
,,336,,,,,,,,,,
,,347,,,,,,,,,,
,,325,,,,,,,,,,
,,320,,,,,,,,,,
,,221,,,,,,,,,,
,,165,,,,,,,,,,
,,190,,,,,,,,,,
,,324,,,,,,,,,,
,,334,,,,,,,,,,
,,559,,,,,,,,,,
,,570,,,,,,,,,,
,,246,,,,,,,,,,
,,251,,,,,,,,,,
,,248,,,,,,,,,,
,,341,,,,,,,,,,
,,233,,,,,,,,,,
,,194,,,,,,,,,,
,,189,,,,,,,,,,
,,238,,,,,,,,,,
,,243,,,,,,,,,,
,,219,,,,,,,,,,
,,265,,,,,,,,,,
,,223,,,,,,,,,,
,,223,,,,,,,,,,
,,202,,,,,,,,,,
,,211,,,,,,,,,,
,,224,,,,,,,,,,
,,242,,,,,,,,,,
,,262,,,,,,,,,,
,,263,,,,,,,,,,
,,263,,,,,,,,,,
,,338,,,,,,,,,,
,,338,,,,,,,,,,
,,418,,,,,,,,,,
,,416,,,,,,,,,,
,,418,,,,,,,,,,
,,117,,,,,,,,,,
,,118,,,,,,,,,,
,,446,,,,,,,,,,
,,255,,,,,,,,,,
,,233,,,,,,,,,,
,,224,,,,,,,,,,
,,111,,,,,,,,,,
,,323,,,,,,,,,,
,,273,,,,,,,,,,
,,279,,,,,,,,,,
,,276,,,,,,,,,,
,,527,,,,,,,,,,
,,543,,,,,,,,,,
,,325,,,,,,,,,,
,,306,,,,,,,,,,
,,312,,,,,,,,,,
,,310,,,,,,,,,,
,,265,,,,,,,,,,
,,265,,,,,,,,,,
,,217,,,,,,,,,,
,,255,,,,,,,,,,
,,327,,,,,,,,,,
,,175,,,,,,,,,,
,,255,,,,,,,,,,
,,581,,,,,,,,,,
,,267,,,,,,,,,,
,,362,,,,,,,,,,
,,365,,,,,,,,,,
,,360,,,,,,,,,,
,,252,,,,,,,,,,
,,257,,,,,,,,,,
,,264,,,,,,,,,,
,,262,,,,,,,,,,
,,191,,,,,,,,,,
,,188,,,,,,,,,,
,,188,,,,,,,,,,
,,277,,,,,,,,,,
,,274,,,,,,,,,,
,,217,,,,,,,,,,
,,222,,,,,,,,,,
,,231,,,,,,,,,,
,,266,,,,,,,,,,
,,262,,,,,,,,,,
,,263,,,,,,,,,,
,,360,,,,,,,,,,
,,232,,,,,,,,,,
,,239,,,,,,,,,,
,,237,,,,,,,,,,
,,229,,,,,,,,,,
,,229,,,,,,,,,,
,,230,,,,,,,,,,
,,237,,,,,,,,,,
,,243,,,,,,,,,,
,,241,,,,,,,,,,
,,264,,,,,,,,,,
,,316,,,,,,,,,,
,,327,,,,,,,,,,
,,259,,,,,,,,,,
,,268,,,,,,,,,,
,,242,,,,,,,,,,
,,404,,,,,,,,,,
,,259,,,,,,,,,,
,,376,,,,,,,,,,
,,389,,,,,,,,,,
,,389,,,,,,,,,,
,,411,,,,,,,,,,
,,413,,,,,,,,,,
,,214,,,,,,,,,,
,,217,,,,,,,,,,
,,218,,,,,,,,,,
,,188,,,,,,,,,,
,,192,,,,,,,,,,
,,231,,,,,,,,,,
,,238,,,,,,,,,,
,,234,,,,,,,,,,
,,489,,,,,,,,,,
,,489,,,,,,,,,,
,,160,,,,,,,,,,
,,325,,,,,,,,,,
,,328,,,,,,,,,,
,,153,,,,,,,,,,
,,253,,,,,,,,,,
,,229,,,,,,,,,,
,,232,,,,,,,,,,
,,371,,,,,,,,,,
,,382,,,,,,,,,,
,,396,,,,,,,,,,
,,695,,,,,,,,,,
,,901,,,,,,,,,,
,,894,,,,,,,,,,
,,292,,,,,,,,,,
,,173,,,,,,,,,,
,,174,,,,,,,,,,
,,175,,,,,,,,,,
,,347,,,,,,,,,,
,,356,,,,,,,,,,
,,352,,,,,,,,,,
,,248,,,,,,,,,,
,,256,,,,,,,,,,
,,258,,,,,,,,,,
,,679,,,,,,,,,,
,,552,,,,,,,,,,
,,157,,,,,,,,,,
,,256,,,,,,,,,,
,,257,,,,,,,,,,
,,602,,,,,,,,,,
,,645,,,,,,,,,,
,,602,,,,,,,,,,
,,227,,,,,,,,,,
,,234,,,,,,,,,,
,,230,,,,,,,,,,
,,242,,,,,,,,,,
,,365,,,,,,,,,,
,,248,,,,,,,,,,
,,255,,,,,,,,,,
,,252,,,,,,,,,,
,,336,,,,,,,,,,
,,346,,,,,,,,,,
,,241,,,,,,,,,,
,,248,,,,,,,,,,
,,255,,,,,,,,,,
,,364,,,,,,,,,,
,,364,,,,,,,,,,
,,362,,,,,,,,,,
,,402,,,,,,,,,,
,,414,,,,,,,,,,
,,410,,,,,,,,,,
,,410,,,,,,,,,,
,,410,,,,,,,,,,
,,412,,,,,,,,,,
,,305,,,,,,,,,,
,,316,,,,,,,,,,
,,473,,,,,,,,,,
,,316,,,,,,,,,,
,,365,,,,,,,,,,
,,372,,,,,,,,,,
,,347,,,,,,,,,,
,,347,,,,,,,,,,
,,323,,,,,,,,,,
,,396,,,,,,,,,,
,,400,,,,,,,,,,
,,410,,,,,,,,,,
,,412,,,,,,,,,,
,,297,,,,,,,,,,
,,349,,,,,,,,,,
,,316,,,,,,,,,,
,,316,,,,,,,,,,
,,476,,,,,,,,,,
,,483,,,,,,,,,,
,,476,,,,,,,,,,
,,325,,,,,,,,,,
,,330,,,,,,,,,,
,,300,,,,,,,,,,
,,307,,,,,,,,,,
,,307,,,,,,,,,,
,,278,,,,,,,,,,
,,302,,,,,,,,,,
,,279,,,,,,,,,,
,,288,,,,,,,,,,
,,298,,,,,,,,,,
,,357,,,,,,,,,,
,,534,,,,,,,,,,
,,503,,,,,,,,,,
,,308,,,,,,,,,,
,,318,,,,,,,,,,
,,318,,,,,,,,,,
,,377,,,,,,,,,,
,,573,,,,,,,,,,
,,377,,,,,,,,,,
,,350,,,,,,,,,,
,,352,,,,,,,,,,
,,349,,,,,,,,,,
,,284,,,,,,,,,,
,,265,,,,,,,,,,
,,458,,,,,,,,,,
,,390,,,,,,,,,,
,,403,,,,,,,,,,
,,399,,,,,,,,,,
,,259,,,,,,,,,,
,,259,,,,,,,,,,
,,265,,,,,,,,,,
,,381,,,,,,,,,,
,,387,,,,,,,,,,
,,383,,,,,,,,,,
,,538,,,,,,,,,,
,,164,,,,,,,,,,
,,266,,,,,,,,,,
,,268,,,,,,,,,,
,,558,,,,,,,,,,
,,313,,,,,,,,,,
,,297,,,,,,,,,,
,,297,,,,,,,,,,
,,299,,,,,,,,,,
,,301,,,,,,,,,,
,,301,,,,,,,,,,
,,301,,,,,,,,,,
,,292,,,,,,,,,,
,,297,,,,,,,,,,
,,293,,,,,,,,,,
,,412,,,,,,,,,,
,,412,,,,,,,,,,
,,237,,,,,,,,,,
,,246,,,,,,,,,,
,,241,,,,,,,,,,
,,290,,,,,,,,,,
,,258,,,,,,,,,,
,,241,,,,,,,,,,
,,223,,,,,,,,,,
,,300,,,,,,,,,,
,,270,,,,,,,,,,
,,266,,,,,,,,,,
,,263,,,,,,,,,,
,,252,,,,,,,,,,
,,293,,,,,,,,,,
,,302,,,,,,,,,,
,,297,,,,,,,,,,
,,294,,,,,,,,,,
,,383,,,,,,,,,,
,,393,,,,,,,,,,
,,260,,,,,,,,,,
,,211,,,,,,,,,,
,,227,,,,,,,,,,
,,252,,,,,,,,,,
,,260,,,,,,,,,,
,,113,,,,,,,,,,
,,245,,,,,,,,,,
,,194,,,,,,,,,,
,,199,,,,,,,,,,
,,200,,,,,,,,,,
,,263,,,,,,,,,,
,,270,,,,,,,,,,
,,262,,,,,,,,,,
,,261,,,,,,,,,,
,,279,,,,,,,,,,
,,358,,,,,,,,,,
,,118,,,,,,,,,,
,,455,,,,,,,,,,
,,473,,,,,,,,,,
,,475,,,,,,,,,,
,,195,,,,,,,,,,
,,359,,,,,,,,,,
,,280,,,,,,,,,,
,,277,,,,,,,,,,
,,253,,,,,,,,,,
,,330,,,,,,,,,,
,,517,,,,,,,,,,
,,396,,,,,,,,,,
,,235,,,,,,,,,,
,,233,,,,,,,,,,
,,496,,,,,,,,,,
,,513,,,,,,,,,,
,,469,,,,,,,,,,
,,256,,,,,,,,,,
,,260,,,,,,,,,,
,,488,,,,,,,,,,
,,232,,,,,,,,,,
,,252,,,,,,,,,,
,,256,,,,,,,,,,
,,143,,,,,,,,,,
,,265,,,,,,,,,,
,,311,,,,,,,,,,
,,320,,,,,,,,,,
,,345,,,,,,,,,,
,,442,,,,,,,,,,
,,477,,,,,,,,,,
,,222,,,,,,,,,,
,,241,,,,,,,,,,
,,249,,,,,,,,,,
,,191,,,,,,,,,,
,,523,,,,,,,,,,
,,528,,,,,,,,,,
,,287,,,,,,,,,,
,,210,,,,,,,,,,
,,214,,,,,,,,,,
,,247,,,,,,,,,,
,,254,,,,,,,,,,
,,215,,,,,,,,,,
,,221,,,,,,,,,,
,,252,,,,,,,,,,
,,261,,,,,,,,,,
,,258,,,,,,,,,,
,,362,,,,,,,,,,
,,201,,,,,,,,,,
,,187,,,,,,,,,,
,,274,,,,,,,,,,
,,281,,,,,,,,,,
,,215,,,,,,,,,,
,,215,,,,,,,,,,
,,216,,,,,,,,,,
,,282,,,,,,,,,,
,,292,,,,,,,,,,
,,293,,,,,,,,,,
,,319,,,,,,,,,,
,,301,,,,,,,,,,
,,226,,,,,,,,,,
,,240,,,,,,,,,,
,,240,,,,,,,,,,
,,243,,,,,,,,,,
,,243,,,,,,,,,,
,,263,,,,,,,,,,
,,263,,,,,,,,,,
,,272,,,,,,,,,,
,,303,,,,,,,,,,
,,309,,,,,,,,,,
,,307,,,,,,,,,,
,,263,,,,,,,,,,
,,266,,,,,,,,,,
,,267,,,,,,,,,,
,,266,,,,,,,,,,
,,275,,,,,,,,,,
,,316,,,,,,,,,,
,,318,,,,,,,,,,
,,361,,,,,,,,,,
,,343,,,,,,,,,,
,,345,,,,,,,,,,
,,246,,,,,,,,,,
,,267,,,,,,,,,,
,,275,,,,,,,,,,
,,285,,,,,,,,,,
,,293,,,,,,,,,,
,,289,,,,,,,,,,
,,345,,,,,,,,,,
,,403,,,,,,,,,,
,,317,,,,,,,,,,
,,323,,,,,,,,,,
,,308,,,,,,,,,,
,,308,,,,,,,,,,
,,253,,,,,,,,,,
,,282,,,,,,,,,,
,,339,,,,,,,,,,
,,86,,,,,,,,,,
,,309,,,,,,,,,,
,,306,,,,,,,,,,
,,351,,,,,,,,,,
,,364,,,,,,,,,,
,,408,,,,,,,,,,
,,261,,,,,,,,,,
,,272,,,,,,,,,,
,,273,,,,,,,,,,
,,328,,,,,,,,,,
,,209,,,,,,,,,,
,,210,,,,,,,,,,
,,181,,,,,,,,,,
,,182,,,,,,,,,,
,,376,,,,,,,,,,
,,385,,,,,,,,,,
,,301,,,,,,,,,,
,,309,,,,,,,,,,
,,284,,,,,,,,,,
,,284,,,,,,,,,,
,,318,,,,,,,,,,
,,289,,,,,,,,,,
,,492,,,,,,,,,,
,,250,,,,,,,,,,
,,601,,,,,,,,,,
,,601,,,,,,,,,,
,,604,,,,,,,,,,
,,447,,,,,,,,,,
,,309,,,,,,,,,,
,,316,,,,,,,,,,
,,324,,,,,,,,,,
,,268,,,,,,,,,,
,,484,,,,,,,,,,
,,339,,,,,,,,,,
,,345,,,,,,,,,,
,,126,,,,,,,,,,
,,337,,,,,,,,,,
,,332,,,,,,,,,,
,,419,,,,,,,,,,
,,290,,,,,,,,,,
,,295,,,,,,,,,,
,,306,,,,,,,,,,
,,382,,,,,,,,,,
,,382,,,,,,,,,,
,,273,,,,,,,,,,
,,260,,,,,,,,,,
,,266,,,,,,,,,,
,,262,,,,,,,,,,
,,220,,,,,,,,,,
,,215,,,,,,,,,,
,,222,,,,,,,,,,
,,373,,,,,,,,,,
,,267,,,,,,,,,,
,,233,,,,,,,,,,
,,444,,,,,,,,,,
,,285,,,,,,,,,,
,,425,,,,,,,,,,
,,243,,,,,,,,,,
,,251,,,,,,,,,,
,,248,,,,,,,,,,
,,325,,,,,,,,,,
,,446,,,,,,,,,,
,,243,,,,,,,,,,
,,251,,,,,,,,,,
,,251,,,,,,,,,,
,,461,,,,,,,,,,
,,483,,,,,,,,,,
,,505,,,,,,,,,,
,,158,,,,,,,,,,
,,259,,,,,,,,,,
,,242,,,,,,,,,,
,,232,,,,,,,,,,
,,280,,,,,,,,,,
,,270,,,,,,,,,,
,,379,,,,,,,,,,
,,414,,,,,,,,,,
,,414,,,,,,,,,,
,,416,,,,,,,,,,
,,191,,,,,,,,,,
,,235,,,,,,,,,,
,,244,,,,,,,,,,
,,253,,,,,,,,,,
,,1499,,,,,,,,,,
,,764,,,,,,,,,,
,,241,,,,,,,,,,
,,251,,,,,,,,,,
,,468,,,,,,,,,,
,,269,,,,,,,,,,
,,386,,,,,,,,,,
,,380,,,,,,,,,,
,,241,,,,,,,,,,
,,246,,,,,,,,,,
,,247,,,,,,,,,,
,,151,,,,,,,,,,
,,249,,,,,,,,,,
,,250,,,,,,,,,,
,,201,,,,,,,,,,
,,176,,,,,,,,,,
,,237,,,,,,,,,,
,,413,,,,,,,,,,
,,448,,,,,,,,,,
,,294,,,,,,,,,,
,,228,,,,,,,,,,
,,387,,,,,,,,,,
,,239,,,,,,,,,,
,,239,,,,,,,,,,
,,311,,,,,,,,,,
,,311,,,,,,,,,,
,,311,,,,,,,,,,
,,237,,,,,,,,,,
,,222,,,,,,,,,,
,,190,,,,,,,,,,
,,299,,,,,,,,,,
,,303,,,,,,,,,,
,,288,,,,,,,,,,
,,298,,,,,,,,,,
,,260,,,,,,,,,,
,,529,,,,,,,,,,
,,529,,,,,,,,,,
,,63,,,,,,,,,,
,,185,,,,,,,,,,
,,283,,,,,,,,,,
,,280,,,,,,,,,,
,,279,,,,,,,,,,
,,278,,,,,,,,,,
,,303,,,,,,,,,,
,,304,,,,,,,,,,
,,205,,,,,,,,,,
,,212,,,,,,,,,,
,,212,,,,,,,,,,
,,428,,,,,,,,,,
,,346,,,,,,,,,,
,,348,,,,,,,,,,
,,365,,,,,,,,,,
,,356,,,,,,,,,,
,,351,,,,,,,,,,
,,351,,,,,,,,,,
,,248,,,,,,,,,,
,,248,,,,,,,,,,
,,493,,,,,,,,,,
,,493,,,,,,,,,,
,,493,,,,,,,,,,
,,256,,,,,,,,,,
,,261,,,,,,,,,,
,,263,,,,,,,,,,
,,261,,,,,,,,,,
,,266,,,,,,,,,,
,,262,,,,,,,,,,
,,169,,,,,,,,,,
,,398,,,,,,,,,,
,,410,,,,,,,,,,
,,307,,,,,,,,,,
,,276,,,,,,,,,,
,,276,,,,,,,,,,
,,244,,,,,,,,,,
,,244,,,,,,,,,,
,,242,,,,,,,,,,
,,167,,,,,,,,,,
,,168,,,,,,,,,,
,,195,,,,,,,,,,
,,237,,,,,,,,,,
,,224,,,,,,,,,,
,,404,,,,,,,,,,
,,394,,,,,,,,,,
,,293,,,,,,,,,,
,,293,,,,,,,,,,
,,371,,,,,,,,,,
,,631,,,,,,,,,,
,,285,,,,,,,,,,
,,291,,,,,,,,,,
,,291,,,,,,,,,,
,,50,,,,,,,,,,
,,251,,,,,,,,,,
,,231,,,,,,,,,,
,,232,,,,,,,,,,
,,247,,,,,,,,,,
,,304,,,,,,,,,,
,,314,,,,,,,,,,
,,264,,,,,,,,,,
,,256,,,,,,,,,,
,,145,,,,,,,,,,
,,293,,,,,,,,,,
,,354,,,,,,,,,,
,,218,,,,,,,,,,
,,266,,,,,,,,,,
,,286,,,,,,,,,,
,,296,,,,,,,,,,
,,444,,,,,,,,,,
,,212,,,,,,,,,,
,,207,,,,,,,,,,
,,211,,,,,,,,,,
,,224,,,,,,,,,,
,,305,,,,,,,,,,
,,305,,,,,,,,,,
,,428,,,,,,,,,,
,,273,,,,,,,,,,
,,280,,,,,,,,,,
,,277,,,,,,,,,,
,,283,,,,,,,,,,
,,292,,,,,,,,,,
,,286,,,,,,,,,,
,,256,,,,,,,,,,
,,261,,,,,,,,,,
,,258,,,,,,,,,,
,,223,,,,,,,,,,
,,227,,,,,,,,,,
,,237,,,,,,,,,,
,,255,,,,,,,,,,
,,186,,,,,,,,,,
,,719,,,,,,,,,,
,,823,,,,,,,,,,
,,851,,,,,,,,,,
,,249,,,,,,,,,,
,,311,,,,,,,,,,
,,314,,,,,,,,,,
,,325,,,,,,,,,,
,,335,,,,,,,,,,
,,359,,,,,,,,,,
,,363,,,,,,,,,,
,,357,,,,,,,,,,
,,373,,,,,,,,,,
,,378,,,,,,,,,,
,,146,,,,,,,,,,
,,246,,,,,,,,,,
,,246,,,,,,,,,,
,,285,,,,,,,,,,
,,292,,,,,,,,,,
,,294,,,,,,,,,,
,,450,,,,,,,,,,
,,469,,,,,,,,,,
,,493,,,,,,,,,,
,,230,,,,,,,,,,
,,232,,,,,,,,,,
,,213,,,,,,,,,,
,,266,,,,,,,,,,
,,205,,,,,,,,,,
,,208,,,,,,,,,,
,,246,,,,,,,,,,
,,246,,,,,,,,,,
,,247,,,,,,,,,,
,,239,,,,,,,,,,
,,239,,,,,,,,,,
,,240,,,,,,,,,,
,,227,,,,,,,,,,
,,441,,,,,,,,,,
,,450,,,,,,,,,,
,,263,,,,,,,,,,
,,270,,,,,,,,,,
,,221,,,,,,,,,,
,,228,,,,,,,,,,
,,228,,,,,,,,,,
,,241,,,,,,,,,,
,,251,,,,,,,,,,
,,318,,,,,,,,,,
,,248,,,,,,,,,,
,,245,,,,,,,,,,
,,241,,,,,,,,,,
,,301,,,,,,,,,,
,,307,,,,,,,,,,
,,318,,,,,,,,,,
,,232,,,,,,,,,,
,,142,,,,,,,,,,
,,438,,,,,,,,,,
,,423,,,,,,,,,,
,,419,,,,,,,,,,
,,253,,,,,,,,,,
,,257,,,,,,,,,,
,,259,,,,,,,,,,
,,348,,,,,,,,,,
,,250,,,,,,,,,,
,,284,,,,,,,,,,
,,284,,,,,,,,,,
,,283,,,,,,,,,,
,,286,,,,,,,,,,
,,241,,,,,,,,,,
,,232,,,,,,,,,,
,,251,,,,,,,,,,
,,258,,,,,,,,,,
,,535,,,,,,,,,,
,,521,,,,,,,,,,
,,356,,,,,,,,,,
,,358,,,,,,,,,,
,,353,,,,,,,,,,
,,302,,,,,,,,,,
,,278,,,,,,,,,,
,,275,,,,,,,,,,
,,164,,,,,,,,,,
,,186,,,,,,,,,,
,,422,,,,,,,,,,
,,409,,,,,,,,,,
,,418,,,,,,,,,,
,,236,,,,,,,,,,
,,178,,,,,,,,,,
,,153,,,,,,,,,,
,,181,,,,,,,,,,
,,182,,,,,,,,,,
,,213,,,,,,,,,,
,,216,,,,,,,,,,
,,248,,,,,,,,,,
,,254,,,,,,,,,,
,,261,,,,,,,,,,
,,306,,,,,,,,,,
,,232,,,,,,,,,,
,,233,,,,,,,,,,
,,285,,,,,,,,,,
,,285,,,,,,,,,,
,,286,,,,,,,,,,
,,230,,,,,,,,,,
,,423,,,,,,,,,,
,,428,,,,,,,,,,
,,622,,,,,,,,,,
,,360,,,,,,,,,,
,,361,,,,,,,,,,
,,356,,,,,,,,,,
,,248,,,,,,,,,,
,,253,,,,,,,,,,
,,250,,,,,,,,,,
,,439,,,,,,,,,,
,,503,,,,,,,,,,
,,516,,,,,,,,,,
,,264,,,,,,,,,,
,,289,,,,,,,,,,
,,286,,,,,,,,,,
,,214,,,,,,,,,,
,,206,,,,,,,,,,
,,201,,,,,,,,,,
,,243,,,,,,,,,,
,,281,,,,,,,,,,
,,285,,,,,,,,,,
,,281,,,,,,,,,,
,,164,,,,,,,,,,
,,301,,,,,,,,,,
,,447,,,,,,,,,,
,,310,,,,,,,,,,
,,307,,,,,,,,,,
,,301,,,,,,,,,,
,,312,,,,,,,,,,
,,323,,,,,,,,,,
,,220,,,,,,,,,,
,,334,,,,,,,,,,
,,343,,,,,,,,,,
,,390,,,,,,,,,,
,,234,,,,,,,,,,
,,247,,,,,,,,,,
,,466,,,,,,,,,,
,,701,,,,,,,,,,
,,112,,,,,,,,,,
,,274,,,,,,,,,,
,,342,,,,,,,,,,
,,244,,,,,,,,,,
,,83,,,,,,,,,,
,,284,,,,,,,,,,
,,291,,,,,,,,,,
,,288,,,,,,,,,,
,,191,,,,,,,,,,
,,196,,,,,,,,,,
,,196,,,,,,,,,,
,,555,,,,,,,,,,
,,298,,,,,,,,,,
,,315,,,,,,,,,,
,,315,,,,,,,,,,
,,381,,,,,,,,,,
,,411,,,,,,,,,,
,,269,,,,,,,,,,
,,279,,,,,,,,,,
,,279,,,,,,,,,,
,,286,,,,,,,,,,
,,293,,,,,,,,,,
,,317,,,,,,,,,,
,,305,,,,,,,,,,
,,221,,,,,,,,,,
,,213,,,,,,,,,,
,,479,,,,,,,,,,
,,274,,,,,,,,,,
,,294,,,,,,,,,,
,,215,,,,,,,,,,
,,220,,,,,,,,,,
,,466,,,,,,,,,,
,,231,,,,,,,,,,
,,207,,,,,,,,,,
,,248,,,,,,,,,,
,,172,,,,,,,,,,
,,178,,,,,,,,,,
,,181,,,,,,,,,,
,,186,,,,,,,,,,
,,265,,,,,,,,,,
,,280,,,,,,,,,,
,,281,,,,,,,,,,
,,326,,,,,,,,,,
,,327,,,,,,,,,,
,,327,,,,,,,,,,
,,348,,,,,,,,,,
,,348,,,,,,,,,,
,,262,,,,,,,,,,
,,259,,,,,,,,,,
,,295,,,,,,,,,,
,,296,,,,,,,,,,
,,305,,,,,,,,,,
,,319,,,,,,,,,,
,,342,,,,,,,,,,
,,256,,,,,,,,,,
,,47,,,,,,,,,,
,,244,,,,,,,,,,
,,242,,,,,,,,,,
,,835,,,,,,,,,,
,,608,,,,,,,,,,
,,542,,,,,,,,,,
,,337,,,,,,,,,,
,,339,,,,,,,,,,
,,301,,,,,,,,,,
,,231,,,,,,,,,,
,,224,,,,,,,,,,
,,125,,,,,,,,,,
,,221,,,,,,,,,,
,,283,,,,,,,,,,
,,451,,,,,,,,,,
,,451,,,,,,,,,,
,,272,,,,,,,,,,
,,258,,,,,,,,,,
,,248,,,,,,,,,,
,,245,,,,,,,,,,
,,401,,,,,,,,,,
,,335,,,,,,,,,,
,,337,,,,,,,,,,
,,474,,,,,,,,,,
,,626,,,,,,,,,,
,,228,,,,,,,,,,
,,507,,,,,,,,,,
,,481,,,,,,,,,,
,,447,,,,,,,,,,
,,375,,,,,,,,,,
,,381,,,,,,,,,,
,,343,,,,,,,,,,
,,376,,,,,,,,,,
,,396,,,,,,,,,,
,,473,,,,,,,,,,
,,483,,,,,,,,,,
,,480,,,,,,,,,,
,,261,,,,,,,,,,
,,239,,,,,,,,,,
,,229,,,,,,,,,,
,,225,,,,,,,,,,
,,241,,,,,,,,,,
,,222,,,,,,,,,,
,,225,,,,,,,,,,
,,279,,,,,,,,,,
,,279,,,,,,,,,,
,,279,,,,,,,,,,
,,440,,,,,,,,,,
,,511,,,,,,,,,,
,,252,,,,,,,,,,
,,237,,,,,,,,,,
,,243,,,,,,,,,,
,,335,,,,,,,,,,
,,323,,,,,,,,,,
,,325,,,,,,,,,,
,,319,,,,,,,,,,
,,306,,,,,,,,,,
,,303,,,,,,,,,,
,,389,,,,,,,,,,
,,402,,,,,,,,,,
,,418,,,,,,,,,,
,,287,,,,,,,,,,
,,289,,,,,,,,,,
,,364,,,,,,,,,,
,,360,,,,,,,,,,
,,230,,,,,,,,,,
,,266,,,,,,,,,,
,,273,,,,,,,,,,
,,269,,,,,,,,,,
,,233,,,,,,,,,,
,,237,,,,,,,,,,
,,534,,,,,,,,,,
,,503,,,,,,,,,,
,,364,,,,,,,,,,
,,514,,,,,,,,,,
,,504,,,,,,,,,,
,,338,,,,,,,,,,
,,337,,,,,,,,,,
,,367,,,,,,,,,,
,,525,,,,,,,,,,
,,422,,,,,,,,,,
,,210,,,,,,,,,,
,,216,,,,,,,,,,
,,494,,,,,,,,,,
,,352,,,,,,,,,,
,,246,,,,,,,,,,
,,378,,,,,,,,,,
,,235,,,,,,,,,,
,,222,,,,,,,,,,
,,213,,,,,,,,,,
,,290,,,,,,,,,,
,,292,,,,,,,,,,
,,288,,,,,,,,,,
,,486,,,,,,,,,,
,,496,,,,,,,,,,
,,498,,,,,,,,,,
,,217,,,,,,,,,,
,,214,,,,,,,,,,
,,217,,,,,,,,,,
,,308,,,,,,,,,,
,,214,,,,,,,,,,
,,202,,,,,,,,,,
,,205,,,,,,,,,,
,,210,,,,,,,,,,
,,275,,,,,,,,,,
,,409,,,,,,,,,,
,,225,,,,,,,,,,
,,219,,,,,,,,,,
,,213,,,,,,,,,,
,,278,,,,,,,,,,
,,280,,,,,,,,,,
,,221,,,,,,,,,,
,,260,,,,,,,,,,
,,410,,,,,,,,,,
,,412,,,,,,,,,,
,,424,,,,,,,,,,
,,458,,,,,,,,,,
,,558,,,,,,,,,,
,,378,,,,,,,,,,
,,461,,,,,,,,,,
,,631,,,,,,,,,,
,,732,,,,,,,,,,
,,710,,,,,,,,,,
,,232,,,,,,,,,,
,,227,,,,,,,,,,
,,233,,,,,,,,,,
,,241,,,,,,,,,,
,,501,,,,,,,,,,
,,483,,,,,,,,,,
,,332,,,,,,,,,,
,,338,,,,,,,,,,
,,283,,,,,,,,,,
,,291,,,,,,,,,,
,,285,,,,,,,,,,
,,281,,,,,,,,,,
,,284,,,,,,,,,,
,,270,,,,,,,,,,
,,376,,,,,,,,,,
,,378,,,,,,,,,,
,,259,,,,,,,,,,
,,266,,,,,,,,,,
,,267,,,,,,,,,,
,,179,,,,,,,,,,
,,182,,,,,,,,,,
,,200,,,,,,,,,,
,,214,,,,,,,,,,
,,311,,,,,,,,,,
,,313,,,,,,,,,,
,,308,,,,,,,,,,
,,248,,,,,,,,,,
,,264,,,,,,,,,,
,,411,,,,,,,,,,
,,411,,,,,,,,,,
,,402,,,,,,,,,,
,,415,,,,,,,,,,
,,415,,,,,,,,,,
,,419,,,,,,,,,,
,,408,,,,,,,,,,
,,400,,,,,,,,,,
,,399,,,,,,,,,,
,,545,,,,,,,,,,
,,518,,,,,,,,,,
,,513,,,,,,,,,,
,,277,,,,,,,,,,
,,216,,,,,,,,,,
,,679,,,,,,,,,,
,,533,,,,,,,,,,
,,552,,,,,,,,,,
,,544,,,,,,,,,,
,,536,,,,,,,,,,
,,274,,,,,,,,,,
,,630,,,,,,,,,,
,,660,,,,,,,,,,
,,601,,,,,,,,,,
,,231,,,,,,,,,,
,,244,,,,,,,,,,
,,226,,,,,,,,,,
,,226,,,,,,,,,,
,,227,,,,,,,,,,
,,490,,,,,,,,,,
,,405,,,,,,,,,,
,,417,,,,,,,,,,
,,346,,,,,,,,,,
,,325,,,,,,,,,,
,,93,,,,,,,,,,
,,357,,,,,,,,,,
,,146,,,,,,,,,,
,,207,,,,,,,,,,
,,69,,,,,,,,,,
,,209,,,,,,,,,,
,,335,,,,,,,,,,
,,340,,,,,,,,,,
,,333,,,,,,,,,,
,,229,,,,,,,,,,
,,762,,,,,,,,,,
,,766,,,,,,,,,,
,,370,,,,,,,,,,
,,250,,,,,,,,,,
,,256,,,,,,,,,,
,,412,,,,,,,,,,
,,443,,,,,,,,,,
,,260,,,,,,,,,,
,,278,,,,,,,,,,
,,261,,,,,,,,,,
,,329,,,,,,,,,,
,,329,,,,,,,,,,
,,331,,,,,,,,,,
,,236,,,,,,,,,,
,,243,,,,,,,,,,
,,244,,,,,,,,,,
,,615,,,,,,,,,,
,,46,,,,,,,,,,
,,287,,,,,,,,,,
,,292,,,,,,,,,,
,,283,,,,,,,,,,
,,444,,,,,,,,,,
,,281,,,,,,,,,,
,,298,,,,,,,,,,
,,165,,,,,,,,,,
,,198,,,,,,,,,,
,,303,,,,,,,,,,
,,453,,,,,,,,,,
,,444,,,,,,,,,,
,,361,,,,,,,,,,
,,232,,,,,,,,,,
,,233,,,,,,,,,,
,,239,,,,,,,,,,
,,313,,,,,,,,,,
,,326,,,,,,,,,,
,,326,,,,,,,,,,
,,304,,,,,,,,,,
,,315,,,,,,,,,,
,,343,,,,,,,,,,
,,268,,,,,,,,,,
,,268,,,,,,,,,,
,,268,,,,,,,,,,
,,439,,,,,,,,,,
,,345,,,,,,,,,,
,,339,,,,,,,,,,
,,331,,,,,,,,,,
,,249,,,,,,,,,,
,,268,,,,,,,,,,
,,241,,,,,,,,,,
,,266,,,,,,,,,,
,,591,,,,,,,,,,
,,597,,,,,,,,,,
,,240,,,,,,,,,,
,,309,,,,,,,,,,
,,311,,,,,,,,,,
,,270,,,,,,,,,,
,,278,,,,,,,,,,
,,205,,,,,,,,,,
,,404,,,,,,,,,,
,,195,,,,,,,,,,
,,228,,,,,,,,,,
,,418,,,,,,,,,,
,,651,,,,,,,,,,
,,669,,,,,,,,,,
,,365,,,,,,,,,,
,,390,,,,,,,,,,
,,427,,,,,,,,,,
,,366,,,,,,,,,,
,,294,,,,,,,,,,
,,375,,,,,,,,,,
,,375,,,,,,,,,,
,,326,,,,,,,,,,
,,297,,,,,,,,,,
,,291,,,,,,,,,,
,,286,,,,,,,,,,
,,332,,,,,,,,,,
,,337,,,,,,,,,,
,,293,,,,,,,,,,
,,332,,,,,,,,,,
,,328,,,,,,,,,,
,,285,,,,,,,,,,
,,281,,,,,,,,,,
,,489,,,,,,,,,,
,,253,,,,,,,,,,
,,254,,,,,,,,,,
,,252,,,,,,,,,,
,,322,,,,,,,,,,
,,345,,,,,,,,,,
,,383,,,,,,,,,,
,,281,,,,,,,,,,
,,267,,,,,,,,,,
,,264,,,,,,,,,,
,,237,,,,,,,,,,
,,237,,,,,,,,,,
,,258,,,,,,,,,,
,,298,,,,,,,,,,
,,308,,,,,,,,,,
,,273,,,,,,,,,,
,,282,,,,,,,,,,
,,284,,,,,,,,,,
,,332,,,,,,,,,,
,,335,,,,,,,,,,
,,400,,,,,,,,,,
,,412,,,,,,,,,,
,,404,,,,,,,,,,
,,274,,,,,,,,,,
,,330,,,,,,,,,,
,,343,,,,,,,,,,
,,363,,,,,,,,,,
,,245,,,,,,,,,,
,,158,,,,,,,,,,
,,335,,,,,,,,,,
,,465,,,,,,,,,,
,,217,,,,,,,,,,
,,251,,,,,,,,,,
,,157,,,,,,,,,,
,,299,,,,,,,,,,
,,299,,,,,,,,,,
,,421,,,,,,,,,,
,,400,,,,,,,,,,
,,59,,,,,,,,,,
,,341,,,,,,,,,,
,,255,,,,,,,,,,
,,223,,,,,,,,,,
,,446,,,,,,,,,,
,,189,,,,,,,,,,
,,325,,,,,,,,,,
,,400,,,,,,,,,,
,,337,,,,,,,,,,
,,344,,,,,,,,,,
,,101,,,,,,,,,,
,,483,,,,,,,,,,
,,500,,,,,,,,,,
,,503,,,,,,,,,,
,,389,,,,,,,,,,
,,467,,,,,,,,,,
,,474,,,,,,,,,,
,,243,,,,,,,,,,
,,248,,,,,,,,,,
,,139,,,,,,,,,,
,,973,,,,,,,,,,
,,484,,,,,,,,,,
,,479,,,,,,,,,,
,,506,,,,,,,,,,
,,511,,,,,,,,,,
,,339,,,,,,,,,,
,,342,,,,,,,,,,
,,324,,,,,,,,,,
,,419,,,,,,,,,,
,,512,,,,,,,,,,
,,259,,,,,,,,,,
,,174,,,,,,,,,,
,,182,,,,,,,,,,
,,179,,,,,,,,,,
,,416,,,,,,,,,,
,,431,,,,,,,,,,
,,433,,,,,,,,,,
,,304,,,,,,,,,,
,,345,,,,,,,,,,
,,240,,,,,,,,,,
,,249,,,,,,,,,,
,,404,,,,,,,,,,
,,410,,,,,,,,,,
,,237,,,,,,,,,,
,,246,,,,,,,,,,
,,244,,,,,,,,,,
,,250,,,,,,,,,,
,,237,,,,,,,,,,
,,632,,,,,,,,,,
,,313,,,,,,,,,,
,,323,,,,,,,,,,
,,348,,,,,,,,,,
,,374,,,,,,,,,,
,,304,,,,,,,,,,
,,141,,,,,,,,,,
,,185,,,,,,,,,,
,,188,,,,,,,,,,
,,406,,,,,,,,,,
,,425,,,,,,,,,,
,,530,,,,,,,,,,
,,269,,,,,,,,,,
,,502,,,,,,,,,,
,,303,,,,,,,,,,
,,287,,,,,,,,,,
,,300,,,,,,,,,,
,,438,,,,,,,,,,
,,234,,,,,,,,,,
,,405,,,,,,,,,,
,,271,,,,,,,,,,
,,276,,,,,,,,,,
,,276,,,,,,,,,,
,,197,,,,,,,,,,
,,201,,,,,,,,,,
,,225,,,,,,,,,,
,,230,,,,,,,,,,
,,228,,,,,,,,,,
,,187,,,,,,,,,,
,,459,,,,,,,,,,
,,464,,,,,,,,,,
,,214,,,,,,,,,,
,,394,,,,,,,,,,
,,439,,,,,,,,,,
,,642,,,,,,,,,,
,,648,,,,,,,,,,
,,51,,,,,,,,,,
,,339,,,,,,,,,,
,,334,,,,,,,,,,
,,301,,,,,,,,,,
,,422,,,,,,,,,,
,,435,,,,,,,,,,
,,409,,,,,,,,,,
,,397,,,,,,,,,,
,,293,,,,,,,,,,
,,293,,,,,,,,,,
,,295,,,,,,,,,,
,,373,,,,,,,,,,
,,268,,,,,,,,,,
,,270,,,,,,,,,,
,,283,,,,,,,,,,
,,332,,,,,,,,,,
,,300,,,,,,,,,,
,,306,,,,,,,,,,
,,290,,,,,,,,,,
,,248,,,,,,,,,,
,,368,,,,,,,,,,
,,349,,,,,,,,,,
,,359,,,,,,,,,,
,,337,,,,,,,,,,
,,457,,,,,,,,,,
,,419,,,,,,,,,,
,,157,,,,,,,,,,
,,380,,,,,,,,,,
,,351,,,,,,,,,,
,,346,,,,,,,,,,
,,256,,,,,,,,,,
,,441,,,,,,,,,,
,,449,,,,,,,,,,
,,67,,,,,,,,,,
,,548,,,,,,,,,,
,,554,,,,,,,,,,
,,346,,,,,,,,,,
,,346,,,,,,,,,,
,,345,,,,,,,,,,
,,409,,,,,,,,,,
,,426,,,,,,,,,,
,,419,,,,,,,,,,
,,415,,,,,,,,,,
,,234,,,,,,,,,,
,,223,,,,,,,,,,
,,321,,,,,,,,,,
,,223,,,,,,,,,,
,,221,,,,,,,,,,
,,402,,,,,,,,,,
,,239,,,,,,,,,,
,,244,,,,,,,,,,
,,245,,,,,,,,,,
,,278,,,,,,,,,,
,,285,,,,,,,,,,
,,273,,,,,,,,,,
,,186,,,,,,,,,,
,,442,,,,,,,,,,
,,438,,,,,,,,,,
,,525,,,,,,,,,,
,,229,,,,,,,,,,
,,224,,,,,,,,,,
,,298,,,,,,,,,,
,,356,,,,,,,,,,
,,690,,,,,,,,,,
,,250,,,,,,,,,,
,,273,,,,,,,,,,
,,228,,,,,,,,,,
,,215,,,,,,,,,,
,,217,,,,,,,,,,
,,358,,,,,,,,,,
,,693,,,,,,,,,,
,,265,,,,,,,,,,
,,354,,,,,,,,,,
,,358,,,,,,,,,,
,,366,,,,,,,,,,
,,365,,,,,,,,,,
,,483,,,,,,,,,,
,,555,,,,,,,,,,
,,372,,,,,,,,,,
,,273,,,,,,,,,,
,,482,,,,,,,,,,
,,662,,,,,,,,,,
,,352,,,,,,,,,,
,,244,,,,,,,,,,
,,215,,,,,,,,,,
,,216,,,,,,,,,,
,,484,,,,,,,,,,
,,189,,,,,,,,,,
,,350,,,,,,,,,,
,,270,,,,,,,,,,
,,270,,,,,,,,,,
,,270,,,,,,,,,,
,,351,,,,,,,,,,
,,258,,,,,,,,,,
,,241,,,,,,,,,,
,,372,,,,,,,,,,
,,374,,,,,,,,,,
,,372,,,,,,,,,,
,,361,,,,,,,,,,
,,341,,,,,,,,,,
,,327,,,,,,,,,,
,,396,,,,,,,,,,
,,398,,,,,,,,,,
,,390,,,,,,,,,,
,,306,,,,,,,,,,
,,332,,,,,,,,,,
,,193,,,,,,,,,,
,,199,,,,,,,,,,
,,192,,,,,,,,,,
,,285,,,,,,,,,,
,,435,,,,,,,,,,
,,446,,,,,,,,,,
,,288,,,,,,,,,,
,,291,,,,,,,,,,
,,270,,,,,,,,,,
,,418,,,,,,,,,,
,,303,,,,,,,,,,
,,297,,,,,,,,,,
,,346,,,,,,,,,,
,,342,,,,,,,,,,
,,366,,,,,,,,,,
,,337,,,,,,,,,,
,,256,,,,,,,,,,
,,227,,,,,,,,,,
,,229,,,,,,,,,,
,,348,,,,,,,,,,
,,330,,,,,,,,,,
,,218,,,,,,,,,,
,,232,,,,,,,,,,
,,395,,,,,,,,,,
,,405,,,,,,,,,,
,,445,,,,,,,,,,
,,419,,,,,,,,,,
,,482,,,,,,,,,,
,,189,,,,,,,,,,
,,274,,,,,,,,,,
,,280,,,,,,,,,,
,,256,,,,,,,,,,
,,269,,,,,,,,,,
,,585,,,,,,,,,,
,,585,,,,,,,,,,
,,361,,,,,,,,,,
,,366,,,,,,,,,,
,,435,,,,,,,,,,
,,465,,,,,,,,,,
,,468,,,,,,,,,,
,,843,,,,,,,,,,
,,532,,,,,,,,,,
,,343,,,,,,,,,,
,,692,,,,,,,,,,
,,216,,,,,,,,,,
,,236,,,,,,,,,,
,,299,,,,,,,,,,
,,365,,,,,,,,,,
,,367,,,,,,,,,,
,,306,,,,,,,,,,
,,313,,,,,,,,,,
,,310,,,,,,,,,,
,,257,,,,,,,,,,
,,269,,,,,,,,,,
,,250,,,,,,,,,,
,,166,,,,,,,,,,
,,330,,,,,,,,,,
,,333,,,,,,,,,,
,,310,,,,,,,,,,
,,832,,,,,,,,,,
,,692,,,,,,,,,,
,,115,,,,,,,,,,
,,237,,,,,,,,,,
,,268,,,,,,,,,,
,,345,,,,,,,,,,
,,438,,,,,,,,,,
,,438,,,,,,,,,,
,,327,,,,,,,,,,
,,278,,,,,,,,,,
,,281,,,,,,,,,,
,,776,,,,,,,,,,
,,744,,,,,,,,,,
,,156,,,,,,,,,,
,,287,,,,,,,,,,
,,286,,,,,,,,,,
,,548,,,,,,,,,,
,,205,,,,,,,,,,
,,359,,,,,,,,,,
,,368,,,,,,,,,,
,,370,,,,,,,,,,
,,351,,,,,,,,,,
,,336,,,,,,,,,,
,,663,,,,,,,,,,
,,65,,,,,,,,,,
,,216,,,,,,,,,,
,,217,,,,,,,,,,
,,523,,,,,,,,,,
,,528,,,,,,,,,,
,,562,,,,,,,,,,
,,495,,,,,,,,,,
,,128,,,,,,,,,,
,,259,,,,,,,,,,
,,255,,,,,,,,,,
,,234,,,,,,,,,,
,,70,,,,,,,,,,
,,277,,,,,,,,,,
,,275,,,,,,,,,,
,,275,,,,,,,,,,
,,479,,,,,,,,,,
,,486,,,,,,,,,,
,,65,,,,,,,,,,
,,270,,,,,,,,,,
,,835,,,,,,,,,,
,,244,,,,,,,,,,
,,369,,,,,,,,,,
,,521,,,,,,,,,,
,,361,,,,,,,,,,
,,349,,,,,,,,,,
,,494,,,,,,,,,,
,,506,,,,,,,,,,
,,500,,,,,,,,,,
,,463,,,,,,,,,,
,,355,,,,,,,,,,
,,448,,,,,,,,,,
,,386,,,,,,,,,,
,,653,,,,,,,,,,
,,341,,,,,,,,,,
,,342,,,,,,,,,,
,,238,,,,,,,,,,
,,233,,,,,,,,,,
,,233,,,,,,,,,,
,,399,,,,,,,,,,
,,293,,,,,,,,,,
,,304,,,,,,,,,,
,,310,,,,,,,,,,
,,321,,,,,,,,,,
,,571,,,,,,,,,,
,,571,,,,,,,,,,
,,290,,,,,,,,,,
,,380,,,,,,,,,,
,,381,,,,,,,,,,
,,339,,,,,,,,,,
,,339,,,,,,,,,,
,,335,,,,,,,,,,
,,306,,,,,,,,,,
,,293,,,,,,,,,,
,,295,,,,,,,,,,
,,257,,,,,,,,,,
,,263,,,,,,,,,,
,,238,,,,,,,,,,
,,301,,,,,,,,,,
,,264,,,,,,,,,,
,,265,,,,,,,,,,
,,272,,,,,,,,,,
,,494,,,,,,,,,,
,,160,,,,,,,,,,
,,395,,,,,,,,,,
,,409,,,,,,,,,,
,,403,,,,,,,,,,
,,301,,,,,,,,,,
,,209,,,,,,,,,,
,,215,,,,,,,,,,
,,400,,,,,,,,,,
,,268,,,,,,,,,,
,,397,,,,,,,,,,
,,586,,,,,,,,,,
,,575,,,,,,,,,,
,,350,,,,,,,,,,
,,439,,,,,,,,,,
,,247,,,,,,,,,,
,,295,,,,,,,,,,
,,329,,,,,,,,,,
,,565,,,,,,,,,,
,,456,,,,,,,,,,
,,456,,,,,,,,,,
,,449,,,,,,,,,,
,,722,,,,,,,,,,
,,256,,,,,,,,,,
,,430,,,,,,,,,,
,,438,,,,,,,,,,
,,419,,,,,,,,,,
,,427,,,,,,,,,,
,,458,,,,,,,,,,
,,390,,,,,,,,,,
,,360,,,,,,,,,,
,,275,,,,,,,,,,
,,338,,,,,,,,,,
,,454,,,,,,,,,,
,,516,,,,,,,,,,
,,412,,,,,,,,,,
,,418,,,,,,,,,,
,,364,,,,,,,,,,
,,739,,,,,,,,,,
,,670,,,,,,,,,,
,,273,,,,,,,,,,
,,293,,,,,,,,,,
,,334,,,,,,,,,,
,,349,,,,,,,,,,
,,569,,,,,,,,,,
,,213,,,,,,,,,,
,,204,,,,,,,,,,
,,434,,,,,,,,,,
,,222,,,,,,,,,,
,,257,,,,,,,,,,
,,288,,,,,,,,,,
,,384,,,,,,,,,,
,,428,,,,,,,,,,
,,337,,,,,,,,,,
,,409,,,,,,,,,,
,,184,,,,,,,,,,
,,177,,,,,,,,,,
,,178,,,,,,,,,,
,,222,,,,,,,,,,
,,250,,,,,,,,,,
,,272,,,,,,,,,,
,,398,,,,,,,,,,
,,404,,,,,,,,,,
,,293,,,,,,,,,,
,,303,,,,,,,,,,
,,303,,,,,,,,,,
,,230,,,,,,,,,,
,,301,,,,,,,,,,
,,436,,,,,,,,,,
,,301,,,,,,,,,,
,,355,,,,,,,,,,
,,277,,,,,,,,,,
,,217,,,,,,,,,,
,,204,,,,,,,,,,
,,187,,,,,,,,,,
,,258,,,,,,,,,,
,,306,,,,,,,,,,
,,226,,,,,,,,,,
,,211,,,,,,,,,,
,,217,,,,,,,,,,
,,225,,,,,,,,,,
,,242,,,,,,,,,,
,,245,,,,,,,,,,
,,250,,,,,,,,,,
,,246,,,,,,,,,,
,,296,,,,,,,,,,
,,297,,,,,,,,,,
,,270,,,,,,,,,,
,,269,,,,,,,,,,
,,277,,,,,,,,,,
,,355,,,,,,,,,,
,,290,,,,,,,,,,
,,290,,,,,,,,,,
,,335,,,,,,,,,,
,,257,,,,,,,,,,
,,258,,,,,,,,,,
,,456,,,,,,,,,,
,,460,,,,,,,,,,
,,261,,,,,,,,,,
,,263,,,,,,,,,,
,,228,,,,,,,,,,
,,233,,,,,,,,,,
,,231,,,,,,,,,,
,,216,,,,,,,,,,
,,240,,,,,,,,,,
,,438,,,,,,,,,,
,,490,,,,,,,,,,
,,262,,,,,,,,,,
,,318,,,,,,,,,,
,,288,,,,,,,,,,
,,238,,,,,,,,,,
,,245,,,,,,,,,,
,,213,,,,,,,,,,
,,288,,,,,,,,,,
,,270,,,,,,,,,,
,,286,,,,,,,,,,
,,346,,,,,,,,,,
,,315,,,,,,,,,,
,,333,,,,,,,,,,
,,341,,,,,,,,,,
,,338,,,,,,,,,,
,,227,,,,,,,,,,
,,228,,,,,,,,,,
,,345,,,,,,,,,,
,,249,,,,,,,,,,
,,427,,,,,,,,,,
,,493,,,,,,,,,,
,,490,,,,,,,,,,
,,250,,,,,,,,,,
,,271,,,,,,,,,,
,,410,,,,,,,,,,
,,515,,,,,,,,,,
,,297,,,,,,,,,,
,,270,,,,,,,,,,
,,233,,,,,,,,,,
,,260,,,,,,,,,,
,,262,,,,,,,,,,
,,750,,,,,,,,,,
,,803,,,,,,,,,,
,,221,,,,,,,,,,
,,221,,,,,,,,,,
,,222,,,,,,,,,,
,,250,,,,,,,,,,
,,259,,,,,,,,,,
,,257,,,,,,,,,,
,,464,,,,,,,,,,
,,475,,,,,,,,,,
,,375,,,,,,,,,,
,,323,,,,,,,,,,
,,317,,,,,,,,,,
,,433,,,,,,,,,,
,,437,,,,,,,,,,
,,229,,,,,,,,,,
,,234,,,,,,,,,,
,,232,,,,,,,,,,
,,222,,,,,,,,,,
,,223,,,,,,,,,,
,,207,,,,,,,,,,
,,344,,,,,,,,,,
,,351,,,,,,,,,,
,,262,,,,,,,,,,
,,354,,,,,,,,,,
,,626,,,,,,,,,,
,,573,,,,,,,,,,
,,357,,,,,,,,,,
,,278,,,,,,,,,,
,,285,,,,,,,,,,
,,188,,,,,,,,,,
,,339,,,,,,,,,,
,,339,,,,,,,,,,
,,284,,,,,,,,,,
,,228,,,,,,,,,,
,,225,,,,,,,,,,
,,466,,,,,,,,,,
,,466,,,,,,,,,,
,,239,,,,,,,,,,
,,266,,,,,,,,,,
,,267,,,,,,,,,,
,,551,,,,,,,,,,
,,472,,,,,,,,,,
,,365,,,,,,,,,,
,,364,,,,,,,,,,
,,335,,,,,,,,,,
,,341,,,,,,,,,,
,,341,,,,,,,,,,
,,133,,,,,,,,,,
,,176,,,,,,,,,,
,,237,,,,,,,,,,
,,218,,,,,,,,,,
,,295,,,,,,,,,,
,,302,,,,,,,,,,
,,253,,,,,,,,,,
,,410,,,,,,,,,,
,,399,,,,,,,,,,
,,252,,,,,,,,,,
,,252,,,,,,,,,,
,,329,,,,,,,,,,
,,277,,,,,,,,,,
,,270,,,,,,,,,,
,,307,,,,,,,,,,
,,448,,,,,,,,,,
,,499,,,,,,,,,,
,,251,,,,,,,,,,
,,344,,,,,,,,,,
,,348,,,,,,,,,,
,,484,,,,,,,,,,
,,304,,,,,,,,,,
,,298,,,,,,,,,,
,,324,,,,,,,,,,
,,390,,,,,,,,,,
,,316,,,,,,,,,,
,,249,,,,,,,,,,
,,219,,,,,,,,,,
,,224,,,,,,,,,,
,,334,,,,,,,,,,
,,341,,,,,,,,,,
,,341,,,,,,,,,,
,,302,,,,,,,,,,
,,403,,,,,,,,,,
,,441,,,,,,,,,,
,,403,,,,,,,,,,
,,271,,,,,,,,,,
,,239,,,,,,,,,,
,,249,,,,,,,,,,
,,256,,,,,,,,,,
,,308,,,,,,,,,,
,,219,,,,,,,,,,
,,298,,,,,,,,,,
,,304,,,,,,,,,,
,,313,,,,,,,,,,
,,261,,,,,,,,,,
,,267,,,,,,,,,,
,,260,,,,,,,,,,
,,251,,,,,,,,,,
,,293,,,,,,,,,,
,,279,,,,,,,,,,
,,281,,,,,,,,,,
,,295,,,,,,,,,,
,,317,,,,,,,,,,
,,328,,,,,,,,,,
,,429,,,,,,,,,,
,,637,,,,,,,,,,
,,285,,,,,,,,,,
,,273,,,,,,,,,,
,,299,,,,,,,,,,
,,325,,,,,,,,,,
,,426,,,,,,,,,,
,,109,,,,,,,,,,
,,303,,,,,,,,,,
,,401,,,,,,,,,,
,,203,,,,,,,,,,
,,204,,,,,,,,,,
,,351,,,,,,,,,,
,,267,,,,,,,,,,
,,287,,,,,,,,,,
,,297,,,,,,,,,,
,,331,,,,,,,,,,
,,307,,,,,,,,,,
,,370,,,,,,,,,,
,,367,,,,,,,,,,
,,263,,,,,,,,,,
,,274,,,,,,,,,,
,,278,,,,,,,,,,
,,267,,,,,,,,,,
,,268,,,,,,,,,,
,,409,,,,,,,,,,
,,411,,,,,,,,,,
,,278,,,,,,,,,,
,,481,,,,,,,,,,
,,301,,,,,,,,,,
,,304,,,,,,,,,,
,,287,,,,,,,,,,
,,333,,,,,,,,,,
,,612,,,,,,,,,,
,,301,,,,,,,,,,
,,294,,,,,,,,,,
,,313,,,,,,,,,,
,,297,,,,,,,,,,
,,282,,,,,,,,,,
,,314,,,,,,,,,,
,,62,,,,,,,,,,
,,234,,,,,,,,,,
,,222,,,,,,,,,,
,,237,,,,,,,,,,
,,123,,,,,,,,,,
,,148,,,,,,,,,,
,,328,,,,,,,,,,
,,245,,,,,,,,,,
,,285,,,,,,,,,,
,,261,,,,,,,,,,
,,454,,,,,,,,,,
,,454,,,,,,,,,,
,,438,,,,,,,,,,
,,347,,,,,,,,,,
,,350,,,,,,,,,,
,,350,,,,,,,,,,
,,333,,,,,,,,,,
,,342,,,,,,,,,,
,,344,,,,,,,,,,
,,297,,,,,,,,,,
,,300,,,,,,,,,,
,,230,,,,,,,,,,
,,231,,,,,,,,,,
,,240,,,,,,,,,,
,,202,,,,,,,,,,
,,451,,,,,,,,,,
,,344,,,,,,,,,,
,,352,,,,,,,,,,
,,314,,,,,,,,,,
,,618,,,,,,,,,,
,,173,,,,,,,,,,
,,220,,,,,,,,,,
,,237,,,,,,,,,,
,,429,,,,,,,,,,
,,253,,,,,,,,,,
,,367,,,,,,,,,,
,,246,,,,,,,,,,
,,251,,,,,,,,,,
,,243,,,,,,,,,,
,,211,,,,,,,,,,
,,210,,,,,,,,,,
,,273,,,,,,,,,,
,,273,,,,,,,,,,
,,271,,,,,,,,,,
,,265,,,,,,,,,,
,,269,,,,,,,,,,
,,274,,,,,,,,,,
,,398,,,,,,,,,,
,,347,,,,,,,,,,
,,347,,,,,,,,,,
,,262,,,,,,,,,,
,,376,,,,,,,,,,
,,387,,,,,,,,,,
,,385,,,,,,,,,,
,,272,,,,,,,,,,
,,500,,,,,,,,,,
,,506,,,,,,,,,,
,,255,,,,,,,,,,
,,255,,,,,,,,,,
,,255,,,,,,,,,,
,,351,,,,,,,,,,
,,410,,,,,,,,,,
,,292,,,,,,,,,,
,,287,,,,,,,,,,
,,295,,,,,,,,,,
,,281,,,,,,,,,,
,,645,,,,,,,,,,
,,323,,,,,,,,,,
,,314,,,,,,,,,,
,,319,,,,,,,,,,
,,315,,,,,,,,,,
,,203,,,,,,,,,,
,,409,,,,,,,,,,
,,397,,,,,,,,,,
,,413,,,,,,,,,,
,,377,,,,,,,,,,
,,285,,,,,,,,,,
,,309,,,,,,,,,,
,,306,,,,,,,,,,
,,460,,,,,,,,,,
,,467,,,,,,,,,,
,,448,,,,,,,,,,
,,297,,,,,,,,,,
,,262,,,,,,,,,,
,,299,,,,,,,,,,
,,363,,,,,,,,,,
,,424,,,,,,,,,,
,,363,,,,,,,,,,
,,291,,,,,,,,,,
,,287,,,,,,,,,,
,,286,,,,,,,,,,
,,496,,,,,,,,,,
,,258,,,,,,,,,,
,,259,,,,,,,,,,
,,220,,,,,,,,,,
,,221,,,,,,,,,,
,,221,,,,,,,,,,
,,213,,,,,,,,,,
,,341,,,,,,,,,,
,,343,,,,,,,,,,
,,647,,,,,,,,,,
,,647,,,,,,,,,,
,,637,,,,,,,,,,
,,236,,,,,,,,,,
,,241,,,,,,,,,,
,,242,,,,,,,,,,
,,262,,,,,,,,,,
,,267,,,,,,,,,,
,,291,,,,,,,,,,
,,509,,,,,,,,,,
,,517,,,,,,,,,,
,,564,,,,,,,,,,
,,271,,,,,,,,,,
,,284,,,,,,,,,,
,,206,,,,,,,,,,
,,216,,,,,,,,,,
,,236,,,,,,,,,,
,,237,,,,,,,,,,
,,245,,,,,,,,,,
,,273,,,,,,,,,,
,,271,,,,,,,,,,
,,271,,,,,,,,,,
,,355,,,,,,,,,,
,,358,,,,,,,,,,
,,383,,,,,,,,,,
,,391,,,,,,,,,,
,,393,,,,,,,,,,
,,315,,,,,,,,,,
,,496,,,,,,,,,,
,,198,,,,,,,,,,
,,217,,,,,,,,,,
,,228,,,,,,,,,,
,,412,,,,,,,,,,
,,321,,,,,,,,,,
,,374,,,,,,,,,,
,,372,,,,,,,,,,
,,243,,,,,,,,,,
,,263,,,,,,,,,,
,,185,,,,,,,,,,
,,188,,,,,,,,,,
,,189,,,,,,,,,,
,,501,,,,,,,,,,
,,469,,,,,,,,,,
,,327,,,,,,,,,,
,,351,,,,,,,,,,
,,364,,,,,,,,,,
,,373,,,,,,,,,,
,,371,,,,,,,,,,
,,276,,,,,,,,,,
,,284,,,,,,,,,,
,,280,,,,,,,,,,
,,222,,,,,,,,,,
,,221,,,,,,,,,,
,,220,,,,,,,,,,
,,236,,,,,,,,,,
,,236,,,,,,,,,,
,,237,,,,,,,,,,
,,365,,,,,,,,,,
,,347,,,,,,,,,,
,,349,,,,,,,,,,
,,236,,,,,,,,,,
,,245,,,,,,,,,,
,,328,,,,,,,,,,
,,161,,,,,,,,,,
,,290,,,,,,,,,,
,,270,,,,,,,,,,
,,566,,,,,,,,,,
,,566,,,,,,,,,,
,,566,,,,,,,,,,
,,205,,,,,,,,,,
,,209,,,,,,,,,,
,,217,,,,,,,,,,
,,549,,,,,,,,,,
,,557,,,,,,,,,,
,,549,,,,,,,,,,
,,486,,,,,,,,,,
,,565,,,,,,,,,,
,,321,,,,,,,,,,
,,361,,,,,,,,,,
,,740,,,,,,,,,,
,,684,,,,,,,,,,
,,674,,,,,,,,,,
,,878,,,,,,,,,,
,,882,,,,,,,,,,
,,869,,,,,,,,,,
,,319,,,,,,,,,,
,,373,,,,,,,,,,
,,373,,,,,,,,,,
,,491,,,,,,,,,,
,,491,,,,,,,,,,
,,313,,,,,,,,,,
,,253,,,,,,,,,,
,,256,,,,,,,,,,
,,257,,,,,,,,,,
,,494,,,,,,,,,,
,,508,,,,,,,,,,
,,287,,,,,,,,,,
,,293,,,,,,,,,,
,,300,,,,,,,,,,
,,301,,,,,,,,,,
,,277,,,,,,,,,,
,,234,,,,,,,,,,
,,242,,,,,,,,,,
,,110,,,,,,,,,,
,,293,,,,,,,,,,
,,422,,,,,,,,,,
,,256,,,,,,,,,,
,,260,,,,,,,,,,
,,272,,,,,,,,,,
,,277,,,,,,,,,,
,,269,,,,,,,,,,
,,410,,,,,,,,,,
,,352,,,,,,,,,,
,,363,,,,,,,,,,
,,671,,,,,,,,,,
,,803,,,,,,,,,,
,,811,,,,,,,,,,
,,286,,,,,,,,,,
,,292,,,,,,,,,,
,,274,,,,,,,,,,
,,282,,,,,,,,,,
,,292,,,,,,,,,,
,,463,,,,,,,,,,
,,472,,,,,,,,,,
,,426,,,,,,,,,,
,,426,,,,,,,,,,
,,426,,,,,,,,,,
,,279,,,,,,,,,,
,,284,,,,,,,,,,
,,281,,,,,,,,,,
,,304,,,,,,,,,,
,,355,,,,,,,,,,
,,335,,,,,,,,,,
,,614,,,,,,,,,,
,,335,,,,,,,,,,
,,237,,,,,,,,,,
,,241,,,,,,,,,,
,,233,,,,,,,,,,
,,266,,,,,,,,,,
,,272,,,,,,,,,,
,,467,,,,,,,,,,
,,426,,,,,,,,,,
,,374,,,,,,,,,,
,,477,,,,,,,,,,
,,425,,,,,,,,,,
,,419,,,,,,,,,,
,,318,,,,,,,,,,
,,586,,,,,,,,,,
,,604,,,,,,,,,,
,,250,,,,,,,,,,
,,257,,,,,,,,,,
,,243,,,,,,,,,,
,,265,,,,,,,,,,
,,266,,,,,,,,,,
,,242,,,,,,,,,,
,,345,,,,,,,,,,
,,265,,,,,,,,,,
,,268,,,,,,,,,,
,,271,,,,,,,,,,
,,185,,,,,,,,,,
,,199,,,,,,,,,,
,,217,,,,,,,,,,
,,428,,,,,,,,,,
,,428,,,,,,,,,,
,,424,,,,,,,,,,
,,220,,,,,,,,,,
,,368,,,,,,,,,,
,,381,,,,,,,,,,
,,383,,,,,,,,,,
,,241,,,,,,,,,,
,,282,,,,,,,,,,
,,252,,,,,,,,,,
,,516,,,,,,,,,,
,,524,,,,,,,,,,
,,472,,,,,,,,,,
,,301,,,,,,,,,,
,,280,,,,,,,,,,
,,158,,,,,,,,,,
,,163,,,,,,,,,,
,,164,,,,,,,,,,
,,214,,,,,,,,,,
,,214,,,,,,,,,,
,,199,,,,,,,,,,
,,278,,,,,,,,,,
,,249,,,,,,,,,,
,,258,,,,,,,,,,
,,249,,,,,,,,,,
,,225,,,,,,,,,,
,,233,,,,,,,,,,
,,333,,,,,,,,,,
,,305,,,,,,,,,,
,,255,,,,,,,,,,
,,239,,,,,,,,,,
,,265,,,,,,,,,,
,,253,,,,,,,,,,
,,427,,,,,,,,,,
,,401,,,,,,,,,,
,,312,,,,,,,,,,
,,271,,,,,,,,,,
,,539,,,,,,,,,,
,,321,,,,,,,,,,
,,323,,,,,,,,,,
,,318,,,,,,,,,,
,,337,,,,,,,,,,
,,341,,,,,,,,,,
,,336,,,,,,,,,,
,,327,,,,,,,,,,
,,264,,,,,,,,,,
,,241,,,,,,,,,,
,,337,,,,,,,,,,
,,339,,,,,,,,,,
,,334,,,,,,,,,,
,,355,,,,,,,,,,
,,356,,,,,,,,,,
,,356,,,,,,,,,,
,,241,,,,,,,,,,
,,219,,,,,,,,,,
,,216,,,,,,,,,,
,,222,,,,,,,,,,
,,222,,,,,,,,,,
,,307,,,,,,,,,,
,,308,,,,,,,,,,
,,305,,,,,,,,,,
,,350,,,,,,,,,,
,,359,,,,,,,,,,
,,275,,,,,,,,,,
,,267,,,,,,,,,,
,,265,,,,,,,,,,
,,432,,,,,,,,,,
,,439,,,,,,,,,,
,,207,,,,,,,,,,
,,239,,,,,,,,,,
,,246,,,,,,,,,,
,,246,,,,,,,,,,
,,247,,,,,,,,,,
,,235,,,,,,,,,,
,,271,,,,,,,,,,
,,271,,,,,,,,,,
,,204,,,,,,,,,,
,,291,,,,,,,,,,
,,280,,,,,,,,,,
,,237,,,,,,,,,,
,,244,,,,,,,,,,
,,242,,,,,,,,,,
,,311,,,,,,,,,,
,,373,,,,,,,,,,
,,375,,,,,,,,,,
,,347,,,,,,,,,,
,,330,,,,,,,,,,
,,327,,,,,,,,,,
,,232,,,,,,,,,,
,,376,,,,,,,,,,
,,382,,,,,,,,,,
,,376,,,,,,,,,,
,,215,,,,,,,,,,
,,371,,,,,,,,,,
,,376,,,,,,,,,,
,,391,,,,,,,,,,
,,175,,,,,,,,,,
,,402,,,,,,,,,,
,,371,,,,,,,,,,
,,375,,,,,,,,,,
,,219,,,,,,,,,,
,,213,,,,,,,,,,
,,213,,,,,,,,,,
,,211,,,,,,,,,,
,,535,,,,,,,,,,
,,245,,,,,,,,,,
,,253,,,,,,,,,,
,,277,,,,,,,,,,
,,383,,,,,,,,,,
,,347,,,,,,,,,,
,,342,,,,,,,,,,
,,313,,,,,,,,,,
,,401,,,,,,,,,,
,,279,,,,,,,,,,
,,273,,,,,,,,,,
,,549,,,,,,,,,,
,,557,,,,,,,,,,
,,228,,,,,,,,,,
,,296,,,,,,,,,,
,,236,,,,,,,,,,
,,243,,,,,,,,,,
,,243,,,,,,,,,,
,,387,,,,,,,,,,
,,398,,,,,,,,,,
,,398,,,,,,,,,,
,,396,,,,,,,,,,
,,321,,,,,,,,,,
,,344,,,,,,,,,,
,,338,,,,,,,,,,
,,231,,,,,,,,,,
,,241,,,,,,,,,,
,,238,,,,,,,,,,
,,289,,,,,,,,,,
,,600,,,,,,,,,,
,,612,,,,,,,,,,
,,603,,,,,,,,,,
,,395,,,,,,,,,,
,,195,,,,,,,,,,
,,186,,,,,,,,,,
,,437,,,,,,,,,,
,,194,,,,,,,,,,
,,133,,,,,,,,,,
,,137,,,,,,,,,,
,,138,,,,,,,,,,
,,352,,,,,,,,,,
,,354,,,,,,,,,,
,,352,,,,,,,,,,
,,396,,,,,,,,,,
,,273,,,,,,,,,,
,,296,,,,,,,,,,
,,307,,,,,,,,,,
,,322,,,,,,,,,,
,,260,,,,,,,,,,
,,233,,,,,,,,,,
,,230,,,,,,,,,,
,,396,,,,,,,,,,
,,273,,,,,,,,,,
,,314,,,,,,,,,,
,,324,,,,,,,,,,
,,320,,,,,,,,,,
,,224,,,,,,,,,,
,,233,,,,,,,,,,
,,170,,,,,,,,,,
,,177,,,,,,,,,,
,,181,,,,,,,,,,
,,344,,,,,,,,,,
,,456,,,,,,,,,,
,,383,,,,,,,,,,
,,565,,,,,,,,,,
,,524,,,,,,,,,,
,,534,,,,,,,,,,
,,347,,,,,,,,,,
,,268,,,,,,,,,,
,,161,,,,,,,,,,
,,311,,,,,,,,,,
,,319,,,,,,,,,,
,,319,,,,,,,,,,
,,289,,,,,,,,,,
,,295,,,,,,,,,,
,,854,,,,,,,,,,
,,879,,,,,,,,,,
,,453,,,,,,,,,,
,,285,,,,,,,,,,
,,288,,,,,,,,,,
,,285,,,,,,,,,,
,,216,,,,,,,,,,
,,215,,,,,,,,,,
,,701,,,,,,,,,,
,,704,,,,,,,,,,
,,237,,,,,,,,,,
,,240,,,,,,,,,,
,,237,,,,,,,,,,
,,161,,,,,,,,,,
,,97,,,,,,,,,,
,,262,,,,,,,,,,
,,244,,,,,,,,,,
,,228,,,,,,,,,,
,,259,,,,,,,,,,
,,229,,,,,,,,,,
,,317,,,,,,,,,,
,,305,,,,,,,,,,
,,326,,,,,,,,,,
,,330,,,,,,,,,,
,,301,,,,,,,,,,
,,230,,,,,,,,,,
,,238,,,,,,,,,,
,,238,,,,,,,,,,
,,270,,,,,,,,,,
,,428,,,,,,,,,,
,,413,,,,,,,,,,
,,378,,,,,,,,,,
,,443,,,,,,,,,,
,,458,,,,,,,,,,
,,454,,,,,,,,,,
,,278,,,,,,,,,,
,,284,,,,,,,,,,
,,478,,,,,,,,,,
,,249,,,,,,,,,,
,,255,,,,,,,,,,
,,256,,,,,,,,,,
,,591,,,,,,,,,,
,,245,,,,,,,,,,
,,284,,,,,,,,,,
,,388,,,,,,,,,,
,,435,,,,,,,,,,
,,331,,,,,,,,,,
,,294,,,,,,,,,,
,,266,,,,,,,,,,
,,273,,,,,,,,,,
,,297,,,,,,,,,,
,,297,,,,,,,,,,
,,298,,,,,,,,,,
,,595,,,,,,,,,,
,,604,,,,,,,,,,
,,558,,,,,,,,,,
,,906,,,,,,,,,,
,,455,,,,,,,,,,
,,448,,,,,,,,,,
,,514,,,,,,,,,,
,,514,,,,,,,,,,
,,509,,,,,,,,,,
,,377,,,,,,,,,,
,,381,,,,,,,,,,
,,277,,,,,,,,,,
,,249,,,,,,,,,,
,,249,,,,,,,,,,
,,324,,,,,,,,,,
,,324,,,,,,,,,,
,,281,,,,,,,,,,
,,624,,,,,,,,,,
,,636,,,,,,,,,,
,,622,,,,,,,,,,
,,190,,,,,,,,,,
,,303,,,,,,,,,,
,,606,,,,,,,,,,
,,612,,,,,,,,,,
,,615,,,,,,,,,,
,,519,,,,,,,,,,
,,503,,,,,,,,,,
,,460,,,,,,,,,,
,,48,,,,,,,,,,
,,323,,,,,,,,,,
,,322,,,,,,,,,,
,,323,,,,,,,,,,
,,466,,,,,,,,,,
,,479,,,,,,,,,,
,,470,,,,,,,,,,
,,190,,,,,,,,,,
,,195,,,,,,,,,,
,,311,,,,,,,,,,
,,314,,,,,,,,,,
,,180,,,,,,,,,,
,,183,,,,,,,,,,
,,394,,,,,,,,,,
,,399,,,,,,,,,,
,,393,,,,,,,,,,
,,287,,,,,,,,,,
,,272,,,,,,,,,,
,,270,,,,,,,,,,
,,376,,,,,,,,,,
,,346,,,,,,,,,,
,,345,,,,,,,,,,
,,345,,,,,,,,,,
,,224,,,,,,,,,,
,,241,,,,,,,,,,
,,302,,,,,,,,,,
,,299,,,,,,,,,,
,,430,,,,,,,,,,
,,336,,,,,,,,,,
,,650,,,,,,,,,,
,,110,,,,,,,,,,
,,245,,,,,,,,,,
,,376,,,,,,,,,,
,,252,,,,,,,,,,
,,236,,,,,,,,,,
,,260,,,,,,,,,,
,,264,,,,,,,,,,
,,271,,,,,,,,,,
,,661,,,,,,,,,,
,,661,,,,,,,,,,
,,658,,,,,,,,,,
,,217,,,,,,,,,,
,,709,,,,,,,,,,
,,709,,,,,,,,,,
,,708,,,,,,,,,,
,,331,,,,,,,,,,
,,300,,,,,,,,,,
,,297,,,,,,,,,,
,,311,,,,,,,,,,
,,316,,,,,,,,,,
,,311,,,,,,,,,,
,,308,,,,,,,,,,
,,325,,,,,,,,,,
,,559,,,,,,,,,,
,,582,,,,,,,,,,
,,290,,,,,,,,,,
,,263,,,,,,,,,,
,,234,,,,,,,,,,
,,254,,,,,,,,,,
,,227,,,,,,,,,,
,,426,,,,,,,,,,
,,285,,,,,,,,,,
,,259,,,,,,,,,,
,,458,,,,,,,,,,
,,307,,,,,,,,,,
,,294,,,,,,,,,,
,,302,,,,,,,,,,
,,295,,,,,,,,,,
,,295,,,,,,,,,,
,,370,,,,,,,,,,
,,383,,,,,,,,,,
,,383,,,,,,,,,,
,,271,,,,,,,,,,
,,586,,,,,,,,,,
,,276,,,,,,,,,,
,,275,,,,,,,,,,
,,370,,,,,,,,,,
,,372,,,,,,,,,,
,,272,,,,,,,,,,
,,278,,,,,,,,,,
,,271,,,,,,,,,,
,,593,,,,,,,,,,
,,602,,,,,,,,,,
,,593,,,,,,,,,,
,,575,,,,,,,,,,
,,211,,,,,,,,,,
,,237,,,,,,,,,,
,,241,,,,,,,,,,
,,242,,,,,,,,,,
,,400,,,,,,,,,,
,,404,,,,,,,,,,
,,282,,,,,,,,,,
,,291,,,,,,,,,,
,,312,,,,,,,,,,
,,322,,,,,,,,,,
,,319,,,,,,,,,,
,,368,,,,,,,,,,
,,363,,,,,,,,,,
,,259,,,,,,,,,,
,,251,,,,,,,,,,
,,270,,,,,,,,,,
,,247,,,,,,,,,,
,,250,,,,,,,,,,
,,251,,,,,,,,,,
,,197,,,,,,,,,,
,,201,,,,,,,,,,
,,206,,,,,,,,,,
,,206,,,,,,,,,,
,,335,,,,,,,,,,
,,294,,,,,,,,,,
,,300,,,,,,,,,,
,,298,,,,,,,,,,
,,377,,,,,,,,,,
,,736,,,,,,,,,,
,,729,,,,,,,,,,
,,210,,,,,,,,,,
,,213,,,,,,,,,,
,,211,,,,,,,,,,
,,218,,,,,,,,,,
,,218,,,,,,,,,,
,,325,,,,,,,,,,
,,333,,,,,,,,,,
,,330,,,,,,,,,,
,,224,,,,,,,,,,
,,231,,,,,,,,,,
,,231,,,,,,,,,,
,,131,,,,,,,,,,
,,247,,,,,,,,,,
,,370,,,,,,,,,,
,,231,,,,,,,,,,
,,233,,,,,,,,,,
,,233,,,,,,,,,,
,,323,,,,,,,,,,
,,327,,,,,,,,,,
,,384,,,,,,,,,,
,,390,,,,,,,,,,
,,538,,,,,,,,,,
,,552,,,,,,,,,,
,,555,,,,,,,,,,
,,298,,,,,,,,,,
,,308,,,,,,,,,,
,,310,,,,,,,,,,
,,411,,,,,,,,,,
,,411,,,,,,,,,,
,,338,,,,,,,,,,
,,427,,,,,,,,,,
,,228,,,,,,,,,,
,,257,,,,,,,,,,
,,265,,,,,,,,,,
,,378,,,,,,,,,,
,,276,,,,,,,,,,
,,273,,,,,,,,,,
,,268,,,,,,,,,,
,,269,,,,,,,,,,
,,275,,,,,,,,,,
,,277,,,,,,,,,,
,,319,,,,,,,,,,
,,318,,,,,,,,,,
,,299,,,,,,,,,,
,,319,,,,,,,,,,
,,343,,,,,,,,,,
,,311,,,,,,,,,,
,,272,,,,,,,,,,
,,363,,,,,,,,,,
,,714,,,,,,,,,,
,,714,,,,,,,,,,
,,707,,,,,,,,,,
,,390,,,,,,,,,,
,,390,,,,,,,,,,
,,362,,,,,,,,,,
,,193,,,,,,,,,,
,,152,,,,,,,,,,
,,156,,,,,,,,,,
,,156,,,,,,,,,,
,,354,,,,,,,,,,
,,354,,,,,,,,,,
,,265,,,,,,,,,,
,,300,,,,,,,,,,
,,306,,,,,,,,,,
,,303,,,,,,,,,,
,,870,,,,,,,,,,
,,190,,,,,,,,,,
,,354,,,,,,,,,,
,,239,,,,,,,,,,
,,243,,,,,,,,,,
,,242,,,,,,,,,,
,,425,,,,,,,,,,
,,442,,,,,,,,,,
,,259,,,,,,,,,,
,,322,,,,,,,,,,
,,316,,,,,,,,,,
,,309,,,,,,,,,,
,,279,,,,,,,,,,
,,279,,,,,,,,,,
,,277,,,,,,,,,,
,,178,,,,,,,,,,
,,258,,,,,,,,,,
,,255,,,,,,,,,,
,,253,,,,,,,,,,
,,261,,,,,,,,,,
,,335,,,,,,,,,,
,,336,,,,,,,,,,
,,338,,,,,,,,,,
,,294,,,,,,,,,,
,,360,,,,,,,,,,
,,400,,,,,,,,,,
,,253,,,,,,,,,,
,,240,,,,,,,,,,
,,229,,,,,,,,,,
,,225,,,,,,,,,,
,,209,,,,,,,,,,
,,200,,,,,,,,,,
,,300,,,,,,,,,,
,,305,,,,,,,,,,
,,305,,,,,,,,,,
,,355,,,,,,,,,,
,,263,,,,,,,,,,
,,374,,,,,,,,,,
,,346,,,,,,,,,,
,,352,,,,,,,,,,
,,262,,,,,,,,,,
,,287,,,,,,,,,,
,,305,,,,,,,,,,
,,311,,,,,,,,,,
,,306,,,,,,,,,,
,,459,,,,,,,,,,
,,466,,,,,,,,,,
,,468,,,,,,,,,,
,,107,,,,,,,,,,
,,233,,,,,,,,,,
,,237,,,,,,,,,,
,,311,,,,,,,,,,
,,313,,,,,,,,,,
,,311,,,,,,,,,,
,,326,,,,,,,,,,
,,221,,,,,,,,,,
,,271,,,,,,,,,,
,,495,,,,,,,,,,
,,512,,,,,,,,,,
,,199,,,,,,,,,,
,,286,,,,,,,,,,
,,286,,,,,,,,,,
,,286,,,,,,,,,,
,,228,,,,,,,,,,
,,236,,,,,,,,,,
,,237,,,,,,,,,,
,,291,,,,,,,,,,
,,206,,,,,,,,,,
,,206,,,,,,,,,,
,,337,,,,,,,,,,
,,505,,,,,,,,,,
,,510,,,,,,,,,,
,,500,,,,,,,,,,
,,271,,,,,,,,,,
,,301,,,,,,,,,,
,,307,,,,,,,,,,
,,281,,,,,,,,,,
,,239,,,,,,,,,,
,,240,,,,,,,,,,
,,230,,,,,,,,,,
,,207,,,,,,,,,,
,,255,,,,,,,,,,
,,261,,,,,,,,,,
,,259,,,,,,,,,,
,,333,,,,,,,,,,
,,333,,,,,,,,,,
,,333,,,,,,,,,,
,,199,,,,,,,,,,
,,222,,,,,,,,,,
,,226,,,,,,,,,,
,,245,,,,,,,,,,
,,260,,,,,,,,,,
,,261,,,,,,,,,,
,,211,,,,,,,,,,
,,218,,,,,,,,,,
,,217,,,,,,,,,,
,,218,,,,,,,,,,
,,208,,,,,,,,,,
,,198,,,,,,,,,,
,,381,,,,,,,,,,
,,431,,,,,,,,,,
,,398,,,,,,,,,,
,,301,,,,,,,,,,
,,304,,,,,,,,,,
,,304,,,,,,,,,,
,,269,,,,,,,,,,
,,270,,,,,,,,,,
,,278,,,,,,,,,,
,,287,,,,,,,,,,
,,406,,,,,,,,,,
,,408,,,,,,,,,,
,,334,,,,,,,,,,
,,444,,,,,,,,,,
,,448,,,,,,,,,,
,,448,,,,,,,,,,
,,221,,,,,,,,,,
,,353,,,,,,,,,,
,,280,,,,,,,,,,
,,280,,,,,,,,,,
,,282,,,,,,,,,,
,,283,,,,,,,,,,
,,292,,,,,,,,,,
,,293,,,,,,,,,,
,,324,,,,,,,,,,
,,302,,,,,,,,,,
,,302,,,,,,,,,,
,,559,,,,,,,,,,
,,573,,,,,,,,,,
,,559,,,,,,,,,,
,,814,,,,,,,,,,
,,214,,,,,,,,,,
,,337,,,,,,,,,,
,,355,,,,,,,,,,
,,292,,,,,,,,,,
,,299,,,,,,,,,,
,,235,,,,,,,,,,
,,241,,,,,,,,,,
,,241,,,,,,,,,,
,,216,,,,,,,,,,
,,135,,,,,,,,,,
,,214,,,,,,,,,,
,,417,,,,,,,,,,
,,427,,,,,,,,,,
,,304,,,,,,,,,,
,,311,,,,,,,,,,
,,308,,,,,,,,,,
,,197,,,,,,,,,,
,,201,,,,,,,,,,
,,354,,,,,,,,,,
,,400,,,,,,,,,,
,,251,,,,,,,,,,
,,255,,,,,,,,,,
,,252,,,,,,,,,,
,,225,,,,,,,,,,
,,219,,,,,,,,,,
,,208,,,,,,,,,,
,,271,,,,,,,,,,
,,353,,,,,,,,,,
,,471,,,,,,,,,,
,,762,,,,,,,,,,
,,830,,,,,,,,,,
,,830,,,,,,,,,,
,,888,,,,,,,,,,
,,328,,,,,,,,,,
,,311,,,,,,,,,,
,,308,,,,,,,,,,
,,366,,,,,,,,,,
,,300,,,,,,,,,,
,,217,,,,,,,,,,
,,218,,,,,,,,,,
,,393,,,,,,,,,,
,,393,,,,,,,,,,
,,365,,,,,,,,,,
,,328,,,,,,,,,,
,,328,,,,,,,,,,
,,330,,,,,,,,,,
,,269,,,,,,,,,,
,,265,,,,,,,,,,
,,194,,,,,,,,,,
,,315,,,,,,,,,,
,,307,,,,,,,,,,
,,225,,,,,,,,,,
,,185,,,,,,,,,,
,,359,,,,,,,,,,
,,262,,,,,,,,,,
,,249,,,,,,,,,,
,,368,,,,,,,,,,
,,430,,,,,,,,,,
,,754,,,,,,,,,,
,,225,,,,,,,,,,
,,239,,,,,,,,,,
,,237,,,,,,,,,,
,,242,,,,,,,,,,
,,354,,,,,,,,,,
,,168,,,,,,,,,,
,,506,,,,,,,,,,
,,184,,,,,,,,,,
,,189,,,,,,,,,,
,,216,,,,,,,,,,
,,258,,,,,,,,,,
,,247,,,,,,,,,,
,,243,,,,,,,,,,
,,217,,,,,,,,,,
,,214,,,,,,,,,,
,,351,,,,,,,,,,
,,354,,,,,,,,,,
,,444,,,,,,,,,,
,,568,,,,,,,,,,
,,562,,,,,,,,,,
,,225,,,,,,,,,,
,,271,,,,,,,,,,
,,384,,,,,,,,,,
,,286,,,,,,,,,,
,,137,,,,,,,,,,
,,220,,,,,,,,,,
,,232,,,,,,,,,,
,,239,,,,,,,,,,
,,236,,,,,,,,,,
,,488,,,,,,,,,,
,,507,,,,,,,,,,
,,545,,,,,,,,,,
,,902,,,,,,,,,,
,,895,,,,,,,,,,
,,305,,,,,,,,,,
,,316,,,,,,,,,,
,,318,,,,,,,,,,
,,339,,,,,,,,,,
,,341,,,,,,,,,,
,,247,,,,,,,,,,
,,339,,,,,,,,,,
,,231,,,,,,,,,,
,,567,,,,,,,,,,
,,571,,,,,,,,,,
,,688,,,,,,,,,,
,,262,,,,,,,,,,
,,228,,,,,,,,,,
,,233,,,,,,,,,,
,,234,,,,,,,,,,
,,225,,,,,,,,,,
,,231,,,,,,,,,,
,,231,,,,,,,,,,
,,233,,,,,,,,,,
,,203,,,,,,,,,,
,,305,,,,,,,,,,
,,390,,,,,,,,,,
,,314,,,,,,,,,,
,,293,,,,,,,,,,
,,305,,,,,,,,,,
,,302,,,,,,,,,,
,,298,,,,,,,,,,
,,260,,,,,,,,,,
,,268,,,,,,,,,,
,,277,,,,,,,,,,
,,258,,,,,,,,,,
,,310,,,,,,,,,,
,,313,,,,,,,,,,
,,318,,,,,,,,,,
,,553,,,,,,,,,,
,,592,,,,,,,,,,
,,657,,,,,,,,,,
,,217,,,,,,,,,,
,,226,,,,,,,,,,
,,226,,,,,,,,,,
,,287,,,,,,,,,,
,,297,,,,,,,,,,
,,779,,,,,,,,,,
,,805,,,,,,,,,,
,,833,,,,,,,,,,
,,157,,,,,,,,,,
,,214,,,,,,,,,,
,,213,,,,,,,,,,
,,204,,,,,,,,,,
,,193,,,,,,,,,,
,,351,,,,,,,,,,
,,289,,,,,,,,,,
,,293,,,,,,,,,,
,,903,,,,,,,,,,
,,917,,,,,,,,,,
,,398,,,,,,,,,,
,,260,,,,,,,,,,
,,260,,,,,,,,,,
,,257,,,,,,,,,,
,,211,,,,,,,,,,
,,227,,,,,,,,,,
,,247,,,,,,,,,,
,,303,,,,,,,,,,
,,312,,,,,,,,,,
,,307,,,,,,,,,,
,,278,,,,,,,,,,
,,278,,,,,,,,,,
,,296,,,,,,,,,,
,,332,,,,,,,,,,
,,446,,,,,,,,,,
,,448,,,,,,,,,,
,,448,,,,,,,,,,
,,440,,,,,,,,,,
,,195,,,,,,,,,,
,,484,,,,,,,,,,
,,565,,,,,,,,,,
,,581,,,,,,,,,,
,,383,,,,,,,,,,
,,385,,,,,,,,,,
,,379,,,,,,,,,,
,,296,,,,,,,,,,
,,296,,,,,,,,,,
,,295,,,,,,,,,,
,,264,,,,,,,,,,
,,268,,,,,,,,,,
,,257,,,,,,,,,,
,,225,,,,,,,,,,
,,229,,,,,,,,,,
,,255,,,,,,,,,,
,,251,,,,,,,,,,
,,241,,,,,,,,,,
,,391,,,,,,,,,,
,,397,,,,,,,,,,
,,295,,,,,,,,,,
,,306,,,,,,,,,,
,,311,,,,,,,,,,
,,318,,,,,,,,,,
,,260,,,,,,,,,,
,,262,,,,,,,,,,
,,259,,,,,,,,,,
,,266,,,,,,,,,,
,,259,,,,,,,,,,
,,267,,,,,,,,,,
,,453,,,,,,,,,,
,,465,,,,,,,,,,
,,465,,,,,,,,,,
,,467,,,,,,,,,,
,,338,,,,,,,,,,
,,229,,,,,,,,,,
,,241,,,,,,,,,,
,,241,,,,,,,,,,
,,257,,,,,,,,,,
,,264,,,,,,,,,,
,,261,,,,,,,,,,
,,269,,,,,,,,,,
,,272,,,,,,,,,,
,,272,,,,,,,,,,
,,269,,,,,,,,,,
,,270,,,,,,,,,,
,,420,,,,,,,,,,
,,447,,,,,,,,,,
,,856,,,,,,,,,,
,,975,,,,,,,,,,
,,965,,,,,,,,,,
,,248,,,,,,,,,,
,,253,,,,,,,,,,
,,185,,,,,,,,,,
,,246,,,,,,,,,,
,,284,,,,,,,,,,
,,241,,,,,,,,,,
,,250,,,,,,,,,,
,,247,,,,,,,,,,
,,203,,,,,,,,,,
,,524,,,,,,,,,,
,,529,,,,,,,,,,
,,252,,,,,,,,,,
,,258,,,,,,,,,,
,,200,,,,,,,,,,
,,484,,,,,,,,,,
,,366,,,,,,,,,,
,,366,,,,,,,,,,
,,526,,,,,,,,,,
,,534,,,,,,,,,,
,,524,,,,,,,,,,
,,537,,,,,,,,,,
,,533,,,,,,,,,,
,,544,,,,,,,,,,
,,300,,,,,,,,,,
,,278,,,,,,,,,,
,,289,,,,,,,,,,
,,222,,,,,,,,,,
,,219,,,,,,,,,,
,,207,,,,,,,,,,
,,251,,,,,,,,,,
,,259,,,,,,,,,,
,,260,,,,,,,,,,
,,219,,,,,,,,,,
,,227,,,,,,,,,,
,,232,,,,,,,,,,
,,366,,,,,,,,,,
,,321,,,,,,,,,,
,,323,,,,,,,,,,
,,305,,,,,,,,,,
,,288,,,,,,,,,,
,,292,,,,,,,,,,
,,289,,,,,,,,,,
,,327,,,,,,,,,,
,,348,,,,,,,,,,
,,183,,,,,,,,,,
,,417,,,,,,,,,,
,,346,,,,,,,,,,
,,347,,,,,,,,,,
,,213,,,,,,,,,,
,,277,,,,,,,,,,
,,245,,,,,,,,,,
,,159,,,,,,,,,,
,,254,,,,,,,,,,
,,255,,,,,,,,,,
,,250,,,,,,,,,,
,,257,,,,,,,,,,
,,247,,,,,,,,,,
,,245,,,,,,,,,,
,,430,,,,,,,,,,
,,441,,,,,,,,,,
,,434,,,,,,,,,,
,,246,,,,,,,,,,
,,246,,,,,,,,,,
,,250,,,,,,,,,,
,,238,,,,,,,,,,
,,246,,,,,,,,,,
,,246,,,,,,,,,,
,,247,,,,,,,,,,
,,332,,,,,,,,,,
,,2110,,,,,,,,,,
,,265,,,,,,,,,,
,,230,,,,,,,,,,
,,290,,,,,,,,,,
,,294,,,,,,,,,,
,,338,,,,,,,,,,
,,335,,,,,,,,,,
,,224,,,,,,,,,,
,,454,,,,,,,,,,
,,445,,,,,,,,,,
,,438,,,,,,,,,,
,,450,,,,,,,,,,
,,344,,,,,,,,,,
,,328,,,,,,,,,,
,,332,,,,,,,,,,
,,327,,,,,,,,,,
,,238,,,,,,,,,,
,,238,,,,,,,,,,
,,458,,,,,,,,,,
,,290,,,,,,,,,,
,,299,,,,,,,,,,
,,295,,,,,,,,,,
,,256,,,,,,,,,,
,,257,,,,,,,,,,
,,258,,,,,,,,,,
,,236,,,,,,,,,,
,,243,,,,,,,,,,
,,284,,,,,,,,,,
,,280,,,,,,,,,,
,,277,,,,,,,,,,
,,365,,,,,,,,,,
,,354,,,,,,,,,,
,,351,,,,,,,,,,
,,262,,,,,,,,,,
,,271,,,,,,,,,,
,,272,,,,,,,,,,
,,209,,,,,,,,,,
,,215,,,,,,,,,,
,,220,,,,,,,,,,
,,245,,,,,,,,,,
,,250,,,,,,,,,,
,,327,,,,,,,,,,
,,330,,,,,,,,,,
,,327,,,,,,,,,,
,,290,,,,,,,,,,
,,290,,,,,,,,,,
,,234,,,,,,,,,,
,,229,,,,,,,,,,
,,206,,,,,,,,,,
,,246,,,,,,,,,,
,,234,,,,,,,,,,
,,242,,,,,,,,,,
,,230,,,,,,,,,,
,,222,,,,,,,,,,
,,195,,,,,,,,,,
,,278,,,,,,,,,,
,,288,,,,,,,,,,
,,275,,,,,,,,,,
,,236,,,,,,,,,,
,,240,,,,,,,,,,
,,537,,,,,,,,,,
,,1122,,,,,,,,,,
,,808,,,,,,,,,,
,,249,,,,,,,,,,
,,257,,,,,,,,,,
,,486,,,,,,,,,,
,,486,,,,,,,,,,
,,421,,,,,,,,,,
,,266,,,,,,,,,,
,,419,,,,,,,,,,
,,448,,,,,,,,,,
,,529,,,,,,,,,,
,,579,,,,,,,,,,
,,571,,,,,,,,,,
,,134,,,,,,,,,,
,,218,,,,,,,,,,
,,611,,,,,,,,,,
,,344,,,,,,,,,,
,,358,,,,,,,,,,
,,417,,,,,,,,,,
,,442,,,,,,,,,,
,,479,,,,,,,,,,
,,468,,,,,,,,,,
,,224,,,,,,,,,,
,,250,,,,,,,,,,
,,243,,,,,,,,,,
,,249,,,,,,,,,,
,,250,,,,,,,,,,
,,389,,,,,,,,,,
,,389,,,,,,,,,,
,,383,,,,,,,,,,
,,338,,,,,,,,,,
,,273,,,,,,,,,,
,,276,,,,,,,,,,
,,277,,,,,,,,,,
,,292,,,,,,,,,,
,,293,,,,,,,,,,
,,375,,,,,,,,,,
,,256,,,,,,,,,,
,,338,,,,,,,,,,
,,241,,,,,,,,,,
,,246,,,,,,,,,,
,,292,,,,,,,,,,
,,292,,,,,,,,,,
,,286,,,,,,,,,,
,,285,,,,,,,,,,
,,271,,,,,,,,,,
,,268,,,,,,,,,,
,,227,,,,,,,,,,
,,231,,,,,,,,,,
,,339,,,,,,,,,,
,,301,,,,,,,,,,
,,282,,,,,,,,,,
,,291,,,,,,,,,,
,,241,,,,,,,,,,
,,224,,,,,,,,,,
,,224,,,,,,,,,,
,,575,,,,,,,,,,
,,577,,,,,,,,,,
,,387,,,,,,,,,,
,,447,,,,,,,,,,
,,618,,,,,,,,,,
,,361,,,,,,,,,,
,,388,,,,,,,,,,
,,340,,,,,,,,,,
,,345,,,,,,,,,,
,,343,,,,,,,,,,
,,91,,,,,,,,,,
,,227,,,,,,,,,,
,,399,,,,,,,,,,
,,415,,,,,,,,,,
,,231,,,,,,,,,,
,,236,,,,,,,,,,
,,224,,,,,,,,,,
,,229,,,,,,,,,,
,,301,,,,,,,,,,
,,187,,,,,,,,,,
,,185,,,,,,,,,,
,,167,,,,,,,,,,
,,249,,,,,,,,,,
,,259,,,,,,,,,,
,,260,,,,,,,,,,
,,330,,,,,,,,,,
,,241,,,,,,,,,,
,,248,,,,,,,,,,
,,313,,,,,,,,,,
,,313,,,,,,,,,,
,,338,,,,,,,,,,
,,232,,,,,,,,,,
,,232,,,,,,,,,,
,,233,,,,,,,,,,
,,461,,,,,,,,,,
,,462,,,,,,,,,,
,,457,,,,,,,,,,
,,353,,,,,,,,,,
,,310,,,,,,,,,,
,,292,,,,,,,,,,
,,288,,,,,,,,,,
,,285,,,,,,,,,,
,,676,,,,,,,,,,
,,700,,,,,,,,,,
,,704,,,,,,,,,,
,,250,,,,,,,,,,
,,258,,,,,,,,,,
,,254,,,,,,,,,,
,,371,,,,,,,,,,
,,343,,,,,,,,,,
,,338,,,,,,,,,,
,,885,,,,,,,,,,
,,898,,,,,,,,,,
,,880,,,,,,,,,,
,,331,,,,,,,,,,
,,508,,,,,,,,,,
,,331,,,,,,,,,,
,,525,,,,,,,,,,
,,298,,,,,,,,,,
,,344,,,,,,,,,,
,,628,,,,,,,,,,
,,272,,,,,,,,,,
,,272,,,,,,,,,,
,,274,,,,,,,,,,
,,289,,,,,,,,,,
,,295,,,,,,,,,,
,,278,,,,,,,,,,
,,267,,,,,,,,,,
,,268,,,,,,,,,,
,,341,,,,,,,,,,
,,363,,,,,,,,,,
,,435,,,,,,,,,,
,,340,,,,,,,,,,
,,340,,,,,,,,,,
,,267,,,,,,,,,,
,,254,,,,,,,,,,
,,251,,,,,,,,,,
,,234,,,,,,,,,,
,,241,,,,,,,,,,
,,242,,,,,,,,,,
,,345,,,,,,,,,,
,,368,,,,,,,,,,
,,279,,,,,,,,,,
,,287,,,,,,,,,,
,,447,,,,,,,,,,
,,489,,,,,,,,,,
,,492,,,,,,,,,,
,,143,,,,,,,,,,
,,245,,,,,,,,,,
,,246,,,,,,,,,,
,,365,,,,,,,,,,
,,358,,,,,,,,,,
,,353,,,,,,,,,,
,,218,,,,,,,,,,
,,230,,,,,,,,,,
,,278,,,,,,,,,,
,,254,,,,,,,,,,
,,255,,,,,,,,,,
,,234,,,,,,,,,,
,,241,,,,,,,,,,
,,201,,,,,,,,,,
,,201,,,,,,,,,,
,,360,,,,,,,,,,
,,338,,,,,,,,,,
,,333,,,,,,,,,,
,,330,,,,,,,,,,
,,244,,,,,,,,,,
,,299,,,,,,,,,,
,,326,,,,,,,,,,
,,245,,,,,,,,,,
,,246,,,,,,,,,,
,,250,,,,,,,,,,
,,116,,,,,,,,,,
,,339,,,,,,,,,,
,,337,,,,,,,,,,
,,335,,,,,,,,,,
,,267,,,,,,,,,,
,,276,,,,,,,,,,
,,273,,,,,,,,,,
,,272,,,,,,,,,,
,,278,,,,,,,,,,
,,276,,,,,,,,,,
,,298,,,,,,,,,,
,,302,,,,,,,,,,
,,311,,,,,,,,,,
,,307,,,,,,,,,,
,,567,,,,,,,,,,
,,538,,,,,,,,,,
,,533,,,,,,,,,,
,,331,,,,,,,,,,
,,349,,,,,,,,,,
,,316,,,,,,,,,,
,,293,,,,,,,,,,
,,265,,,,,,,,,,
,,242,,,,,,,,,,
,,248,,,,,,,,,,
,,307,,,,,,,,,,
,,391,,,,,,,,,,
,,391,,,,,,,,,,
,,738,,,,,,,,,,
,,664,,,,,,,,,,
,,383,,,,,,,,,,
,,268,,,,,,,,,,
,,229,,,,,,,,,,
,,354,,,,,,,,,,
,,355,,,,,,,,,,
,,350,,,,,,,,,,
,,77,,,,,,,,,,
,,244,,,,,,,,,,
,,246,,,,,,,,,,
,,369,,,,,,,,,,
,,376,,,,,,,,,,
,,471,,,,,,,,,,
,,471,,,,,,,,,,
,,473,,,,,,,,,,
,,192,,,,,,,,,,
,,198,,,,,,,,,,
,,85,,,,,,,,,,
,,436,,,,,,,,,,
,,439,,,,,,,,,,
,,341,,,,,,,,,,
,,351,,,,,,,,,,
,,348,,,,,,,,,,
,,412,,,,,,,,,,
,,441,,,,,,,,,,
,,316,,,,,,,,,,
,,313,,,,,,,,,,
,,211,,,,,,,,,,
,,262,,,,,,,,,,
,,239,,,,,,,,,,
,,291,,,,,,,,,,
,,297,,,,,,,,,,
,,298,,,,,,,,,,
,,245,,,,,,,,,,
,,264,,,,,,,,,,
,,256,,,,,,,,,,
,,264,,,,,,,,,,
,,387,,,,,,,,,,
,,443,,,,,,,,,,
,,437,,,,,,,,,,
,,258,,,,,,,,,,
,,279,,,,,,,,,,
,,282,,,,,,,,,,
,,459,,,,,,,,,,
,,475,,,,,,,,,,
,,380,,,,,,,,,,
,,449,,,,,,,,,,
,,442,,,,,,,,,,
,,241,,,,,,,,,,
,,242,,,,,,,,,,
,,268,,,,,,,,,,
,,273,,,,,,,,,,
,,270,,,,,,,,,,
,,225,,,,,,,,,,
,,369,,,,,,,,,,
,,312,,,,,,,,,,
,,339,,,,,,,,,,
,,266,,,,,,,,,,
,,269,,,,,,,,,,
,,270,,,,,,,,,,
,,444,,,,,,,,,,
,,345,,,,,,,,,,
,,347,,,,,,,,,,
,,347,,,,,,,,,,
,,803,,,,,,,,,,
,,264,,,,,,,,,,
,,295,,,,,,,,,,
,,300,,,,,,,,,,
,,296,,,,,,,,,,
,,481,,,,,,,,,,
,,534,,,,,,,,,,
,,246,,,,,,,,,,
,,249,,,,,,,,,,
,,249,,,,,,,,,,
,,242,,,,,,,,,,
,,247,,,,,,,,,,
,,210,,,,,,,,,,
,,211,,,,,,,,,,
,,218,,,,,,,,,,
,,216,,,,,,,,,,
,,228,,,,,,,,,,
,,234,,,,,,,,,,
,,273,,,,,,,,,,
,,283,,,,,,,,,,
,,280,,,,,,,,,,
,,241,,,,,,,,,,
,,248,,,,,,,,,,
,,248,,,,,,,,,,
,,257,,,,,,,,,,
,,258,,,,,,,,,,
,,263,,,,,,,,,,
,,264,,,,,,,,,,
,,268,,,,,,,,,,
,,401,,,,,,,,,,
,,273,,,,,,,,,,
,,283,,,,,,,,,,
,,280,,,,,,,,,,
,,145,,,,,,,,,,
,,232,,,,,,,,,,
,,733,,,,,,,,,,
,,748,,,,,,,,,,
,,737,,,,,,,,,,
,,257,,,,,,,,,,
,,259,,,,,,,,,,
,,268,,,,,,,,,,
,,231,,,,,,,,,,
,,199,,,,,,,,,,
,,252,,,,,,,,,,
,,271,,,,,,,,,,
,,292,,,,,,,,,,
,,245,,,,,,,,,,
,,235,,,,,,,,,,
,,241,,,,,,,,,,
,,249,,,,,,,,,,
,,249,,,,,,,,,,
,,250,,,,,,,,,,
,,418,,,,,,,,,,
,,430,,,,,,,,,,
,,452,,,,,,,,,,
,,215,,,,,,,,,,
,,221,,,,,,,,,,
,,221,,,,,,,,,,
,,219,,,,,,,,,,
,,216,,,,,,,,,,
,,219,,,,,,,,,,
,,212,,,,,,,,,,
,,180,,,,,,,,,,
,,181,,,,,,,,,,
,,258,,,,,,,,,,
,,210,,,,,,,,,,
,,219,,,,,,,,,,
,,220,,,,,,,,,,
,,243,,,,,,,,,,
,,243,,,,,,,,,,
,,244,,,,,,,,,,
,,382,,,,,,,,,,
,,277,,,,,,,,,,
,,216,,,,,,,,,,
,,527,,,,,,,,,,
,,532,,,,,,,,,,
,,275,,,,,,,,,,
,,277,,,,,,,,,,
,,274,,,,,,,,,,
,,226,,,,,,,,,,
,,228,,,,,,,,,,
,,228,,,,,,,,,,
,,430,,,,,,,,,,
,,422,,,,,,,,,,
,,416,,,,,,,,,,
,,255,,,,,,,,,,
,,256,,,,,,,,,,
,,253,,,,,,,,,,
,,237,,,,,,,,,,
,,230,,,,,,,,,,
,,203,,,,,,,,,,
,,90,,,,,,,,,,
,,310,,,,,,,,,,
,,307,,,,,,,,,,
,,245,,,,,,,,,,
,,245,,,,,,,,,,
,,248,,,,,,,,,,
,,230,,,,,,,,,,
,,221,,,,,,,,,,
,,220,,,,,,,,,,
,,219,,,,,,,,,,
,,214,,,,,,,,,,
,,241,,,,,,,,,,
,,229,,,,,,,,,,
,,222,,,,,,,,,,
,,306,,,,,,,,,,
,,314,,,,,,,,,,
,,311,,,,,,,,,,
,,234,,,,,,,,,,
,,345,,,,,,,,,,
,,342,,,,,,,,,,
,,375,,,,,,,,,,
,,347,,,,,,,,,,
,,343,,,,,,,,,,
,,404,,,,,,,,,,
,,374,,,,,,,,,,
,,368,,,,,,,,,,
,,350,,,,,,,,,,
,,229,,,,,,,,,,
,,127,,,,,,,,,,
,,238,,,,,,,,,,
,,168,,,,,,,,,,
,,246,,,,,,,,,,
,,235,,,,,,,,,,
,,278,,,,,,,,,,
,,285,,,,,,,,,,
,,285,,,,,,,,,,
,,329,,,,,,,,,,
,,330,,,,,,,,,,
,,333,,,,,,,,,,
,,352,,,,,,,,,,
,,273,,,,,,,,,,
,,280,,,,,,,,,,
,,270,,,,,,,,,,
,,267,,,,,,,,,,
,,228,,,,,,,,,,
,,225,,,,,,,,,,
,,271,,,,,,,,,,
,,217,,,,,,,,,,
,,217,,,,,,,,,,
,,218,,,,,,,,,,
,,245,,,,,,,,,,
,,266,,,,,,,,,,
,,261,,,,,,,,,,
,,366,,,,,,,,,,
,,402,,,,,,,,,,
,,404,,,,,,,,,,
,,207,,,,,,,,,,
,,201,,,,,,,,,,
,,272,,,,,,,,,,
,,272,,,,,,,,,,
,,273,,,,,,,,,,
,,267,,,,,,,,,,
,,274,,,,,,,,,,
,,224,,,,,,,,,,
,,225,,,,,,,,,,
,,251,,,,,,,,,,
,,245,,,,,,,,,,
,,242,,,,,,,,,,
,,249,,,,,,,,,,
,,251,,,,,,,,,,
,,247,,,,,,,,,,
,,245,,,,,,,,,,
,,267,,,,,,,,,,
,,273,,,,,,,,,,
,,269,,,,,,,,,,
,,316,,,,,,,,,,
,,338,,,,,,,,,,
,,602,,,,,,,,,,
,,626,,,,,,,,,,
,,603,,,,,,,,,,
,,272,,,,,,,,,,
,,272,,,,,,,,,,
,,272,,,,,,,,,,
,,372,,,,,,,,,,
,,377,,,,,,,,,,
,,198,,,,,,,,,,
,,323,,,,,,,,,,
,,316,,,,,,,,,,
,,294,,,,,,,,,,
,,318,,,,,,,,,,
,,271,,,,,,,,,,
,,280,,,,,,,,,,
,,251,,,,,,,,,,
,,291,,,,,,,,,,
,,294,,,,,,,,,,
,,295,,,,,,,,,,
,,451,,,,,,,,,,
,,451,,,,,,,,,,
,,316,,,,,,,,,,
,,321,,,,,,,,,,
,,601,,,,,,,,,,
,,268,,,,,,,,,,
,,265,,,,,,,,,,
,,262,,,,,,,,,,
,,349,,,,,,,,,,
,,345,,,,,,,,,,
,,340,,,,,,,,,,
,,297,,,,,,,,,,
,,297,,,,,,,,,,
,,274,,,,,,,,,,
,,225,,,,,,,,,,
,,277,,,,,,,,,,
,,284,,,,,,,,,,
,,226,,,,,,,,,,
,,221,,,,,,,,,,
,,222,,,,,,,,,,
,,228,,,,,,,,,,
,,228,,,,,,,,,,
,,229,,,,,,,,,,
,,410,,,,,,,,,,
,,588,,,,,,,,,,
,,249,,,,,,,,,,
,,250,,,,,,,,,,
,,249,,,,,,,,,,
,,247,,,,,,,,,,
,,256,,,,,,,,,,
,,335,,,,,,,,,,
,,337,,,,,,,,,,
,,326,,,,,,,,,,
,,518,,,,,,,,,,
,,523,,,,,,,,,,
,,547,,,,,,,,,,
,,260,,,,,,,,,,
,,266,,,,,,,,,,
,,263,,,,,,,,,,
,,354,,,,,,,,,,
,,354,,,,,,,,,,
,,240,,,,,,,,,,
,,246,,,,,,,,,,
,,306,,,,,,,,,,
,,316,,,,,,,,,,
,,312,,,,,,,,,,
,,297,,,,,,,,,,
,,276,,,,,,,,,,
,,258,,,,,,,,,,
,,265,,,,,,,,,,
,,289,,,,,,,,,,
,,290,,,,,,,,,,
,,295,,,,,,,,,,
,,267,,,,,,,,,,
,,448,,,,,,,,,,
,,611,,,,,,,,,,
,,324,,,,,,,,,,
,,729,,,,,,,,,,
,,787,,,,,,,,,,
,,811,,,,,,,,,,
,,207,,,,,,,,,,
,,212,,,,,,,,,,
,,213,,,,,,,,,,
,,312,,,,,,,,,,
,,281,,,,,,,,,,
,,278,,,,,,,,,,
,,218,,,,,,,,,,
,,207,,,,,,,,,,
,,625,,,,,,,,,,
,,241,,,,,,,,,,
,,229,,,,,,,,,,
,,230,,,,,,,,,,
,,291,,,,,,,,,,
,,276,,,,,,,,,,
,,274,,,,,,,,,,
,,264,,,,,,,,,,
,,270,,,,,,,,,,
,,267,,,,,,,,,,
,,200,,,,,,,,,,
,,258,,,,,,,,,,
,,556,,,,,,,,,,
,,631,,,,,,,,,,
,,268,,,,,,,,,,
,,257,,,,,,,,,,
,,259,,,,,,,,,,
,,651,,,,,,,,,,
,,603,,,,,,,,,,
,,243,,,,,,,,,,
,,243,,,,,,,,,,
,,245,,,,,,,,,,
,,511,,,,,,,,,,
,,466,,,,,,,,,,
,,574,,,,,,,,,,
,,592,,,,,,,,,,
,,595,,,,,,,,,,
,,214,,,,,,,,,,
,,213,,,,,,,,,,
,,214,,,,,,,,,,
,,399,,,,,,,,,,
,,538,,,,,,,,,,
,,233,,,,,,,,,,
,,213,,,,,,,,,,
,,255,,,,,,,,,,
,,262,,,,,,,,,,
,,245,,,,,,,,,,
,,263,,,,,,,,,,
,,233,,,,,,,,,,
,,240,,,,,,,,,,
,,228,,,,,,,,,,
,,231,,,,,,,,,,
,,207,,,,,,,,,,
,,358,,,,,,,,,,
,,394,,,,,,,,,,
,,240,,,,,,,,,,
,,236,,,,,,,,,,
,,246,,,,,,,,,,
,,158,,,,,,,,,,
,,163,,,,,,,,,,
,,630,,,,,,,,,,
,,659,,,,,,,,,,
,,645,,,,,,,,,,
,,182,,,,,,,,,,
,,482,,,,,,,,,,
,,499,,,,,,,,,,
,,481,,,,,,,,,,
,,249,,,,,,,,,,
,,248,,,,,,,,,,
,,245,,,,,,,,,,
,,306,,,,,,,,,,
,,264,,,,,,,,,,
,,264,,,,,,,,,,
,,264,,,,,,,,,,
,,227,,,,,,,,,,
,,206,,,,,,,,,,
,,210,,,,,,,,,,
,,69,,,,,,,,,,
,,219,,,,,,,,,,
,,347,,,,,,,,,,
,,220,,,,,,,,,,
,,199,,,,,,,,,,
,,240,,,,,,,,,,
,,296,,,,,,,,,,
,,511,,,,,,,,,,
,,526,,,,,,,,,,
,,661,,,,,,,,,,
,,317,,,,,,,,,,
,,324,,,,,,,,,,
,,353,,,,,,,,,,
,,191,,,,,,,,,,
,,191,,,,,,,,,,
,,192,,,,,,,,,,
,,241,,,,,,,,,,
,,260,,,,,,,,,,
,,335,,,,,,,,,,
,,335,,,,,,,,,,
,,333,,,,,,,,,,
,,299,,,,,,,,,,
,,321,,,,,,,,,,
,,332,,,,,,,,,,
,,459,,,,,,,,,,
,,470,,,,,,,,,,
,,227,,,,,,,,,,
,,236,,,,,,,,,,
,,238,,,,,,,,,,
,,259,,,,,,,,,,
,,259,,,,,,,,,,
,,271,,,,,,,,,,
,,259,,,,,,,,,,
,,268,,,,,,,,,,
,,268,,,,,,,,,,
,,261,,,,,,,,,,
,,259,,,,,,,,,,
,,369,,,,,,,,,,
,,373,,,,,,,,,,
,,253,,,,,,,,,,
,,262,,,,,,,,,,
,,218,,,,,,,,,,
,,219,,,,,,,,,,
,,420,,,,,,,,,,
,,281,,,,,,,,,,
,,303,,,,,,,,,,
,,716,,,,,,,,,,
,,720,,,,,,,,,,
,,724,,,,,,,,,,
,,132,,,,,,,,,,
,,135,,,,,,,,,,
,,136,,,,,,,,,,
,,205,,,,,,,,,,
,,206,,,,,,,,,,
,,204,,,,,,,,,,
,,523,,,,,,,,,,
,,542,,,,,,,,,,
,,544,,,,,,,,,,
,,185,,,,,,,,,,
,,185,,,,,,,,,,
,,403,,,,,,,,,,
,,120,,,,,,,,,,
,,280,,,,,,,,,,
,,456,,,,,,,,,,
,,234,,,,,,,,,,
,,233,,,,,,,,,,
,,368,,,,,,,,,,
,,387,,,,,,,,,,
,,417,,,,,,,,,,
,,271,,,,,,,,,,
,,279,,,,,,,,,,
,,285,,,,,,,,,,
,,282,,,,,,,,,,
,,639,,,,,,,,,,
,,646,,,,,,,,,,
,,605,,,,,,,,,,
,,241,,,,,,,,,,
,,368,,,,,,,,,,
,,256,,,,,,,,,,
,,248,,,,,,,,,,
,,309,,,,,,,,,,
,,317,,,,,,,,,,
,,312,,,,,,,,,,
,,274,,,,,,,,,,
,,300,,,,,,,,,,
,,259,,,,,,,,,,
,,268,,,,,,,,,,
,,266,,,,,,,,,,
,,237,,,,,,,,,,
,,256,,,,,,,,,,
,,247,,,,,,,,,,
,,245,,,,,,,,,,
,,208,,,,,,,,,,
,,314,,,,,,,,,,
,,303,,,,,,,,,,
,,300,,,,,,,,,,
,,482,,,,,,,,,,
,,499,,,,,,,,,,
,,539,,,,,,,,,,
,,303,,,,,,,,,,
,,246,,,,,,,,,,
,,248,,,,,,,,,,
,,250,,,,,,,,,,
,,196,,,,,,,,,,
,,227,,,,,,,,,,
,,232,,,,,,,,,,
,,187,,,,,,,,,,
,,242,,,,,,,,,,
,,334,,,,,,,,,,
,,334,,,,,,,,,,
,,334,,,,,,,,,,
,,274,,,,,,,,,,
,,276,,,,,,,,,,
,,238,,,,,,,,,,
,,269,,,,,,,,,,
,,280,,,,,,,,,,
,,223,,,,,,,,,,
,,233,,,,,,,,,,
,,256,,,,,,,,,,
,,301,,,,,,,,,,
,,324,,,,,,,,,,
,,353,,,,,,,,,,
,,281,,,,,,,,,,
,,227,,,,,,,,,,
,,234,,,,,,,,,,
,,242,,,,,,,,,,
,,451,,,,,,,,,,
,,259,,,,,,,,,,
,,246,,,,,,,,,,
,,246,,,,,,,,,,
,,302,,,,,,,,,,
,,310,,,,,,,,,,
,,307,,,,,,,,,,
,,250,,,,,,,,,,
,,255,,,,,,,,,,
,,280,,,,,,,,,,
,,290,,,,,,,,,,
,,246,,,,,,,,,,
,,253,,,,,,,,,,
,,248,,,,,,,,,,
,,275,,,,,,,,,,
,,283,,,,,,,,,,
,,409,,,,,,,,,,
,,412,,,,,,,,,,
,,253,,,,,,,,,,
,,260,,,,,,,,,,
,,257,,,,,,,,,,
,,203,,,,,,,,,,
,,233,,,,,,,,,,
,,237,,,,,,,,,,
,,259,,,,,,,,,,
,,285,,,,,,,,,,
,,266,,,,,,,,,,
,,264,,,,,,,,,,
,,247,,,,,,,,,,
,,653,,,,,,,,,,
,,447,,,,,,,,,,
,,246,,,,,,,,,,
,,240,,,,,,,,,,
,,222,,,,,,,,,,
,,421,,,,,,,,,,
,,404,,,,,,,,,,
,,203,,,,,,,,,,
,,261,,,,,,,,,,
,,217,,,,,,,,,,
,,199,,,,,,,,,,
,,360,,,,,,,,,,
,,353,,,,,,,,,,
,,343,,,,,,,,,,
,,260,,,,,,,,,,
,,248,,,,,,,,,,
,,239,,,,,,,,,,
,,196,,,,,,,,,,
,,157,,,,,,,,,,
,,196,,,,,,,,,,
,,252,,,,,,,,,,
,,254,,,,,,,,,,
,,265,,,,,,,,,,
,,747,,,,,,,,,,
,,971,,,,,,,,,,
,,1054,,,,,,,,,,
,,273,,,,,,,,,,
,,283,,,,,,,,,,
,,283,,,,,,,,,,
,,269,,,,,,,,,,
,,277,,,,,,,,,,
,,277,,,,,,,,,,
,,278,,,,,,,,,,
,,313,,,,,,,,,,
,,364,,,,,,,,,,
,,332,,,,,,,,,,
,,334,,,,,,,,,,
,,236,,,,,,,,,,
,,227,,,,,,,,,,
,,232,,,,,,,,,,
,,260,,,,,,,,,,
,,350,,,,,,,,,,
,,329,,,,,,,,,,
,,215,,,,,,,,,,
,,200,,,,,,,,,,
,,348,,,,,,,,,,
,,264,,,,,,,,,,
,,269,,,,,,,,,,
,,269,,,,,,,,,,
,,279,,,,,,,,,,
,,282,,,,,,,,,,
,,273,,,,,,,,,,
,,345,,,,,,,,,,
,,328,,,,,,,,,,
,,229,,,,,,,,,,
,,237,,,,,,,,,,
,,208,,,,,,,,,,
,,251,,,,,,,,,,
,,238,,,,,,,,,,
,,236,,,,,,,,,,
,,246,,,,,,,,,,
,,242,,,,,,,,,,
,,180,,,,,,,,,,
,,281,,,,,,,,,,
,,286,,,,,,,,,,
,,471,,,,,,,,,,
,,326,,,,,,,,,,
,,331,,,,,,,,,,
,,224,,,,,,,,,,
,,226,,,,,,,,,,
,,198,,,,,,,,,,
,,324,,,,,,,,,,
,,257,,,,,,,,,,
,,273,,,,,,,,,,
,,280,,,,,,,,,,
,,278,,,,,,,,,,
,,278,,,,,,,,,,
,,246,,,,,,,,,,
,,229,,,,,,,,,,
,,236,,,,,,,,,,
,,233,,,,,,,,,,
,,267,,,,,,,,,,
,,264,,,,,,,,,,
,,274,,,,,,,,,,
,,239,,,,,,,,,,
,,232,,,,,,,,,,
,,227,,,,,,,,,,
,,215,,,,,,,,,,
,,203,,,,,,,,,,
,,186,,,,,,,,,,
,,194,,,,,,,,,,
,,249,,,,,,,,,,
,,315,,,,,,,,,,
,,324,,,,,,,,,,
,,321,,,,,,,,,,
,,281,,,,,,,,,,
,,291,,,,,,,,,,
,,274,,,,,,,,,,
,,328,,,,,,,,,,
,,238,,,,,,,,,,
,,245,,,,,,,,,,
,,327,,,,,,,,,,
,,327,,,,,,,,,,
,,327,,,,,,,,,,
,,278,,,,,,,,,,
,,280,,,,,,,,,,
,,233,,,,,,,,,,
,,233,,,,,,,,,,
,,224,,,,,,,,,,
,,231,,,,,,,,,,
,,231,,,,,,,,,,
,,241,,,,,,,,,,
,,264,,,,,,,,,,
,,281,,,,,,,,,,
,,261,,,,,,,,,,
,,264,,,,,,,,,,
,,257,,,,,,,,,,
,,279,,,,,,,,,,
,,299,,,,,,,,,,
,,382,,,,,,,,,,
,,386,,,,,,,,,,
,,331,,,,,,,,,,
,,363,,,,,,,,,,
,,323,,,,,,,,,,
,,325,,,,,,,,,,
,,322,,,,,,,,,,
,,345,,,,,,,,,,
,,351,,,,,,,,,,
,,313,,,,,,,,,,
,,170,,,,,,,,,,
,,330,,,,,,,,,,
,,221,,,,,,,,,,
,,220,,,,,,,,,,
,,221,,,,,,,,,,
,,254,,,,,,,,,,
,,256,,,,,,,,,,
,,251,,,,,,,,,,
,,232,,,,,,,,,,
,,273,,,,,,,,,,
,,399,,,,,,,,,,
,,403,,,,,,,,,,
,,397,,,,,,,,,,
,,515,,,,,,,,,,
,,523,,,,,,,,,,
,,511,,,,,,,,,,
,,265,,,,,,,,,,
,,288,,,,,,,,,,
,,284,,,,,,,,,,
,,278,,,,,,,,,,
,,274,,,,,,,,,,
,,277,,,,,,,,,,
,,249,,,,,,,,,,
,,240,,,,,,,,,,
,,238,,,,,,,,,,
,,295,,,,,,,,,,
,,279,,,,,,,,,,
,,259,,,,,,,,,,
,,240,,,,,,,,,,
,,240,,,,,,,,,,
,,223,,,,,,,,,,
,,362,,,,,,,,,,
,,405,,,,,,,,,,
,,405,,,,,,,,,,
,,239,,,,,,,,,,
,,216,,,,,,,,,,
,,217,,,,,,,,,,
,,209,,,,,,,,,,
,,262,,,,,,,,,,
,,269,,,,,,,,,,
,,266,,,,,,,,,,
,,268,,,,,,,,,,
,,268,,,,,,,,,,
,,616,,,,,,,,,,
,,560,,,,,,,,,,
,,272,,,,,,,,,,
,,281,,,,,,,,,,
,,278,,,,,,,,,,
,,244,,,,,,,,,,
,,642,,,,,,,,,,
,,639,,,,,,,,,,
,,626,,,,,,,,,,
,,224,,,,,,,,,,
,,215,,,,,,,,,,
,,216,,,,,,,,,,
,,185,,,,,,,,,,
,,191,,,,,,,,,,
,,192,,,,,,,,,,
,,197,,,,,,,,,,
,,227,,,,,,,,,,
,,355,,,,,,,,,,
,,368,,,,,,,,,,
,,369,,,,,,,,,,
,,272,,,,,,,,,,
,,297,,,,,,,,,,
,,330,,,,,,,,,,
,,292,,,,,,,,,,
,,292,,,,,,,,,,
,,293,,,,,,,,,,
,,229,,,,,,,,,,
,,240,,,,,,,,,,
,,241,,,,,,,,,,
,,258,,,,,,,,,,
,,266,,,,,,,,,,
,,266,,,,,,,,,,
,,286,,,,,,,,,,
,,319,,,,,,,,,,
,,327,,,,,,,,,,
,,324,,,,,,,,,,
,,246,,,,,,,,,,
,,249,,,,,,,,,,
,,249,,,,,,,,,,
,,285,,,,,,,,,,
,,299,,,,,,,,,,
,,299,,,,,,,,,,
,,383,,,,,,,,,,
,,393,,,,,,,,,,
,,395,,,,,,,,,,
,,344,,,,,,,,,,
,,230,,,,,,,,,,
,,249,,,,,,,,,,
,,258,,,,,,,,,,
,,117,,,,,,,,,,
,,243,,,,,,,,,,
,,231,,,,,,,,,,
,,205,,,,,,,,,,
,,212,,,,,,,,,,
,,313,,,,,,,,,,
,,318,,,,,,,,,,
,,266,,,,,,,,,,
,,267,,,,,,,,,,
,,257,,,,,,,,,,
,,247,,,,,,,,,,
,,252,,,,,,,,,,
,,303,,,,,,,,,,
,,309,,,,,,,,,,
,,346,,,,,,,,,,
,,346,,,,,,,,,,
,,343,,,,,,,,,,
,,498,,,,,,,,,,
,,491,,,,,,,,,,
,,269,,,,,,,,,,
,,265,,,,,,,,,,
,,325,,,,,,,,,,
,,325,,,,,,,,,,
,,325,,,,,,,,,,
,,272,,,,,,,,,,
,,280,,,,,,,,,,
,,162,,,,,,,,,,
,,233,,,,,,,,,,
,,240,,,,,,,,,,
,,236,,,,,,,,,,
,,101,,,,,,,,,,
,,226,,,,,,,,,,
,,111,,,,,,,,,,
,,224,,,,,,,,,,
,,228,,,,,,,,,,
,,238,,,,,,,,,,
,,483,,,,,,,,,,
,,488,,,,,,,,,,
,,478,,,,,,,,,,
,,199,,,,,,,,,,
,,199,,,,,,,,,,
,,249,,,,,,,,,,
,,256,,,,,,,,,,
,,268,,,,,,,,,,
,,236,,,,,,,,,,
,,239,,,,,,,,,,
,,239,,,,,,,,,,
,,311,,,,,,,,,,
,,358,,,,,,,,,,
,,386,,,,,,,,,,
,,198,,,,,,,,,,
,,311,,,,,,,,,,
,,311,,,,,,,,,,
,,248,,,,,,,,,,
,,257,,,,,,,,,,
,,258,,,,,,,,,,
,,292,,,,,,,,,,
,,387,,,,,,,,,,
,,311,,,,,,,,,,
,,347,,,,,,,,,,
,,354,,,,,,,,,,
,,347,,,,,,,,,,
,,227,,,,,,,,,,
,,234,,,,,,,,,,
,,234,,,,,,,,,,
,,266,,,,,,,,,,
,,262,,,,,,,,,,
,,260,,,,,,,,,,
,,662,,,,,,,,,,
,,666,,,,,,,,,,
,,287,,,,,,,,,,
,,165,,,,,,,,,,
,,202,,,,,,,,,,
,,207,,,,,,,,,,
,,208,,,,,,,,,,
,,342,,,,,,,,,,
,,349,,,,,,,,,,
,,346,,,,,,,,,,
,,307,,,,,,,,,,
,,316,,,,,,,,,,
,,311,,,,,,,,,,
,,371,,,,,,,,,,
,,286,,,,,,,,,,
,,293,,,,,,,,,,
,,319,,,,,,,,,,
,,334,,,,,,,,,,
,,214,,,,,,,,,,
,,219,,,,,,,,,,
,,275,,,,,,,,,,
,,235,,,,,,,,,,
,,285,,,,,,,,,,
,,288,,,,,,,,,,
,,285,,,,,,,,,,
,,223,,,,,,,,,,
,,228,,,,,,,,,,
,,226,,,,,,,,,,
,,297,,,,,,,,,,
,,302,,,,,,,,,,
,,262,,,,,,,,,,
,,259,,,,,,,,,,
,,221,,,,,,,,,,
,,186,,,,,,,,,,
,,333,,,,,,,,,,
,,348,,,,,,,,,,
,,348,,,,,,,,,,
,,345,,,,,,,,,,
,,345,,,,,,,,,,
,,347,,,,,,,,,,
,,254,,,,,,,,,,
,,255,,,,,,,,,,
,,437,,,,,,,,,,
,,264,,,,,,,,,,
,,264,,,,,,,,,,
,,264,,,,,,,,,,
,,274,,,,,,,,,,
,,281,,,,,,,,,,
,,303,,,,,,,,,,
,,293,,,,,,,,,,
,,315,,,,,,,,,,
,,343,,,,,,,,,,
,,257,,,,,,,,,,
,,302,,,,,,,,,,
,,286,,,,,,,,,,
,,283,,,,,,,,,,
,,390,,,,,,,,,,
,,392,,,,,,,,,,
,,390,,,,,,,,,,
,,342,,,,,,,,,,
,,336,,,,,,,,,,
,,336,,,,,,,,,,
,,338,,,,,,,,,,
,,220,,,,,,,,,,
,,594,,,,,,,,,,
,,594,,,,,,,,,,
,,570,,,,,,,,,,
,,244,,,,,,,,,,
,,243,,,,,,,,,,
,,241,,,,,,,,,,
,,306,,,,,,,,,,
,,310,,,,,,,,,,
,,307,,,,,,,,,,
,,245,,,,,,,,,,
,,243,,,,,,,,,,
,,244,,,,,,,,,,
,,424,,,,,,,,,,
,,437,,,,,,,,,,
,,449,,,,,,,,,,
,,257,,,,,,,,,,
,,262,,,,,,,,,,
,,596,,,,,,,,,,
,,596,,,,,,,,,,
,,320,,,,,,,,,,
,,255,,,,,,,,,,
,,227,,,,,,,,,,
,,232,,,,,,,,,,
,,347,,,,,,,,,,
,,213,,,,,,,,,,
,,329,,,,,,,,,,
,,336,,,,,,,,,,
,,129,,,,,,,,,,
,,231,,,,,,,,,,
,,227,,,,,,,,,,
,,217,,,,,,,,,,
,,224,,,,,,,,,,
,,206,,,,,,,,,,
,,247,,,,,,,,,,
,,244,,,,,,,,,,
,,241,,,,,,,,,,
,,248,,,,,,,,,,
,,275,,,,,,,,,,
,,270,,,,,,,,,,
,,267,,,,,,,,,,
,,310,,,,,,,,,,
,,310,,,,,,,,,,
,,307,,,,,,,,,,
,,348,,,,,,,,,,
,,172,,,,,,,,,,
,,242,,,,,,,,,,
,,264,,,,,,,,,,
,,266,,,,,,,,,,
,,315,,,,,,,,,,
,,326,,,,,,,,,,
,,313,,,,,,,,,,
,,226,,,,,,,,,,
,,226,,,,,,,,,,
,,208,,,,,,,,,,
,,232,,,,,,,,,,
,,560,,,,,,,,,,
,,232,,,,,,,,,,
,,229,,,,,,,,,,
,,271,,,,,,,,,,
,,277,,,,,,,,,,
,,277,,,,,,,,,,
,,345,,,,,,,,,,
,,347,,,,,,,,,,
,,180,,,,,,,,,,
,,239,,,,,,,,,,
,,246,,,,,,,,,,
,,243,,,,,,,,,,
,,310,,,,,,,,,,
,,247,,,,,,,,,,
,,254,,,,,,,,,,
,,250,,,,,,,,,,
,,248,,,,,,,,,,
,,80,,,,,,,,,,
,,290,,,,,,,,,,
,,276,,,,,,,,,,
,,277,,,,,,,,,,
,,259,,,,,,,,,,
,,278,,,,,,,,,,
,,279,,,,,,,,,,
,,276,,,,,,,,,,
,,285,,,,,,,,,,
,,586,,,,,,,,,,
,,281,,,,,,,,,,
,,266,,,,,,,,,,
,,272,,,,,,,,,,
,,260,,,,,,,,,,
,,462,,,,,,,,,,
,,298,,,,,,,,,,
,,298,,,,,,,,,,
,,295,,,,,,,,,,
,,438,,,,,,,,,,
,,394,,,,,,,,,,
,,396,,,,,,,,,,
,,315,,,,,,,,,,
,,304,,,,,,,,,,
,,272,,,,,,,,,,
,,303,,,,,,,,,,
,,303,,,,,,,,,,
,,303,,,,,,,,,,
,,502,,,,,,,,,,
,,358,,,,,,,,,,
,,361,,,,,,,,,,
,,239,,,,,,,,,,
,,233,,,,,,,,,,
,,234,,,,,,,,,,
,,913,,,,,,,,,,
,,990,,,,,,,,,,
,,601,,,,,,,,,,
,,241,,,,,,,,,,
,,260,,,,,,,,,,
,,260,,,,,,,,,,
,,264,,,,,,,,,,
,,223,,,,,,,,,,
,,218,,,,,,,,,,
,,219,,,,,,,,,,
,,333,,,,,,,,,,
,,336,,,,,,,,,,
,,333,,,,,,,,,,
,,412,,,,,,,,,,
,,412,,,,,,,,,,
,,406,,,,,,,,,,
,,498,,,,,,,,,,
,,533,,,,,,,,,,
,,535,,,,,,,,,,
,,272,,,,,,,,,,
,,275,,,,,,,,,,
,,236,,,,,,,,,,
,,231,,,,,,,,,,
,,232,,,,,,,,,,
,,501,,,,,,,,,,
,,408,,,,,,,,,,
,,408,,,,,,,,,,
,,351,,,,,,,,,,
,,252,,,,,,,,,,
,,257,,,,,,,,,,
,,290,,,,,,,,,,
,,290,,,,,,,,,,
,,533,,,,,,,,,,
,,533,,,,,,,,,,
,,532,,,,,,,,,,
,,317,,,,,,,,,,
,,319,,,,,,,,,,
,,315,,,,,,,,,,
,,429,,,,,,,,,,
,,435,,,,,,,,,,
,,433,,,,,,,,,,
,,318,,,,,,,,,,
,,311,,,,,,,,,,
,,296,,,,,,,,,,
,,774,,,,,,,,,,
,,283,,,,,,,,,,
,,293,,,,,,,,,,
,,295,,,,,,,,,,
,,395,,,,,,,,,,
,,248,,,,,,,,,,
,,246,,,,,,,,,,
,,233,,,,,,,,,,
,,232,,,,,,,,,,
,,496,,,,,,,,,,
,,504,,,,,,,,,,
,,496,,,,,,,,,,
,,286,,,,,,,,,,
,,286,,,,,,,,,,
,,277,,,,,,,,,,
,,278,,,,,,,,,,
,,320,,,,,,,,,,
,,142,,,,,,,,,,
,,290,,,,,,,,,,
,,277,,,,,,,,,,
,,275,,,,,,,,,,
,,277,,,,,,,,,,
,,108,,,,,,,,,,
,,297,,,,,,,,,,
,,300,,,,,,,,,,
,,438,,,,,,,,,,
,,236,,,,,,,,,,
,,438,,,,,,,,,,
,,337,,,,,,,,,,
,,320,,,,,,,,,,
,,317,,,,,,,,,,
,,527,,,,,,,,,,
,,490,,,,,,,,,,
,,281,,,,,,,,,,
,,243,,,,,,,,,,
,,242,,,,,,,,,,
,,251,,,,,,,,,,
,,372,,,,,,,,,,
,,372,,,,,,,,,,
,,360,,,,,,,,,,
,,323,,,,,,,,,,
,,297,,,,,,,,,,
,,297,,,,,,,,,,
,,202,,,,,,,,,,
,,274,,,,,,,,,,
,,275,,,,,,,,,,
,,236,,,,,,,,,,
,,277,,,,,,,,,,
,,262,,,,,,,,,,
,,262,,,,,,,,,,
,,270,,,,,,,,,,
,,376,,,,,,,,,,
,,51,,,,,,,,,,
,,214,,,,,,,,,,
,,213,,,,,,,,,,
,,207,,,,,,,,,,
,,484,,,,,,,,,,
,,458,,,,,,,,,,
,,400,,,,,,,,,,
,,241,,,,,,,,,,
,,249,,,,,,,,,,
,,251,,,,,,,,,,
,,293,,,,,,,,,,
,,291,,,,,,,,,,
,,297,,,,,,,,,,
,,295,,,,,,,,,,
,,437,,,,,,,,,,
,,437,,,,,,,,,,
,,435,,,,,,,,,,
,,317,,,,,,,,,,
,,228,,,,,,,,,,
,,226,,,,,,,,,,
,,225,,,,,,,,,,
,,241,,,,,,,,,,
,,245,,,,,,,,,,
,,245,,,,,,,,,,
,,245,,,,,,,,,,
,,277,,,,,,,,,,
,,277,,,,,,,,,,
,,212,,,,,,,,,,
,,220,,,,,,,,,,
,,361,,,,,,,,,,
,,226,,,,,,,,,,
,,221,,,,,,,,,,
,,223,,,,,,,,,,
,,572,,,,,,,,,,
,,614,,,,,,,,,,
,,401,,,,,,,,,,
,,256,,,,,,,,,,
,,258,,,,,,,,,,
,,260,,,,,,,,,,
,,248,,,,,,,,,,
,,256,,,,,,,,,,
,,227,,,,,,,,,,
,,272,,,,,,,,,,
,,335,,,,,,,,,,
,,377,,,,,,,,,,
,,298,,,,,,,,,,
,,298,,,,,,,,,,
,,298,,,,,,,,,,
,,314,,,,,,,,,,
,,318,,,,,,,,,,
,,315,,,,,,,,,,
,,427,,,,,,,,,,
,,283,,,,,,,,,,
,,253,,,,,,,,,,
,,193,,,,,,,,,,
,,183,,,,,,,,,,
,,132,,,,,,,,,,
,,234,,,,,,,,,,
,,246,,,,,,,,,,
,,224,,,,,,,,,,
,,224,,,,,,,,,,
,,208,,,,,,,,,,
,,204,,,,,,,,,,
,,205,,,,,,,,,,
,,215,,,,,,,,,,
,,353,,,,,,,,,,
,,390,,,,,,,,,,
,,334,,,,,,,,,,
,,344,,,,,,,,,,
,,341,,,,,,,,,,
,,234,,,,,,,,,,
,,243,,,,,,,,,,
,,251,,,,,,,,,,
,,433,,,,,,,,,,
,,368,,,,,,,,,,
,,295,,,,,,,,,,
,,353,,,,,,,,,,
,,351,,,,,,,,,,
,,353,,,,,,,,,,
,,344,,,,,,,,,,
,,533,,,,,,,,,,
,,321,,,,,,,,,,
,,275,,,,,,,,,,
,,262,,,,,,,,,,
,,260,,,,,,,,,,
,,287,,,,,,,,,,
,,290,,,,,,,,,,
,,113,,,,,,,,,,
,,591,,,,,,,,,,
,,541,,,,,,,,,,
,,533,,,,,,,,,,
,,210,,,,,,,,,,
,,211,,,,,,,,,,
,,210,,,,,,,,,,
,,246,,,,,,,,,,
,,242,,,,,,,,,,
,,244,,,,,,,,,,
,,185,,,,,,,,,,
,,242,,,,,,,,,,
,,393,,,,,,,,,,
,,385,,,,,,,,,,
,,383,,,,,,,,,,
,,256,,,,,,,,,,
,,243,,,,,,,,,,
,,241,,,,,,,,,,
,,333,,,,,,,,,,
,,310,,,,,,,,,,
,,306,,,,,,,,,,
,,298,,,,,,,,,,
,,256,,,,,,,,,,
,,256,,,,,,,,,,
,,249,,,,,,,,,,
,,229,,,,,,,,,,
,,242,,,,,,,,,,
,,242,,,,,,,,,,
,,358,,,,,,,,,,
,,354,,,,,,,,,,
,,336,,,,,,,,,,
,,542,,,,,,,,,,
,,550,,,,,,,,,,
,,550,,,,,,,,,,
,,544,,,,,,,,,,
,,524,,,,,,,,,,
,,528,,,,,,,,,,
,,531,,,,,,,,,,
,,503,,,,,,,,,,
,,518,,,,,,,,,,
,,499,,,,,,,,,,
,,335,,,,,,,,,,
,,248,,,,,,,,,,
,,232,,,,,,,,,,
,,223,,,,,,,,,,
,,321,,,,,,,,,,
,,326,,,,,,,,,,
,,323,,,,,,,,,,
,,333,,,,,,,,,,
,,339,,,,,,,,,,
,,334,,,,,,,,,,
,,249,,,,,,,,,,
,,284,,,,,,,,,,
,,260,,,,,,,,,,
,,219,,,,,,,,,,
,,204,,,,,,,,,,
,,205,,,,,,,,,,
,,819,,,,,,,,,,
,,213,,,,,,,,,,
,,340,,,,,,,,,,
,,340,,,,,,,,,,
,,274,,,,,,,,,,
,,268,,,,,,,,,,
,,265,,,,,,,,,,
,,218,,,,,,,,,,
,,193,,,,,,,,,,
,,197,,,,,,,,,,
,,236,,,,,,,,,,
,,236,,,,,,,,,,
,,236,,,,,,,,,,
,,272,,,,,,,,,,
,,264,,,,,,,,,,
,,259,,,,,,,,,,
,,407,,,,,,,,,,
,,454,,,,,,,,,,
,,472,,,,,,,,,,
,,421,,,,,,,,,,
,,418,,,,,,,,,,
,,270,,,,,,,,,,
,,284,,,,,,,,,,
,,284,,,,,,,,,,
,,284,,,,,,,,,,
,,197,,,,,,,,,,
,,356,,,,,,,,,,
,,305,,,,,,,,,,
,,307,,,,,,,,,,
,,307,,,,,,,,,,
,,229,,,,,,,,,,
,,230,,,,,,,,,,
,,227,,,,,,,,,,
,,193,,,,,,,,,,
,,568,,,,,,,,,,
,,284,,,,,,,,,,
,,289,,,,,,,,,,
,,255,,,,,,,,,,
,,259,,,,,,,,,,
,,256,,,,,,,,,,
,,375,,,,,,,,,,
,,379,,,,,,,,,,
,,371,,,,,,,,,,
,,289,,,,,,,,,,
,,298,,,,,,,,,,
,,295,,,,,,,,,,
,,261,,,,,,,,,,
,,253,,,,,,,,,,
,,245,,,,,,,,,,
,,346,,,,,,,,,,
,,339,,,,,,,,,,
,,293,,,,,,,,,,
,,303,,,,,,,,,,
,,255,,,,,,,,,,
,,301,,,,,,,,,,
,,286,,,,,,,,,,
,,281,,,,,,,,,,
,,279,,,,,,,,,,
,,236,,,,,,,,,,
,,239,,,,,,,,,,
,,297,,,,,,,,,,
,,301,,,,,,,,,,
,,297,,,,,,,,,,
,,270,,,,,,,,,,
,,267,,,,,,,,,,
,,264,,,,,,,,,,
,,629,,,,,,,,,,
,,738,,,,,,,,,,
,,437,,,,,,,,,,
,,415,,,,,,,,,,
,,390,,,,,,,,,,
,,485,,,,,,,,,,
,,485,,,,,,,,,,
,,457,,,,,,,,,,
,,267,,,,,,,,,,
,,263,,,,,,,,,,
,,266,,,,,,,,,,
,,244,,,,,,,,,,
,,312,,,,,,,,,,
,,263,,,,,,,,,,
,,269,,,,,,,,,,
,,349,,,,,,,,,,
,,349,,,,,,,,,,
,,253,,,,,,,,,,
,,171,,,,,,,,,,
,,263,,,,,,,,,,
,,249,,,,,,,,,,
,,250,,,,,,,,,,
,,243,,,,,,,,,,
,,248,,,,,,,,,,
,,257,,,,,,,,,,
,,495,,,,,,,,,,
,,505,,,,,,,,,,
,,449,,,,,,,,,,
,,234,,,,,,,,,,
,,255,,,,,,,,,,
,,262,,,,,,,,,,
,,387,,,,,,,,,,
,,293,,,,,,,,,,
,,289,,,,,,,,,,
,,298,,,,,,,,,,
,,298,,,,,,,,,,
,,299,,,,,,,,,,
,,251,,,,,,,,,,
,,250,,,,,,,,,,
,,248,,,,,,,,,,
,,295,,,,,,,,,,
,,293,,,,,,,,,,
,,286,,,,,,,,,,
,,275,,,,,,,,,,
,,296,,,,,,,,,,
,,279,,,,,,,,,,
,,274,,,,,,,,,,
,,376,,,,,,,,,,
,,383,,,,,,,,,,
,,337,,,,,,,,,,
,,246,,,,,,,,,,
,,248,,,,,,,,,,
,,431,,,,,,,,,,
,,228,,,,,,,,,,
,,232,,,,,,,,,,
,,229,,,,,,,,,,
,,230,,,,,,,,,,
,,235,,,,,,,,,,
,,268,,,,,,,,,,
,,270,,,,,,,,,,
,,383,,,,,,,,,,
,,545,,,,,,,,,,
,,494,,,,,,,,,,
,,457,,,,,,,,,,
,,252,,,,,,,,,,
,,256,,,,,,,,,,
,,254,,,,,,,,,,
,,227,,,,,,,,,,
,,236,,,,,,,,,,
,,237,,,,,,,,,,
,,524,,,,,,,,,,
,,165,,,,,,,,,,
,,266,,,,,,,,,,
,,268,,,,,,,,,,
,,264,,,,,,,,,,
,,396,,,,,,,,,,
,,210,,,,,,,,,,
,,217,,,,,,,,,,
,,218,,,,,,,,,,
,,357,,,,,,,,,,
,,357,,,,,,,,,,
,,359,,,,,,,,,,
,,329,,,,,,,,,,
,,334,,,,,,,,,,
,,332,,,,,,,,,,
,,315,,,,,,,,,,
,,283,,,,,,,,,,
,,262,,,,,,,,,,
,,314,,,,,,,,,,
,,322,,,,,,,,,,
,,319,,,,,,,,,,
,,324,,,,,,,,,,
,,270,,,,,,,,,,
,,232,,,,,,,,,,
,,270,,,,,,,,,,
,,322,,,,,,,,,,
,,305,,,,,,,,,,
,,271,,,,,,,,,,
,,288,,,,,,,,,,
,,339,,,,,,,,,,
,,344,,,,,,,,,,
,,280,,,,,,,,,,
,,215,,,,,,,,,,
,,317,,,,,,,,,,
,,324,,,,,,,,,,
,,234,,,,,,,,,,
,,240,,,,,,,,,,
,,224,,,,,,,,,,
,,269,,,,,,,,,,
,,277,,,,,,,,,,
,,275,,,,,,,,,,
,,252,,,,,,,,,,
,,256,,,,,,,,,,
,,254,,,,,,,,,,
,,283,,,,,,,,,,
,,269,,,,,,,,,,
,,266,,,,,,,,,,
,,374,,,,,,,,,,
,,377,,,,,,,,,,
,,168,,,,,,,,,,
,,289,,,,,,,,,,
,,292,,,,,,,,,,
,,288,,,,,,,,,,
,,270,,,,,,,,,,
,,276,,,,,,,,,,
,,278,,,,,,,,,,
,,344,,,,,,,,,,
,,264,,,,,,,,,,
,,369,,,,,,,,,,
,,294,,,,,,,,,,
,,297,,,,,,,,,,
,,206,,,,,,,,,,
,,206,,,,,,,,,,
,,206,,,,,,,,,,
,,345,,,,,,,,,,
,,340,,,,,,,,,,
,,340,,,,,,,,,,
,,339,,,,,,,,,,
,,322,,,,,,,,,,
,,418,,,,,,,,,,
,,289,,,,,,,,,,
,,286,,,,,,,,,,
,,295,,,,,,,,,,
,,288,,,,,,,,,,
,,299,,,,,,,,,,
,,301,,,,,,,,,,
,,457,,,,,,,,,,
,,460,,,,,,,,,,
,,407,,,,,,,,,,
,,277,,,,,,,,,,
,,286,,,,,,,,,,
,,288,,,,,,,,,,
,,132,,,,,,,,,,
,,308,,,,,,,,,,
,,314,,,,,,,,,,
,,311,,,,,,,,,,
,,257,,,,,,,,,,
,,263,,,,,,,,,,
,,259,,,,,,,,,,
,,260,,,,,,,,,,
,,287,,,,,,,,,,
,,287,,,,,,,,,,
,,281,,,,,,,,,,
,,251,,,,,,,,,,
,,251,,,,,,,,,,
,,251,,,,,,,,,,
,,365,,,,,,,,,,
,,338,,,,,,,,,,
,,379,,,,,,,,,,
,,392,,,,,,,,,,
,,394,,,,,,,,,,
,,333,,,,,,,,,,
,,338,,,,,,,,,,
,,334,,,,,,,,,,
,,181,,,,,,,,,,
,,315,,,,,,,,,,
,,328,,,,,,,,,,
,,333,,,,,,,,,,
,,326,,,,,,,,,,
,,219,,,,,,,,,,
,,137,,,,,,,,,,
,,254,,,,,,,,,,
,,49,,,,,,,,,,
,,219,,,,,,,,,,
,,387,,,,,,,,,,
,,377,,,,,,,,,,
,,377,,,,,,,,,,
,,241,,,,,,,,,,
,,173,,,,,,,,,,
,,179,,,,,,,,,,
,,180,,,,,,,,,,
,,484,,,,,,,,,,
,,499,,,,,,,,,,
,,324,,,,,,,,,,
,,316,,,,,,,,,,
,,294,,,,,,,,,,
,,242,,,,,,,,,,
,,243,,,,,,,,,,
,,193,,,,,,,,,,
,,196,,,,,,,,,,
,,202,,,,,,,,,,
,,330,,,,,,,,,,
,,279,,,,,,,,,,
,,271,,,,,,,,,,
,,228,,,,,,,,,,
,,254,,,,,,,,,,
,,201,,,,,,,,,,
,,204,,,,,,,,,,
,,208,,,,,,,,,,
,,290,,,,,,,,,,
,,463,,,,,,,,,,
,,466,,,,,,,,,,
,,463,,,,,,,,,,
,,286,,,,,,,,,,
,,341,,,,,,,,,,
,,348,,,,,,,,,,
,,259,,,,,,,,,,
,,457,,,,,,,,,,
,,251,,,,,,,,,,
,,253,,,,,,,,,,
,,254,,,,,,,,,,
,,90,,,,,,,,,,
,,90,,,,,,,,,,
,,271,,,,,,,,,,
,,283,,,,,,,,,,
,,293,,,,,,,,,,
,,294,,,,,,,,,,
,,280,,,,,,,,,,
,,280,,,,,,,,,,
,,268,,,,,,,,,,
,,286,,,,,,,,,,
,,293,,,,,,,,,,
,,270,,,,,,,,,,
,,268,,,,,,,,,,
,,269,,,,,,,,,,
,,260,,,,,,,,,,
,,257,,,,,,,,,,
,,548,,,,,,,,,,
,,805,,,,,,,,,,
,,829,,,,,,,,,,
,,355,,,,,,,,,,
,,328,,,,,,,,,,
,,297,,,,,,,,,,
,,228,,,,,,,,,,
,,219,,,,,,,,,,
,,417,,,,,,,,,,
,,406,,,,,,,,,,
,,408,,,,,,,,,,
,,157,,,,,,,,,,
,,251,,,,,,,,,,
,,252,,,,,,,,,,
,,302,,,,,,,,,,
,,278,,,,,,,,,,
,,273,,,,,,,,,,
,,277,,,,,,,,,,
,,259,,,,,,,,,,
,,258,,,,,,,,,,
,,413,,,,,,,,,,
,,419,,,,,,,,,,
,,512,,,,,,,,,,
,,104,,,,,,,,,,
,,236,,,,,,,,,,
,,240,,,,,,,,,,
,,250,,,,,,,,,,
,,439,,,,,,,,,,
,,332,,,,,,,,,,
,,337,,,,,,,,,,
,,337,,,,,,,,,,
,,348,,,,,,,,,,
,,345,,,,,,,,,,
,,222,,,,,,,,,,
,,217,,,,,,,,,,
,,240,,,,,,,,,,
,,435,,,,,,,,,,
,,440,,,,,,,,,,
,,431,,,,,,,,,,
,,872,,,,,,,,,,
,,252,,,,,,,,,,
,,305,,,,,,,,,,
,,282,,,,,,,,,,
,,305,,,,,,,,,,
,,345,,,,,,,,,,
,,356,,,,,,,,,,
,,468,,,,,,,,,,
,,342,,,,,,,,,,
,,318,,,,,,,,,,
,,237,,,,,,,,,,
,,237,,,,,,,,,,
,,214,,,,,,,,,,
,,167,,,,,,,,,,
,,217,,,,,,,,,,
,,397,,,,,,,,,,
,,368,,,,,,,,,,
,,279,,,,,,,,,,
,,282,,,,,,,,,,
,,278,,,,,,,,,,
,,466,,,,,,,,,,
,,478,,,,,,,,,,
,,325,,,,,,,,,,
,,436,,,,,,,,,,
,,418,,,,,,,,,,
,,296,,,,,,,,,,
,,319,,,,,,,,,,
,,283,,,,,,,,,,
,,487,,,,,,,,,,
,,494,,,,,,,,,,
,,497,,,,,,,,,,
,,479,,,,,,,,,,
,,256,,,,,,,,,,
,,217,,,,,,,,,,
,,214,,,,,,,,,,
,,307,,,,,,,,,,
,,278,,,,,,,,,,
,,277,,,,,,,,,,
,,277,,,,,,,,,,
,,246,,,,,,,,,,
,,232,,,,,,,,,,
,,240,,,,,,,,,,
,,251,,,,,,,,,,
,,239,,,,,,,,,,
,,357,,,,,,,,,,
,,270,,,,,,,,,,
,,588,,,,,,,,,,
,,585,,,,,,,,,,
,,579,,,,,,,,,,
,,351,,,,,,,,,,
,,355,,,,,,,,,,
,,203,,,,,,,,,,
,,359,,,,,,,,,,
,,370,,,,,,,,,,
,,364,,,,,,,,,,
,,184,,,,,,,,,,
,,273,,,,,,,,,,
,,323,,,,,,,,,,
,,323,,,,,,,,,,
,,314,,,,,,,,,,
,,315,,,,,,,,,,
,,309,,,,,,,,,,
,,410,,,,,,,,,,
,,277,,,,,,,,,,
,,277,,,,,,,,,,
,,274,,,,,,,,,,
,,339,,,,,,,,,,
,,347,,,,,,,,,,
,,320,,,,,,,,,,
,,239,,,,,,,,,,
,,269,,,,,,,,,,
,,413,,,,,,,,,,
,,438,,,,,,,,,,
,,417,,,,,,,,,,
,,414,,,,,,,,,,
,,469,,,,,,,,,,
,,477,,,,,,,,,,
,,342,,,,,,,,,,
,,262,,,,,,,,,,
,,263,,,,,,,,,,
,,332,,,,,,,,,,
,,323,,,,,,,,,,
,,274,,,,,,,,,,
,,276,,,,,,,,,,
,,247,,,,,,,,,,
,,247,,,,,,,,,,
,,247,,,,,,,,,,
,,289,,,,,,,,,,
,,292,,,,,,,,,,
,,289,,,,,,,,,,
,,100,,,,,,,,,,
,,324,,,,,,,,,,
,,329,,,,,,,,,,
,,324,,,,,,,,,,
,,216,,,,,,,,,,
,,210,,,,,,,,,,
,,209,,,,,,,,,,
,,374,,,,,,,,,,
,,363,,,,,,,,,,
,,362,,,,,,,,,,
,,422,,,,,,,,,,
,,177,,,,,,,,,,
,,279,,,,,,,,,,
,,278,,,,,,,,,,
,,371,,,,,,,,,,
,,617,,,,,,,,,,
,,483,,,,,,,,,,
,,485,,,,,,,,,,
,,385,,,,,,,,,,
,,385,,,,,,,,,,
,,358,,,,,,,,,,
,,307,,,,,,,,,,
,,332,,,,,,,,,,
,,297,,,,,,,,,,
,,297,,,,,,,,,,
,,295,,,,,,,,,,
,,292,,,,,,,,,,
,,267,,,,,,,,,,
,,264,,,,,,,,,,
,,233,,,,,,,,,,
,,239,,,,,,,,,,
,,589,,,,,,,,,,
,,255,,,,,,,,,,
,,210,,,,,,,,,,
,,306,,,,,,,,,,
,,290,,,,,,,,,,
,,260,,,,,,,,,,
,,370,,,,,,,,,,
,,232,,,,,,,,,,
,,238,,,,,,,,,,
,,242,,,,,,,,,,
,,427,,,,,,,,,,
,,431,,,,,,,,,,
,,405,,,,,,,,,,
,,272,,,,,,,,,,
,,274,,,,,,,,,,
,,271,,,,,,,,,,
,,394,,,,,,,,,,
,,320,,,,,,,,,,
,,316,,,,,,,,,,
,,437,,,,,,,,,,
,,441,,,,,,,,,,
,,433,,,,,,,,,,
,,288,,,,,,,,,,
,,538,,,,,,,,,,
,,324,,,,,,,,,,
,,335,,,,,,,,,,
,,323,,,,,,,,,,
,,279,,,,,,,,,,
,,269,,,,,,,,,,
,,223,,,,,,,,,,
,,257,,,,,,,,,,
,,367,,,,,,,,,,
,,362,,,,,,,,,,
,,351,,,,,,,,,,
,,375,,,,,,,,,,
,,407,,,,,,,,,,
,,381,,,,,,,,,,
,,384,,,,,,,,,,
,,432,,,,,,,,,,
,,356,,,,,,,,,,
,,262,,,,,,,,,,
,,239,,,,,,,,,,
,,437,,,,,,,,,,
,,448,,,,,,,,,,
,,178,,,,,,,,,,
,,300,,,,,,,,,,
,,299,,,,,,,,,,
,,325,,,,,,,,,,
,,503,,,,,,,,,,
,,458,,,,,,,,,,
,,469,,,,,,,,,,
,,523,,,,,,,,,,
,,540,,,,,,,,,,
,,266,,,,,,,,,,
,,274,,,,,,,,,,
,,271,,,,,,,,,,
,,231,,,,,,,,,,
,,234,,,,,,,,,,
,,237,,,,,,,,,,
,,245,,,,,,,,,,
,,245,,,,,,,,,,
,,295,,,,,,,,,,
,,417,,,,,,,,,,
,,395,,,,,,,,,,
,,297,,,,,,,,,,
,,348,,,,,,,,,,
,,312,,,,,,,,,,
,,236,,,,,,,,,,
,,348,,,,,,,,,,
,,356,,,,,,,,,,
,,273,,,,,,,,,,
,,538,,,,,,,,,,
,,340,,,,,,,,,,
,,343,,,,,,,,,,
,,336,,,,,,,,,,
,,339,,,,,,,,,,
,,304,,,,,,,,,,
,,327,,,,,,,,,,
,,322,,,,,,,,,,
,,315,,,,,,,,,,
,,307,,,,,,,,,,
,,310,,,,,,,,,,
,,357,,,,,,,,,,
,,316,,,,,,,,,,
,,297,,,,,,,,,,
,,237,,,,,,,,,,
,,222,,,,,,,,,,
,,223,,,,,,,,,,
,,226,,,,,,,,,,
,,457,,,,,,,,,,
,,366,,,,,,,,,,
,,326,,,,,,,,,,
,,333,,,,,,,,,,
,,544,,,,,,,,,,
,,323,,,,,,,,,,
,,326,,,,,,,,,,
,,192,,,,,,,,,,
,,196,,,,,,,,,,
,,638,,,,,,,,,,
,,486,,,,,,,,,,
,,489,,,,,,,,,,
,,406,,,,,,,,,,
,,258,,,,,,,,,,
,,245,,,,,,,,,,
,,226,,,,,,,,,,
,,273,,,,,,,,,,
,,278,,,,,,,,,,
,,274,,,,,,,,,,
,,316,,,,,,,,,,
,,317,,,,,,,,,,
,,295,,,,,,,,,,
,,302,,,,,,,,,,
,,303,,,,,,,,,,
,,540,,,,,,,,,,
,,430,,,,,,,,,,
,,432,,,,,,,,,,
,,241,,,,,,,,,,
,,333,,,,,,,,,,
,,386,,,,,,,,,,
,,434,,,,,,,,,,
,,434,,,,,,,,,,
,,402,,,,,,,,,,
,,408,,,,,,,,,,
,,402,,,,,,,,,,
,,592,,,,,,,,,,
,,592,,,,,,,,,,
,,585,,,,,,,,,,
,,324,,,,,,,,,,
,,346,,,,,,,,,,
,,413,,,,,,,,,,
,,420,,,,,,,,,,
,,428,,,,,,,,,,
,,335,,,,,,,,,,
,,344,,,,,,,,,,
,,597,,,,,,,,,,
,,612,,,,,,,,,,
,,314,,,,,,,,,,
,,314,,,,,,,,,,
,,326,,,,,,,,,,
,,512,,,,,,,,,,
,,517,,,,,,,,,,
,,400,,,,,,,,,,
,,432,,,,,,,,,,
,,349,,,,,,,,,,
,,356,,,,,,,,,,
,,202,,,,,,,,,,
,,203,,,,,,,,,,
,,324,,,,,,,,,,
,,326,,,,,,,,,,
,,232,,,,,,,,,,
,,252,,,,,,,,,,
,,275,,,,,,,,,,
,,877,,,,,,,,,,
,,995,,,,,,,,,,
,,427,,,,,,,,,,
,,422,,,,,,,,,,
,,379,,,,,,,,,,
,,358,,,,,,,,,,
,,393,,,,,,,,,,
,,271,,,,,,,,,,
,,272,,,,,,,,,,
,,332,,,,,,,,,,
,,336,,,,,,,,,,
,,472,,,,,,,,,,
,,181,,,,,,,,,,
,,271,,,,,,,,,,
,,362,,,,,,,,,,
,,414,,,,,,,,,,
,,362,,,,,,,,,,
,,597,,,,,,,,,,
,,905,,,,,,,,,,
,,473,,,,,,,,,,
,,527,,,,,,,,,,
,,524,,,,,,,,,,
,,494,,,,,,,,,,
,,302,,,,,,,,,,
,,308,,,,,,,,,,
,,317,,,,,,,,,,
,,331,,,,,,,,,,
,,578,,,,,,,,,,
,,577,,,,,,,,,,
,,241,,,,,,,,,,
,,353,,,,,,,,,,
,,355,,,,,,,,,,
,,170,,,,,,,,,,
,,313,,,,,,,,,,
,,286,,,,,,,,,,
,,286,,,,,,,,,,
,,374,,,,,,,,,,
,,378,,,,,,,,,,
,,586,,,,,,,,,,
,,586,,,,,,,,,,
,,511,,,,,,,,,,
,,501,,,,,,,,,,
,,244,,,,,,,,,,
,,254,,,,,,,,,,
,,227,,,,,,,,,,
,,512,,,,,,,,,,
,,518,,,,,,,,,,
,,568,,,,,,,,,,
,,568,,,,,,,,,,
,,733,,,,,,,,,,
,,735,,,,,,,,,,
,,471,,,,,,,,,,
,,305,,,,,,,,,,
,,546,,,,,,,,,,
,,494,,,,,,,,,,
,,442,,,,,,,,,,
,,252,,,,,,,,,,
,,257,,,,,,,,,,
,,257,,,,,,,,,,
,,258,,,,,,,,,,
,,322,,,,,,,,,,
,,333,,,,,,,,,,
,,327,,,,,,,,,,
,,314,,,,,,,,,,
,,343,,,,,,,,,,
,,380,,,,,,,,,,
,,388,,,,,,,,,,
,,293,,,,,,,,,,
,,379,,,,,,,,,,
,,437,,,,,,,,,,
,,448,,,,,,,,,,
,,484,,,,,,,,,,
,,381,,,,,,,,,,
,,583,,,,,,,,,,
,,598,,,,,,,,,,
,,492,,,,,,,,,,
,,460,,,,,,,,,,
,,361,,,,,,,,,,
,,370,,,,,,,,,,
,,872,,,,,,,,,,
,,877,,,,,,,,,,
,,400,,,,,,,,,,
,,613,,,,,,,,,,
,,584,,,,,,,,,,
,,583,,,,,,,,,,
,,594,,,,,,,,,,
,,597,,,,,,,,,,
,,489,,,,,,,,,,
,,605,,,,,,,,,,
,,525,,,,,,,,,,
,,530,,,,,,,,,,
,,533,,,,,,,,,,
,,436,,,,,,,,,,
,,436,,,,,,,,,,
,,436,,,,,,,,,,
,,245,,,,,,,,,,
,,389,,,,,,,,,,
,,512,,,,,,,,,,
,,363,,,,,,,,,,
,,370,,,,,,,,,,
,,381,,,,,,,,,,
,,649,,,,,,,,,,
,,652,,,,,,,,,,
,,190,,,,,,,,,,
,,553,,,,,,,,,,
,,257,,,,,,,,,,
,,266,,,,,,,,,,
,,275,,,,,,,,,,
,,338,,,,,,,,,,
,,361,,,,,,,,,,
,,351,,,,,,,,,,
,,935,,,,,,,,,,
,,526,,,,,,,,,,
,,515,,,,,,,,,,
,,505,,,,,,,,,,
,,240,,,,,,,,,,
,,230,,,,,,,,,,
,,224,,,,,,,,,,
,,261,,,,,,,,,,
,,261,,,,,,,,,,
,,262,,,,,,,,,,
,,701,,,,,,,,,,
,,730,,,,,,,,,,
,,730,,,,,,,,,,
,,188,,,,,,,,,,
,,187,,,,,,,,,,
,,182,,,,,,,,,,
,,221,,,,,,,,,,
,,215,,,,,,,,,,
,,206,,,,,,,,,,
,,337,,,,,,,,,,
,,361,,,,,,,,,,
,,390,,,,,,,,,,
,,245,,,,,,,,,,
,,249,,,,,,,,,,
,,283,,,,,,,,,,
,,231,,,,,,,,,,
,,302,,,,,,,,,,
,,292,,,,,,,,,,
,,295,,,,,,,,,,
,,296,,,,,,,,,,
,,208,,,,,,,,,,
,,248,,,,,,,,,,
,,249,,,,,,,,,,
,,246,,,,,,,,,,
,,241,,,,,,,,,,
,,241,,,,,,,,,,
,,177,,,,,,,,,,
,,209,,,,,,,,,,
,,214,,,,,,,,,,
,,222,,,,,,,,,,
,,262,,,,,,,,,,
,,270,,,,,,,,,,
,,279,,,,,,,,,,
,,257,,,,,,,,,,
,,279,,,,,,,,,,
,,232,,,,,,,,,,
,,307,,,,,,,,,,
,,306,,,,,,,,,,
,,334,,,,,,,,,,
,,268,,,,,,,,,,
,,290,,,,,,,,,,
,,296,,,,,,,,,,
,,153,,,,,,,,,,
,,203,,,,,,,,,,
,,204,,,,,,,,,,
,,263,,,,,,,,,,
,,266,,,,,,,,,,
,,263,,,,,,,,,,
,,279,,,,,,,,,,
,,280,,,,,,,,,,
,,277,,,,,,,,,,
,,278,,,,,,,,,,
,,266,,,,,,,,,,
,,275,,,,,,,,,,
,,259,,,,,,,,,,
,,266,,,,,,,,,,
,,262,,,,,,,,,,
,,517,,,,,,,,,,
,,517,,,,,,,,,,
,,511,,,,,,,,,,
,,533,,,,,,,,,,
,,658,,,,,,,,,,
,,351,,,,,,,,,,
,,185,,,,,,,,,,
,,189,,,,,,,,,,
,,117,,,,,,,,,,
,,375,,,,,,,,,,
,,375,,,,,,,,,,
,,235,,,,,,,,,,
,,242,,,,,,,,,,
,,250,,,,,,,,,,
,,271,,,,,,,,,,
,,258,,,,,,,,,,
,,255,,,,,,,,,,
,,451,,,,,,,,,,
,,279,,,,,,,,,,
,,279,,,,,,,,,,
,,287,,,,,,,,,,
,,292,,,,,,,,,,
,,310,,,,,,,,,,
,,319,,,,,,,,,,
,,314,,,,,,,,,,
,,288,,,,,,,,,,
,,296,,,,,,,,,,
,,291,,,,,,,,,,
,,288,,,,,,,,,,
,,520,,,,,,,,,,
,,691,,,,,,,,,,
,,199,,,,,,,,,,
,,284,,,,,,,,,,
,,293,,,,,,,,,,
,,290,,,,,,,,,,
,,318,,,,,,,,,,
,,340,,,,,,,,,,
,,333,,,,,,,,,,
,,311,,,,,,,,,,
,,310,,,,,,,,,,
,,305,,,,,,,,,,
,,241,,,,,,,,,,
,,242,,,,,,,,,,
,,242,,,,,,,,,,
,,387,,,,,,,,,,
,,379,,,,,,,,,,
,,332,,,,,,,,,,
,,334,,,,,,,,,,
,,274,,,,,,,,,,
,,254,,,,,,,,,,
,,246,,,,,,,,,,
,,243,,,,,,,,,,
,,257,,,,,,,,,,
,,262,,,,,,,,,,
,,240,,,,,,,,,,
,,341,,,,,,,,,,
,,207,,,,,,,,,,
,,213,,,,,,,,,,
,,214,,,,,,,,,,
,,230,,,,,,,,,,
,,230,,,,,,,,,,
,,272,,,,,,,,,,
,,273,,,,,,,,,,
,,271,,,,,,,,,,
,,400,,,,,,,,,,
,,368,,,,,,,,,,
,,396,,,,,,,,,,
,,222,,,,,,,,,,
,,229,,,,,,,,,,
,,226,,,,,,,,,,
,,255,,,,,,,,,,
,,252,,,,,,,,,,
,,254,,,,,,,,,,
,,256,,,,,,,,,,
,,263,,,,,,,,,,
,,261,,,,,,,,,,
,,291,,,,,,,,,,
,,313,,,,,,,,,,
,,338,,,,,,,,,,
,,235,,,,,,,,,,
,,236,,,,,,,,,,
,,236,,,,,,,,,,
,,231,,,,,,,,,,
,,231,,,,,,,,,,
,,164,,,,,,,,,,
,,169,,,,,,,,,,
,,169,,,,,,,,,,
,,279,,,,,,,,,,
,,346,,,,,,,,,,
,,480,,,,,,,,,,
,,230,,,,,,,,,,
,,493,,,,,,,,,,
,,466,,,,,,,,,,
,,471,,,,,,,,,,
,,193,,,,,,,,,,
,,193,,,,,,,,,,
,,210,,,,,,,,,,
,,216,,,,,,,,,,
,,217,,,,,,,,,,
,,135,,,,,,,,,,
,,289,,,,,,,,,,
,,591,,,,,,,,,,
,,606,,,,,,,,,,
,,567,,,,,,,,,,
,,103,,,,,,,,,,
,,254,,,,,,,,,,
,,254,,,,,,,,,,
,,251,,,,,,,,,,
,,261,,,,,,,,,,
,,269,,,,,,,,,,
,,192,,,,,,,,,,
,,87,,,,,,,,,,
,,315,,,,,,,,,,
,,316,,,,,,,,,,
,,312,,,,,,,,,,
,,354,,,,,,,,,,
,,342,,,,,,,,,,
,,335,,,,,,,,,,
,,266,,,,,,,,,,
,,273,,,,,,,,,,
,,273,,,,,,,,,,
,,307,,,,,,,,,,
,,318,,,,,,,,,,
,,318,,,,,,,,,,
,,185,,,,,,,,,,
,,240,,,,,,,,,,
,,248,,,,,,,,,,
,,254,,,,,,,,,,
,,225,,,,,,,,,,
,,215,,,,,,,,,,
,,210,,,,,,,,,,
,,307,,,,,,,,,,
,,240,,,,,,,,,,
,,243,,,,,,,,,,
,,231,,,,,,,,,,
,,249,,,,,,,,,,
,,256,,,,,,,,,,
,,253,,,,,,,,,,
,,266,,,,,,,,,,
,,553,,,,,,,,,,
,,572,,,,,,,,,,
,,572,,,,,,,,,,
,,575,,,,,,,,,,
,,253,,,,,,,,,,
,,330,,,,,,,,,,
,,341,,,,,,,,,,
,,321,,,,,,,,,,
,,279,,,,,,,,,,
,,301,,,,,,,,,,
,,172,,,,,,,,,,
,,173,,,,,,,,,,
,,225,,,,,,,,,,
,,226,,,,,,,,,,
,,340,,,,,,,,,,
,,263,,,,,,,,,,
,,305,,,,,,,,,,
,,281,,,,,,,,,,
,,281,,,,,,,,,,
,,278,,,,,,,,,,
,,50,,,,,,,,,,
,,318,,,,,,,,,,
,,329,,,,,,,,,,
,,274,,,,,,,,,,
,,275,,,,,,,,,,
,,272,,,,,,,,,,
,,449,,,,,,,,,,
,,444,,,,,,,,,,
,,440,,,,,,,,,,
,,205,,,,,,,,,,
,,477,,,,,,,,,,
,,496,,,,,,,,,,
,,249,,,,,,,,,,
,,528,,,,,,,,,,
,,528,,,,,,,,,,
,,267,,,,,,,,,,
,,274,,,,,,,,,,
,,271,,,,,,,,,,
,,474,,,,,,,,,,
,,476,,,,,,,,,,
,,467,,,,,,,,,,
,,279,,,,,,,,,,
,,291,,,,,,,,,,
,,291,,,,,,,,,,
,,434,,,,,,,,,,
,,432,,,,,,,,,,
,,272,,,,,,,,,,
,,304,,,,,,,,,,
,,306,,,,,,,,,,
,,301,,,,,,,,,,
,,334,,,,,,,,,,
,,352,,,,,,,,,,
,,322,,,,,,,,,,
,,599,,,,,,,,,,
,,78,,,,,,,,,,
,,196,,,,,,,,,,
,,203,,,,,,,,,,
,,285,,,,,,,,,,
,,299,,,,,,,,,,
,,247,,,,,,,,,,
,,252,,,,,,,,,,
,,249,,,,,,,,,,
,,226,,,,,,,,,,
,,330,,,,,,,,,,
,,325,,,,,,,,,,
,,321,,,,,,,,,,
,,322,,,,,,,,,,
,,317,,,,,,,,,,
,,326,,,,,,,,,,
,,188,,,,,,,,,,
,,507,,,,,,,,,,
,,123,,,,,,,,,,
,,303,,,,,,,,,,
,,183,,,,,,,,,,
,,280,,,,,,,,,,
,,280,,,,,,,,,,
,,280,,,,,,,,,,
,,280,,,,,,,,,,
,,314,,,,,,,,,,
,,323,,,,,,,,,,
,,318,,,,,,,,,,
,,315,,,,,,,,,,
,,202,,,,,,,,,,
,,208,,,,,,,,,,
,,215,,,,,,,,,,
,,214,,,,,,,,,,
,,194,,,,,,,,,,
,,214,,,,,,,,,,
,,212,,,,,,,,,,
,,187,,,,,,,,,,
,,181,,,,,,,,,,
,,219,,,,,,,,,,
,,235,,,,,,,,,,
,,234,,,,,,,,,,
,,235,,,,,,,,,,
,,212,,,,,,,,,,
,,252,,,,,,,,,,
,,252,,,,,,,,,,
,,245,,,,,,,,,,
,,250,,,,,,,,,,
,,193,,,,,,,,,,
,,198,,,,,,,,,,
,,298,,,,,,,,,,
,,298,,,,,,,,,,
,,349,,,,,,,,,,
,,351,,,,,,,,,,
,,281,,,,,,,,,,
,,290,,,,,,,,,,
,,285,,,,,,,,,,
,,282,,,,,,,,,,
,,400,,,,,,,,,,
,,500,,,,,,,,,,
,,242,,,,,,,,,,
,,238,,,,,,,,,,
,,238,,,,,,,,,,
,,259,,,,,,,,,,
,,264,,,,,,,,,,
,,262,,,,,,,,,,
,,192,,,,,,,,,,
,,258,,,,,,,,,,
,,263,,,,,,,,,,
,,262,,,,,,,,,,
,,212,,,,,,,,,,
,,216,,,,,,,,,,
,,216,,,,,,,,,,
,,406,,,,,,,,,,
,,408,,,,,,,,,,
,,400,,,,,,,,,,
,,299,,,,,,,,,,
,,304,,,,,,,,,,
,,301,,,,,,,,,,
,,294,,,,,,,,,,
,,290,,,,,,,,,,
,,290,,,,,,,,,,
,,204,,,,,,,,,,
,,220,,,,,,,,,,
,,255,,,,,,,,,,
,,262,,,,,,,,,,
,,260,,,,,,,,,,
,,256,,,,,,,,,,
,,306,,,,,,,,,,
,,314,,,,,,,,,,
,,918,,,,,,,,,,
,,728,,,,,,,,,,
,,619,,,,,,,,,,
,,241,,,,,,,,,,
,,245,,,,,,,,,,
,,350,,,,,,,,,,
,,333,,,,,,,,,,
,,268,,,,,,,,,,
,,274,,,,,,,,,,
,,270,,,,,,,,,,
,,267,,,,,,,,,,
,,260,,,,,,,,,,
,,266,,,,,,,,,,
,,245,,,,,,,,,,
,,246,,,,,,,,,,
,,250,,,,,,,,,,
,,336,,,,,,,,,,
,,413,,,,,,,,,,
,,337,,,,,,,,,,
,,332,,,,,,,,,,
,,238,,,,,,,,,,
,,238,,,,,,,,,,
,,238,,,,,,,,,,
,,228,,,,,,,,,,
,,293,,,,,,,,,,
,,207,,,,,,,,,,
,,401,,,,,,,,,,
,,265,,,,,,,,,,
,,248,,,,,,,,,,
,,229,,,,,,,,,,
,,228,,,,,,,,,,
,,250,,,,,,,,,,
,,200,,,,,,,,,,
,,199,,,,,,,,,,
,,198,,,,,,,,,,
,,76,,,,,,,,,,
,,259,,,,,,,,,,
,,256,,,,,,,,,,
,,310,,,,,,,,,,
,,315,,,,,,,,,,
,,313,,,,,,,,,,
,,302,,,,,,,,,,
,,306,,,,,,,,,,
,,255,,,,,,,,,,
,,173,,,,,,,,,,
,,191,,,,,,,,,,
,,195,,,,,,,,,,
,,194,,,,,,,,,,
,,213,,,,,,,,,,
,,228,,,,,,,,,,
,,376,,,,,,,,,,
,,177,,,,,,,,,,
,,232,,,,,,,,,,
,,239,,,,,,,,,,
,,221,,,,,,,,,,
,,225,,,,,,,,,,
,,235,,,,,,,,,,
,,267,,,,,,,,,,
,,275,,,,,,,,,,
,,272,,,,,,,,,,
,,394,,,,,,,,,,
,,402,,,,,,,,,,
,,306,,,,,,,,,,
,,315,,,,,,,,,,
,,312,,,,,,,,,,
,,319,,,,,,,,,,
,,292,,,,,,,,,,
,,253,,,,,,,,,,
,,259,,,,,,,,,,
,,255,,,,,,,,,,
,,252,,,,,,,,,,
,,373,,,,,,,,,,
,,386,,,,,,,,,,
,,382,,,,,,,,,,
,,660,,,,,,,,,,
,,664,,,,,,,,,,
,,340,,,,,,,,,,
,,351,,,,,,,,,,
,,351,,,,,,,,,,
,,353,,,,,,,,,,
,,201,,,,,,,,,,
,,257,,,,,,,,,,
,,235,,,,,,,,,,
,,240,,,,,,,,,,
,,598,,,,,,,,,,
,,272,,,,,,,,,,
,,272,,,,,,,,,,
,,270,,,,,,,,,,
,,681,,,,,,,,,,
,,319,,,,,,,,,,
,,319,,,,,,,,,,
,,352,,,,,,,,,,
,,465,,,,,,,,,,
,,432,,,,,,,,,,
,,365,,,,,,,,,,
,,432,,,,,,,,,,
,,617,,,,,,,,,,
,,676,,,,,,,,,,
,,750,,,,,,,,,,
,,523,,,,,,,,,,
,,541,,,,,,,,,,
,,544,,,,,,,,,,
,,233,,,,,,,,,,
,,314,,,,,,,,,,
,,376,,,,,,,,,,
,,364,,,,,,,,,,
,,375,,,,,,,,,,
,,226,,,,,,,,,,
,,289,,,,,,,,,,
,,293,,,,,,,,,,
,,301,,,,,,,,,,
,,313,,,,,,,,,,
,,446,,,,,,,,,,
,,263,,,,,,,,,,
,,267,,,,,,,,,,
,,266,,,,,,,,,,
,,215,,,,,,,,,,
,,221,,,,,,,,,,
,,222,,,,,,,,,,
,,207,,,,,,,,,,
,,278,,,,,,,,,,
,,278,,,,,,,,,,
,,278,,,,,,,,,,
,,205,,,,,,,,,,
,,291,,,,,,,,,,
,,286,,,,,,,,,,
,,48,,,,,,,,,,
,,314,,,,,,,,,,
,,219,,,,,,,,,,
,,248,,,,,,,,,,
,,259,,,,,,,,,,
,,257,,,,,,,,,,
,,252,,,,,,,,,,
,,252,,,,,,,,,,
,,258,,,,,,,,,,
,,265,,,,,,,,,,
,,266,,,,,,,,,,
,,264,,,,,,,,,,
,,257,,,,,,,,,,
,,264,,,,,,,,,,
,,264,,,,,,,,,,
,,297,,,,,,,,,,
,,290,,,,,,,,,,
,,286,,,,,,,,,,
,,298,,,,,,,,,,
,,226,,,,,,,,,,
,,231,,,,,,,,,,
,,238,,,,,,,,,,
,,238,,,,,,,,,,
,,215,,,,,,,,,,
,,222,,,,,,,,,,
,,228,,,,,,,,,,
,,248,,,,,,,,,,
,,255,,,,,,,,,,
,,147,,,,,,,,,,
,,249,,,,,,,,,,
,,461,,,,,,,,,,
,,549,,,,,,,,,,
,,294,,,,,,,,,,
,,320,,,,,,,,,,
,,327,,,,,,,,,,
,,270,,,,,,,,,,
,,273,,,,,,,,,,
,,236,,,,,,,,,,
,,237,,,,,,,,,,
,,572,,,,,,,,,,
,,275,,,,,,,,,,
,,283,,,,,,,,,,
,,269,,,,,,,,,,
,,266,,,,,,,,,,
,,512,,,,,,,,,,
,,512,,,,,,,,,,
,,658,,,,,,,,,,
,,554,,,,,,,,,,
,,225,,,,,,,,,,
,,335,,,,,,,,,,
,,345,,,,,,,,,,
,,339,,,,,,,,,,
,,336,,,,,,,,,,
,,507,,,,,,,,,,
,,507,,,,,,,,,,
,,509,,,,,,,,,,
,,267,,,,,,,,,,
,,287,,,,,,,,,,
,,287,,,,,,,,,,
,,232,,,,,,,,,,
,,313,,,,,,,,,,
,,322,,,,,,,,,,
,,226,,,,,,,,,,
,,234,,,,,,,,,,
,,235,,,,,,,,,,
,,387,,,,,,,,,,
,,358,,,,,,,,,,
,,354,,,,,,,,,,
,,202,,,,,,,,,,
,,209,,,,,,,,,,
,,213,,,,,,,,,,
,,279,,,,,,,,,,
,,453,,,,,,,,,,
,,233,,,,,,,,,,
,,240,,,,,,,,,,
,,241,,,,,,,,,,
,,289,,,,,,,,,,
,,296,,,,,,,,,,
,,282,,,,,,,,,,
,,291,,,,,,,,,,
,,299,,,,,,,,,,
,,236,,,,,,,,,,
,,320,,,,,,,,,,
,,329,,,,,,,,,,
,,326,,,,,,,,,,
,,397,,,,,,,,,,
,,352,,,,,,,,,,
,,251,,,,,,,,,,
,,212,,,,,,,,,,
,,329,,,,,,,,,,
,,356,,,,,,,,,,
,,359,,,,,,,,,,
,,279,,,,,,,,,,
,,288,,,,,,,,,,
,,288,,,,,,,,,,
,,233,,,,,,,,,,
,,241,,,,,,,,,,
,,242,,,,,,,,,,
,,453,,,,,,,,,,
,,431,,,,,,,,,,
,,448,,,,,,,,,,
,,448,,,,,,,,,,
,,439,,,,,,,,,,
,,254,,,,,,,,,,
,,239,,,,,,,,,,
,,236,,,,,,,,,,
,,282,,,,,,,,,,
,,363,,,,,,,,,,
,,212,,,,,,,,,,
,,216,,,,,,,,,,
,,277,,,,,,,,,,
,,261,,,,,,,,,,
,,262,,,,,,,,,,
,,447,,,,,,,,,,
,,266,,,,,,,,,,
,,334,,,,,,,,,,
,,359,,,,,,,,,,
,,371,,,,,,,,,,
,,259,,,,,,,,,,
,,265,,,,,,,,,,
,,267,,,,,,,,,,
,,245,,,,,,,,,,
,,268,,,,,,,,,,
,,270,,,,,,,,,,
,,266,,,,,,,,,,
,,456,,,,,,,,,,
,,456,,,,,,,,,,
,,461,,,,,,,,,,
,,216,,,,,,,,,,
,,225,,,,,,,,,,
,,350,,,,,,,,,,
,,191,,,,,,,,,,
,,257,,,,,,,,,,
,,234,,,,,,,,,,
,,238,,,,,,,,,,
,,373,,,,,,,,,,
,,377,,,,,,,,,,
,,303,,,,,,,,,,
,,309,,,,,,,,,,
,,262,,,,,,,,,,
,,358,,,,,,,,,,
,,256,,,,,,,,,,
,,440,,,,,,,,,,
,,432,,,,,,,,,,
,,434,,,,,,,,,,
,,280,,,,,,,,,,
,,288,,,,,,,,,,
,,288,,,,,,,,,,
,,289,,,,,,,,,,
,,472,,,,,,,,,,
,,479,,,,,,,,,,
,,481,,,,,,,,,,
,,198,,,,,,,,,,
,,202,,,,,,,,,,
,,182,,,,,,,,,,
,,310,,,,,,,,,,
,,315,,,,,,,,,,
,,312,,,,,,,,,,
,,238,,,,,,,,,,
,,242,,,,,,,,,,
,,261,,,,,,,,,,
,,268,,,,,,,,,,
,,188,,,,,,,,,,
,,45,,,,,,,,,,
,,267,,,,,,,,,,
,,268,,,,,,,,,,
,,272,,,,,,,,,,
,,249,,,,,,,,,,
,,236,,,,,,,,,,
,,265,,,,,,,,,,
,,223,,,,,,,,,,
,,230,,,,,,,,,,
,,233,,,,,,,,,,
,,282,,,,,,,,,,
,,291,,,,,,,,,,
,,292,,,,,,,,,,
,,281,,,,,,,,,,
,,286,,,,,,,,,,
,,283,,,,,,,,,,
,,262,,,,,,,,,,
,,270,,,,,,,,,,
,,218,,,,,,,,,,
,,179,,,,,,,,,,
,,394,,,,,,,,,,
,,260,,,,,,,,,,
,,262,,,,,,,,,,
,,263,,,,,,,,,,
,,614,,,,,,,,,,
,,553,,,,,,,,,,
,,542,,,,,,,,,,
,,273,,,,,,,,,,
,,278,,,,,,,,,,
,,261,,,,,,,,,,
,,588,,,,,,,,,,
,,306,,,,,,,,,,
,,306,,,,,,,,,,
,,389,,,,,,,,,,
,,233,,,,,,,,,,
,,231,,,,,,,,,,
,,251,,,,,,,,,,
,,273,,,,,,,,,,
,,218,,,,,,,,,,
,,236,,,,,,,,,,
,,259,,,,,,,,,,
,,510,,,,,,,,,,
,,526,,,,,,,,,,
,,544,,,,,,,,,,
,,260,,,,,,,,,,
,,268,,,,,,,,,,
,,403,,,,,,,,,,
,,407,,,,,,,,,,
,,249,,,,,,,,,,
,,257,,,,,,,,,,
,,253,,,,,,,,,,
,,295,,,,,,,,,,
,,122,,,,,,,,,,
,,325,,,,,,,,,,
,,402,,,,,,,,,,
,,223,,,,,,,,,,
,,223,,,,,,,,,,
,,223,,,,,,,,,,
,,688,,,,,,,,,,
,,705,,,,,,,,,,
,,744,,,,,,,,,,
,,285,,,,,,,,,,
,,286,,,,,,,,,,
,,290,,,,,,,,,,
,,388,,,,,,,,,,
,,397,,,,,,,,,,
,,311,,,,,,,,,,
,,336,,,,,,,,,,
,,390,,,,,,,,,,
,,388,,,,,,,,,,
,,388,,,,,,,,,,
,,390,,,,,,,,,,
,,347,,,,,,,,,,
,,354,,,,,,,,,,
,,363,,,,,,,,,,
,,369,,,,,,,,,,
,,462,,,,,,,,,,
,,527,,,,,,,,,,
,,536,,,,,,,,,,
,,546,,,,,,,,,,
,,246,,,,,,,,,,
,,245,,,,,,,,,,
,,246,,,,,,,,,,
,,332,,,,,,,,,,
,,334,,,,,,,,,,
,,323,,,,,,,,,,
,,325,,,,,,,,,,
,,292,,,,,,,,,,
,,341,,,,,,,,,,
,,287,,,,,,,,,,
,,287,,,,,,,,,,
,,288,,,,,,,,,,
,,488,,,,,,,,,,
,,583,,,,,,,,,,
,,337,,,,,,,,,,
,,323,,,,,,,,,,
,,316,,,,,,,,,,
,,310,,,,,,,,,,
,,563,,,,,,,,,,
,,563,,,,,,,,,,
,,552,,,,,,,,,,
,,264,,,,,,,,,,
,,273,,,,,,,,,,
,,274,,,,,,,,,,
,,196,,,,,,,,,,
,,203,,,,,,,,,,
,,204,,,,,,,,,,
,,292,,,,,,,,,,
,,245,,,,,,,,,,
,,276,,,,,,,,,,
,,276,,,,,,,,,,
,,243,,,,,,,,,,
,,248,,,,,,,,,,
,,249,,,,,,,,,,
,,578,,,,,,,,,,
,,535,,,,,,,,,,
,,578,,,,,,,,,,
,,297,,,,,,,,,,
,,240,,,,,,,,,,
,,240,,,,,,,,,,
,,248,,,,,,,,,,
,,761,,,,,,,,,,
,,765,,,,,,,,,,
,,253,,,,,,,,,,
,,248,,,,,,,,,,
,,324,,,,,,,,,,
,,326,,,,,,,,,,
,,534,,,,,,,,,,
,,579,,,,,,,,,,
,,652,,,,,,,,,,
,,652,,,,,,,,,,
,,289,,,,,,,,,,
,,254,,,,,,,,,,
,,257,,,,,,,,,,
,,279,,,,,,,,,,
,,673,,,,,,,,,,
,,635,,,,,,,,,,
,,656,,,,,,,,,,
,,199,,,,,,,,,,
,,243,,,,,,,,,,
,,246,,,,,,,,,,
,,256,,,,,,,,,,
,,349,,,,,,,,,,
,,358,,,,,,,,,,
,,352,,,,,,,,,,
,,283,,,,,,,,,,
,,306,,,,,,,,,,
,,365,,,,,,,,,,
,,278,,,,,,,,,,
,,289,,,,,,,,,,
,,320,,,,,,,,,,
,,286,,,,,,,,,,
,,325,,,,,,,,,,
,,459,,,,,,,,,,
,,682,,,,,,,,,,
,,241,,,,,,,,,,
,,238,,,,,,,,,,
,,239,,,,,,,,,,
,,259,,,,,,,,,,
,,268,,,,,,,,,,
,,269,,,,,,,,,,
,,266,,,,,,,,,,
,,274,,,,,,,,,,
,,402,,,,,,,,,,
,,386,,,,,,,,,,
,,386,,,,,,,,,,
,,1084,,,,,,,,,,
,,666,,,,,,,,,,
,,666,,,,,,,,,,
,,237,,,,,,,,,,
,,264,,,,,,,,,,
,,272,,,,,,,,,,
,,283,,,,,,,,,,
,,414,,,,,,,,,,
,,418,,,,,,,,,,
,,252,,,,,,,,,,
,,257,,,,,,,,,,
,,618,,,,,,,,,,
,,621,,,,,,,,,,
,,618,,,,,,,,,,
,,252,,,,,,,,,,
,,278,,,,,,,,,,
,,285,,,,,,,,,,
,,612,,,,,,,,,,
,,352,,,,,,,,,,
,,302,,,,,,,,,,
,,311,,,,,,,,,,
,,308,,,,,,,,,,
,,227,,,,,,,,,,
,,225,,,,,,,,,,
,,336,,,,,,,,,,
,,400,,,,,,,,,,
,,274,,,,,,,,,,
,,353,,,,,,,,,,
,,381,,,,,,,,,,
,,396,,,,,,,,,,
,,404,,,,,,,,,,
,,313,,,,,,,,,,
,,310,,,,,,,,,,
,,330,,,,,,,,,,
,,304,,,,,,,,,,
,,254,,,,,,,,,,
,,398,,,,,,,,,,
,,794,,,,,,,,,,
,,200,,,,,,,,,,
,,346,,,,,,,,,,
,,348,,,,,,,,,,
,,281,,,,,,,,,,
,,288,,,,,,,,,,
,,380,,,,,,,,,,
,,386,,,,,,,,,,
,,382,,,,,,,,,,
,,837,,,,,,,,,,
,,315,,,,,,,,,,
,,338,,,,,,,,,,
,,412,,,,,,,,,,
,,445,,,,,,,,,,
,,445,,,,,,,,,,
,,532,,,,,,,,,,
,,575,,,,,,,,,,
,,288,,,,,,,,,,
,,304,,,,,,,,,,
,,572,,,,,,,,,,
,,386,,,,,,,,,,
,,371,,,,,,,,,,
,,364,,,,,,,,,,
,,852,,,,,,,,,,
,,232,,,,,,,,,,
,,221,,,,,,,,,,
,,221,,,,,,,,,,
,,341,,,,,,,,,,
,,497,,,,,,,,,,
,,511,,,,,,,,,,
,,552,,,,,,,,,,
,,552,,,,,,,,,,
,,223,,,,,,,,,,
,,243,,,,,,,,,,
,,198,,,,,,,,,,
,,290,,,,,,,,,,
,,316,,,,,,,,,,
,,361,,,,,,,,,,
,,1001,,,,,,,,,,
,,409,,,,,,,,,,
,,411,,,,,,,,,,
,,327,,,,,,,,,,
,,660,,,,,,,,,,
,,656,,,,,,,,,,
,,657,,,,,,,,,,
,,705,,,,,,,,,,
,,749,,,,,,,,,,
,,235,,,,,,,,,,
,,236,,,,,,,,,,
,,287,,,,,,,,,,
,,352,,,,,,,,,,
,,357,,,,,,,,,,
,,352,,,,,,,,,,
,,348,,,,,,,,,,
,,587,,,,,,,,,,
,,332,,,,,,,,,,
,,335,,,,,,,,,,
,,347,,,,,,,,,,
,,215,,,,,,,,,,
,,287,,,,,,,,,,
,,291,,,,,,,,,,
,,289,,,,,,,,,,
,,278,,,,,,,,,,
,,286,,,,,,,,,,
,,378,,,,,,,,,,
,,395,,,,,,,,,,
,,327,,,,,,,,,,
,,367,,,,,,,,,,
,,755,,,,,,,,,,
,,774,,,,,,,,,,
,,248,,,,,,,,,,
,,245,,,,,,,,,,
,,396,,,,,,,,,,
,,424,,,,,,,,,,
,,249,,,,,,,,,,
,,250,,,,,,,,,,
,,272,,,,,,,,,,
,,224,,,,,,,,,,
,,340,,,,,,,,,,
,,251,,,,,,,,,,
,,251,,,,,,,,,,
,,240,,,,,,,,,,
,,368,,,,,,,,,,
,,368,,,,,,,,,,
,,256,,,,,,,,,,
,,241,,,,,,,,,,
,,241,,,,,,,,,,
,,577,,,,,,,,,,
,,238,,,,,,,,,,
,,209,,,,,,,,,,
,,312,,,,,,,,,,
,,323,,,,,,,,,,
,,318,,,,,,,,,,
,,250,,,,,,,,,,
,,259,,,,,,,,,,
,,257,,,,,,,,,,
,,259,,,,,,,,,,
,,256,,,,,,,,,,
,,396,,,,,,,,,,
,,381,,,,,,,,,,
,,378,,,,,,,,,,
,,252,,,,,,,,,,
,,252,,,,,,,,,,
,,210,,,,,,,,,,
,,219,,,,,,,,,,
,,220,,,,,,,,,,
,,255,,,,,,,,,,
,,256,,,,,,,,,,
,,260,,,,,,,,,,
,,329,,,,,,,,,,
,,320,,,,,,,,,,
,,411,,,,,,,,,,
,,258,,,,,,,,,,
,,267,,,,,,,,,,
,,263,,,,,,,,,,
,,250,,,,,,,,,,
,,247,,,,,,,,,,
,,230,,,,,,,,,,
,,237,,,,,,,,,,
,,234,,,,,,,,,,
,,197,,,,,,,,,,
,,198,,,,,,,,,,
,,276,,,,,,,,,,
,,284,,,,,,,,,,
,,240,,,,,,,,,,
,,297,,,,,,,,,,
,,291,,,,,,,,,,
,,300,,,,,,,,,,
,,300,,,,,,,,,,
,,302,,,,,,,,,,
,,212,,,,,,,,,,
,,216,,,,,,,,,,
,,222,,,,,,,,,,
,,244,,,,,,,,,,
,,247,,,,,,,,,,
,,233,,,,,,,,,,
,,628,,,,,,,,,,
,,628,,,,,,,,,,
,,628,,,,,,,,,,
,,407,,,,,,,,,,
,,409,,,,,,,,,,
,,262,,,,,,,,,,
,,305,,,,,,,,,,
,,294,,,,,,,,,,
,,294,,,,,,,,,,
,,213,,,,,,,,,,
,,219,,,,,,,,,,
,,319,,,,,,,,,,
,,328,,,,,,,,,,
,,330,,,,,,,,,,
,,272,,,,,,,,,,
,,274,,,,,,,,,,
,,189,,,,,,,,,,
,,545,,,,,,,,,,
,,610,,,,,,,,,,
,,344,,,,,,,,,,
,,360,,,,,,,,,,
,,305,,,,,,,,,,
,,244,,,,,,,,,,
,,261,,,,,,,,,,
,,223,,,,,,,,,,
,,224,,,,,,,,,,
,,293,,,,,,,,,,
,,296,,,,,,,,,,
,,293,,,,,,,,,,
,,378,,,,,,,,,,
,,378,,,,,,,,,,
,,378,,,,,,,,,,
,,187,,,,,,,,,,
,,939,,,,,,,,,,
,,1033,,,,,,,,,,
,,1121,,,,,,,,,,
,,414,,,,,,,,,,
,,424,,,,,,,,,,
,,224,,,,,,,,,,
,,228,,,,,,,,,,
,,229,,,,,,,,,,
,,229,,,,,,,,,,
,,236,,,,,,,,,,
,,236,,,,,,,,,,
,,276,,,,,,,,,,
,,283,,,,,,,,,,
,,265,,,,,,,,,,
,,292,,,,,,,,,,
,,280,,,,,,,,,,
,,273,,,,,,,,,,
,,252,,,,,,,,,,
,,260,,,,,,,,,,
,,247,,,,,,,,,,
,,267,,,,,,,,,,
,,271,,,,,,,,,,
,,250,,,,,,,,,,
,,320,,,,,,,,,,
,,231,,,,,,,,,,
,,231,,,,,,,,,,
,,239,,,,,,,,,,
,,354,,,,,,,,,,
,,356,,,,,,,,,,
,,289,,,,,,,,,,
,,297,,,,,,,,,,
,,315,,,,,,,,,,
,,389,,,,,,,,,,
,,251,,,,,,,,,,
,,263,,,,,,,,,,
,,263,,,,,,,,,,
,,379,,,,,,,,,,
,,390,,,,,,,,,,
,,263,,,,,,,,,,
,,243,,,,,,,,,,
,,238,,,,,,,,,,
,,323,,,,,,,,,,
,,431,,,,,,,,,,
,,72,,,,,,,,,,
,,234,,,,,,,,,,
,,318,,,,,,,,,,
,,236,,,,,,,,,,
,,393,,,,,,,,,,
,,278,,,,,,,,,,
,,236,,,,,,,,,,
,,255,,,,,,,,,,
,,264,,,,,,,,,,
,,260,,,,,,,,,,
,,269,,,,,,,,,,
,,271,,,,,,,,,,
,,221,,,,,,,,,,
,,244,,,,,,,,,,
,,238,,,,,,,,,,
,,356,,,,,,,,,,
,,281,,,,,,,,,,
,,277,,,,,,,,,,
,,217,,,,,,,,,,
,,320,,,,,,,,,,
,,368,,,,,,,,,,
,,200,,,,,,,,,,
,,207,,,,,,,,,,
,,253,,,,,,,,,,
,,257,,,,,,,,,,
,,524,,,,,,,,,,
,,294,,,,,,,,,,
,,294,,,,,,,,,,
,,296,,,,,,,,,,
,,228,,,,,,,,,,
,,241,,,,,,,,,,
,,247,,,,,,,,,,
,,248,,,,,,,,,,
,,229,,,,,,,,,,
,,230,,,,,,,,,,
,,240,,,,,,,,,,
,,125,,,,,,,,,,
,,300,,,,,,,,,,
,,342,,,,,,,,,,
,,76,,,,,,,,,,
,,253,,,,,,,,,,
,,254,,,,,,,,,,
,,305,,,,,,,,,,
,,306,,,,,,,,,,
,,217,,,,,,,,,,
,,221,,,,,,,,,,
,,321,,,,,,,,,,
,,325,,,,,,,,,,
,,594,,,,,,,,,,
,,588,,,,,,,,,,
,,576,,,,,,,,,,
,,224,,,,,,,,,,
,,234,,,,,,,,,,
,,235,,,,,,,,,,
,,278,,,,,,,,,,
,,230,,,,,,,,,,
,,232,,,,,,,,,,
,,264,,,,,,,,,,
,,212,,,,,,,,,,
,,219,,,,,,,,,,
,,220,,,,,,,,,,
,,217,,,,,,,,,,
,,221,,,,,,,,,,
,,438,,,,,,,,,,
,,471,,,,,,,,,,
,,479,,,,,,,,,,
,,171,,,,,,,,,,
,,171,,,,,,,,,,
,,273,,,,,,,,,,
,,282,,,,,,,,,,
,,279,,,,,,,,,,
,,305,,,,,,,,,,
,,308,,,,,,,,,,
,,327,,,,,,,,,,
,,327,,,,,,,,,,
,,242,,,,,,,,,,
,,249,,,,,,,,,,
,,249,,,,,,,,,,
,,222,,,,,,,,,,
,,211,,,,,,,,,,
,,214,,,,,,,,,,
,,214,,,,,,,,,,
,,256,,,,,,,,,,
,,274,,,,,,,,,,
,,222,,,,,,,,,,
,,230,,,,,,,,,,
,,253,,,,,,,,,,
,,254,,,,,,,,,,
,,253,,,,,,,,,,
,,331,,,,,,,,,,
,,267,,,,,,,,,,
,,272,,,,,,,,,,
,,271,,,,,,,,,,
,,201,,,,,,,,,,
,,200,,,,,,,,,,
,,198,,,,,,,,,,
,,199,,,,,,,,,,
,,266,,,,,,,,,,
,,255,,,,,,,,,,
,,255,,,,,,,,,,
,,302,,,,,,,,,,
,,287,,,,,,,,,,
,,284,,,,,,,,,,
,,244,,,,,,,,,,
,,222,,,,,,,,,,
,,224,,,,,,,,,,
,,221,,,,,,,,,,
,,255,,,,,,,,,,
,,261,,,,,,,,,,
,,257,,,,,,,,,,
,,222,,,,,,,,,,
,,329,,,,,,,,,,
,,341,,,,,,,,,,
,,244,,,,,,,,,,
,,313,,,,,,,,,,
,,313,,,,,,,,,,
,,306,,,,,,,,,,
,,295,,,,,,,,,,
,,531,,,,,,,,,,
,,531,,,,,,,,,,
,,355,,,,,,,,,,
,,367,,,,,,,,,,
,,368,,,,,,,,,,
,,204,,,,,,,,,,
,,199,,,,,,,,,,
,,200,,,,,,,,,,
,,194,,,,,,,,,,
,,200,,,,,,,,,,
,,204,,,,,,,,,,
,,392,,,,,,,,,,
,,394,,,,,,,,,,
,,392,,,,,,,,,,
,,281,,,,,,,,,,
,,290,,,,,,,,,,
,,287,,,,,,,,,,
,,204,,,,,,,,,,
,,204,,,,,,,,,,
,,368,,,,,,,,,,
,,207,,,,,,,,,,
,,212,,,,,,,,,,
,,213,,,,,,,,,,
,,498,,,,,,,,,,
,,518,,,,,,,,,,
,,496,,,,,,,,,,
,,449,,,,,,,,,,
,,237,,,,,,,,,,
,,257,,,,,,,,,,
,,281,,,,,,,,,,
,,203,,,,,,,,,,
,,234,,,,,,,,,,
,,243,,,,,,,,,,
,,248,,,,,,,,,,
,,131,,,,,,,,,,
,,227,,,,,,,,,,
,,229,,,,,,,,,,
,,255,,,,,,,,,,
,,264,,,,,,,,,,
,,263,,,,,,,,,,
,,264,,,,,,,,,,
,,262,,,,,,,,,,
,,278,,,,,,,,,,
,,267,,,,,,,,,,
,,271,,,,,,,,,,
,,273,,,,,,,,,,
,,260,,,,,,,,,,
,,285,,,,,,,,,,
,,237,,,,,,,,,,
,,95,,,,,,,,,,
,,169,,,,,,,,,,
,,216,,,,,,,,,,
,,216,,,,,,,,,,
,,195,,,,,,,,,,
,,199,,,,,,,,,,
,,268,,,,,,,,,,
,,268,,,,,,,,,,
,,289,,,,,,,,,,
,,298,,,,,,,,,,
,,293,,,,,,,,,,
,,296,,,,,,,,,,
,,324,,,,,,,,,,
,,325,,,,,,,,,,
,,218,,,,,,,,,,
,,224,,,,,,,,,,
,,205,,,,,,,,,,
,,221,,,,,,,,,,
,,336,,,,,,,,,,
,,361,,,,,,,,,,
,,363,,,,,,,,,,
,,297,,,,,,,,,,
,,297,,,,,,,,,,
,,294,,,,,,,,,,
,,235,,,,,,,,,,
,,203,,,,,,,,,,
,,206,,,,,,,,,,
,,210,,,,,,,,,,
,,233,,,,,,,,,,
,,225,,,,,,,,,,
,,233,,,,,,,,,,
,,175,,,,,,,,,,
,,176,,,,,,,,,,
,,176,,,,,,,,,,
,,405,,,,,,,,,,
,,275,,,,,,,,,,
,,272,,,,,,,,,,
,,166,,,,,,,,,,
,,171,,,,,,,,,,
,,174,,,,,,,,,,
,,177,,,,,,,,,,
,,229,,,,,,,,,,
,,230,,,,,,,,,,
,,240,,,,,,,,,,
,,242,,,,,,,,,,
,,232,,,,,,,,,,
,,236,,,,,,,,,,
,,236,,,,,,,,,,
,,308,,,,,,,,,,
,,308,,,,,,,,,,
,,318,,,,,,,,,,
,,318,,,,,,,,,,
,,286,,,,,,,,,,
,,292,,,,,,,,,,
,,288,,,,,,,,,,
,,217,,,,,,,,,,
,,215,,,,,,,,,,
,,215,,,,,,,,,,
,,272,,,,,,,,,,
,,532,,,,,,,,,,
,,255,,,,,,,,,,
,,358,,,,,,,,,,
,,212,,,,,,,,,,
,,227,,,,,,,,,,
,,224,,,,,,,,,,
,,222,,,,,,,,,,
,,211,,,,,,,,,,
,,213,,,,,,,,,,
,,208,,,,,,,,,,
,,263,,,,,,,,,,
,,267,,,,,,,,,,
,,267,,,,,,,,,,
,,249,,,,,,,,,,
,,241,,,,,,,,,,
,,246,,,,,,,,,,
,,246,,,,,,,,,,
,,237,,,,,,,,,,
,,338,,,,,,,,,,
,,246,,,,,,,,,,
,,336,,,,,,,,,,
,,344,,,,,,,,,,
,,344,,,,,,,,,,
,,342,,,,,,,,,,
,,414,,,,,,,,,,
,,231,,,,,,,,,,
,,232,,,,,,,,,,
,,242,,,,,,,,,,
,,228,,,,,,,,,,
,,288,,,,,,,,,,
,,286,,,,,,,,,,
,,282,,,,,,,,,,
,,231,,,,,,,,,,
,,232,,,,,,,,,,
,,232,,,,,,,,,,
,,205,,,,,,,,,,
,,205,,,,,,,,,,
,,291,,,,,,,,,,
,,232,,,,,,,,,,
,,228,,,,,,,,,,
,,298,,,,,,,,,,
,,584,,,,,,,,,,
,,233,,,,,,,,,,
,,243,,,,,,,,,,
,,243,,,,,,,,,,
,,254,,,,,,,,,,
,,212,,,,,,,,,,
,,213,,,,,,,,,,
,,265,,,,,,,,,,
,,264,,,,,,,,,,
,,260,,,,,,,,,,
,,240,,,,,,,,,,
,,240,,,,,,,,,,
,,223,,,,,,,,,,
,,233,,,,,,,,,,
,,261,,,,,,,,,,
,,256,,,,,,,,,,
,,252,,,,,,,,,,
,,237,,,,,,,,,,
,,236,,,,,,,,,,
,,94,,,,,,,,,,
,,700,,,,,,,,,,
,,724,,,,,,,,,,
,,275,,,,,,,,,,
,,284,,,,,,,,,,
,,286,,,,,,,,,,
,,319,,,,,,,,,,
,,421,,,,,,,,,,
,,259,,,,,,,,,,
,,233,,,,,,,,,,
,,240,,,,,,,,,,
,,224,,,,,,,,,,
,,244,,,,,,,,,,
,,249,,,,,,,,,,
,,256,,,,,,,,,,
,,271,,,,,,,,,,
,,282,,,,,,,,,,
,,292,,,,,,,,,,
,,279,,,,,,,,,,
,,300,,,,,,,,,,
,,291,,,,,,,,,,
,,204,,,,,,,,,,
,,155,,,,,,,,,,
,,497,,,,,,,,,,
,,497,,,,,,,,,,
,,254,,,,,,,,,,
,,412,,,,,,,,,,
,,213,,,,,,,,,,
,,312,,,,,,,,,,
,,503,,,,,,,,,,
,,503,,,,,,,,,,
,,506,,,,,,,,,,
,,320,,,,,,,,,,
,,322,,,,,,,,,,
,,323,,,,,,,,,,
,,477,,,,,,,,,,
,,477,,,,,,,,,,
,,474,,,,,,,,,,
,,306,,,,,,,,,,
,,306,,,,,,,,,,
,,302,,,,,,,,,,
,,705,,,,,,,,,,
,,705,,,,,,,,,,
,,695,,,,,,,,,,
,,288,,,,,,,,,,
,,276,,,,,,,,,,
,,285,,,,,,,,,,
,,266,,,,,,,,,,
,,213,,,,,,,,,,
,,218,,,,,,,,,,
,,219,,,,,,,,,,
,,231,,,,,,,,,,
,,238,,,,,,,,,,
,,235,,,,,,,,,,
,,195,,,,,,,,,,
,,201,,,,,,,,,,
,,208,,,,,,,,,,
,,357,,,,,,,,,,
,,266,,,,,,,,,,
,,248,,,,,,,,,,
,,219,,,,,,,,,,
,,222,,,,,,,,,,
,,223,,,,,,,,,,
,,218,,,,,,,,,,
,,307,,,,,,,,,,
,,346,,,,,,,,,,
,,217,,,,,,,,,,
,,217,,,,,,,,,,
,,213,,,,,,,,,,
,,314,,,,,,,,,,
,,315,,,,,,,,,,
,,295,,,,,,,,,,
,,250,,,,,,,,,,
,,270,,,,,,,,,,
,,435,,,,,,,,,,
,,370,,,,,,,,,,
,,370,,,,,,,,,,
,,630,,,,,,,,,,
,,619,,,,,,,,,,
,,606,,,,,,,,,,
,,246,,,,,,,,,,
,,210,,,,,,,,,,
,,214,,,,,,,,,,
,,215,,,,,,,,,,
,,613,,,,,,,,,,
,,610,,,,,,,,,,
,,604,,,,,,,,,,
,,508,,,,,,,,,,
,,505,,,,,,,,,,
,,505,,,,,,,,,,
,,263,,,,,,,,,,
,,234,,,,,,,,,,
,,238,,,,,,,,,,
,,276,,,,,,,,,,
,,281,,,,,,,,,,
,,139,,,,,,,,,,
,,223,,,,,,,,,,
,,223,,,,,,,,,,
,,224,,,,,,,,,,
,,261,,,,,,,,,,
,,261,,,,,,,,,,
,,262,,,,,,,,,,
,,162,,,,,,,,,,
,,266,,,,,,,,,,
,,268,,,,,,,,,,
,,233,,,,,,,,,,
,,358,,,,,,,,,,
,,279,,,,,,,,,,
,,267,,,,,,,,,,
,,258,,,,,,,,,,
,,313,,,,,,,,,,
,,330,,,,,,,,,,
,,316,,,,,,,,,,
,,224,,,,,,,,,,
,,225,,,,,,,,,,
,,245,,,,,,,,,,
,,246,,,,,,,,,,
,,249,,,,,,,,,,
,,254,,,,,,,,,,
,,250,,,,,,,,,,
,,323,,,,,,,,,,
,,326,,,,,,,,,,
,,633,,,,,,,,,,
,,631,,,,,,,,,,
,,289,,,,,,,,,,
,,287,,,,,,,,,,
,,286,,,,,,,,,,
,,278,,,,,,,,,,
,,281,,,,,,,,,,
,,278,,,,,,,,,,
,,364,,,,,,,,,,
,,392,,,,,,,,,,
,,391,,,,,,,,,,
,,291,,,,,,,,,,
,,300,,,,,,,,,,
,,358,,,,,,,,,,
,,364,,,,,,,,,,
,,358,,,,,,,,,,
,,212,,,,,,,,,,
,,216,,,,,,,,,,
,,162,,,,,,,,,,
,,305,,,,,,,,,,
,,437,,,,,,,,,,
,,258,,,,,,,,,,
,,690,,,,,,,,,,
,,677,,,,,,,,,,
,,360,,,,,,,,,,
,,367,,,,,,,,,,
,,361,,,,,,,,,,
,,310,,,,,,,,,,
,,228,,,,,,,,,,
,,229,,,,,,,,,,
,,332,,,,,,,,,,
,,337,,,,,,,,,,
,,216,,,,,,,,,,
,,236,,,,,,,,,,
,,234,,,,,,,,,,
,,489,,,,,,,,,,
,,542,,,,,,,,,,
,,274,,,,,,,,,,
,,399,,,,,,,,,,
,,446,,,,,,,,,,
,,217,,,,,,,,,,
,,237,,,,,,,,,,
,,243,,,,,,,,,,
,,243,,,,,,,,,,
,,247,,,,,,,,,,
,,247,,,,,,,,,,
,,235,,,,,,,,,,
,,216,,,,,,,,,,
,,195,,,,,,,,,,
,,982,,,,,,,,,,
,,526,,,,,,,,,,
,,153,,,,,,,,,,
,,50,,,,,,,,,,
,,474,,,,,,,,,,
,,328,,,,,,,,,,
,,266,,,,,,,,,,
,,269,,,,,,,,,,
,,402,,,,,,,,,,
,,299,,,,,,,,,,
,,305,,,,,,,,,,
,,305,,,,,,,,,,
,,275,,,,,,,,,,
,,281,,,,,,,,,,
,,220,,,,,,,,,,
,,224,,,,,,,,,,
,,229,,,,,,,,,,
,,308,,,,,,,,,,
,,308,,,,,,,,,,
,,303,,,,,,,,,,
,,242,,,,,,,,,,
,,288,,,,,,,,,,
,,313,,,,,,,,,,
,,229,,,,,,,,,,
,,234,,,,,,,,,,
,,242,,,,,,,,,,
,,275,,,,,,,,,,
,,280,,,,,,,,,,
,,282,,,,,,,,,,
,,195,,,,,,,,,,
,,408,,,,,,,,,,
,,578,,,,,,,,,,
,,615,,,,,,,,,,
,,380,,,,,,,,,,
,,242,,,,,,,,,,
,,250,,,,,,,,,,
,,247,,,,,,,,,,
,,337,,,,,,,,,,
,,337,,,,,,,,,,
,,267,,,,,,,,,,
,,271,,,,,,,,,,
,,528,,,,,,,,,,
,,405,,,,,,,,,,
,,258,,,,,,,,,,
,,265,,,,,,,,,,
,,272,,,,,,,,,,
,,356,,,,,,,,,,
,,363,,,,,,,,,,
,,358,,,,,,,,,,
,,323,,,,,,,,,,
,,341,,,,,,,,,,
,,324,,,,,,,,,,
,,320,,,,,,,,,,
,,331,,,,,,,,,,
,,580,,,,,,,,,,
,,539,,,,,,,,,,
,,229,,,,,,,,,,
,,236,,,,,,,,,,
,,327,,,,,,,,,,
,,332,,,,,,,,,,
,,337,,,,,,,,,,
,,334,,,,,,,,,,
,,717,,,,,,,,,,
,,735,,,,,,,,,,
,,731,,,,,,,,,,
,,313,,,,,,,,,,
,,316,,,,,,,,,,
,,292,,,,,,,,,,
,,265,,,,,,,,,,
,,269,,,,,,,,,,
,,269,,,,,,,,,,
,,410,,,,,,,,,,
,,423,,,,,,,,,,
,,421,,,,,,,,,,
,,589,,,,,,,,,,
,,281,,,,,,,,,,
,,255,,,,,,,,,,
,,264,,,,,,,,,,
,,196,,,,,,,,,,
,,202,,,,,,,,,,
,,202,,,,,,,,,,
,,243,,,,,,,,,,
,,469,,,,,,,,,,
,,476,,,,,,,,,,
,,478,,,,,,,,,,
,,299,,,,,,,,,,
,,299,,,,,,,,,,
,,299,,,,,,,,,,
,,569,,,,,,,,,,
,,589,,,,,,,,,,
,,331,,,,,,,,,,
,,334,,,,,,,,,,
,,329,,,,,,,,,,
,,349,,,,,,,,,,
,,363,,,,,,,,,,
,,317,,,,,,,,,,
,,320,,,,,,,,,,
,,445,,,,,,,,,,
,,452,,,,,,,,,,
,,367,,,,,,,,,,
,,363,,,,,,,,,,
,,307,,,,,,,,,,
,,314,,,,,,,,,,
,,311,,,,,,,,,,
,,265,,,,,,,,,,
,,272,,,,,,,,,,
,,348,,,,,,,,,,
,,327,,,,,,,,,,
,,322,,,,,,,,,,
,,319,,,,,,,,,,
,,345,,,,,,,,,,
,,345,,,,,,,,,,
,,343,,,,,,,,,,
,,398,,,,,,,,,,
,,419,,,,,,,,,,
,,417,,,,,,,,,,
,,318,,,,,,,,,,
,,298,,,,,,,,,,
,,301,,,,,,,,,,
,,298,,,,,,,,,,
,,217,,,,,,,,,,
,,217,,,,,,,,,,
,,257,,,,,,,,,,
,,261,,,,,,,,,,
,,265,,,,,,,,,,
,,225,,,,,,,,,,
,,232,,,,,,,,,,
,,233,,,,,,,,,,
,,227,,,,,,,,,,
,,220,,,,,,,,,,
,,221,,,,,,,,,,
,,275,,,,,,,,,,
,,232,,,,,,,,,,
,,239,,,,,,,,,,
,,229,,,,,,,,,,
,,256,,,,,,,,,,
,,310,,,,,,,,,,
,,329,,,,,,,,,,
,,340,,,,,,,,,,
,,271,,,,,,,,,,
,,261,,,,,,,,,,
,,313,,,,,,,,,,
,,284,,,,,,,,,,
,,291,,,,,,,,,,
,,287,,,,,,,,,,
,,282,,,,,,,,,,
,,275,,,,,,,,,,
,,272,,,,,,,,,,
,,251,,,,,,,,,,
,,258,,,,,,,,,,
,,260,,,,,,,,,,
,,188,,,,,,,,,,
,,190,,,,,,,,,,
,,187,,,,,,,,,,
,,432,,,,,,,,,,
,,432,,,,,,,,,,
,,437,,,,,,,,,,
,,227,,,,,,,,,,
,,233,,,,,,,,,,
,,242,,,,,,,,,,
,,233,,,,,,,,,,
,,234,,,,,,,,,,
,,378,,,,,,,,,,
,,273,,,,,,,,,,
,,278,,,,,,,,,,
,,267,,,,,,,,,,
,,241,,,,,,,,,,
,,238,,,,,,,,,,
,,240,,,,,,,,,,
,,260,,,,,,,,,,
,,209,,,,,,,,,,
,,203,,,,,,,,,,
,,203,,,,,,,,,,
,,201,,,,,,,,,,
,,224,,,,,,,,,,
,,225,,,,,,,,,,
,,221,,,,,,,,,,
,,654,,,,,,,,,,
,,651,,,,,,,,,,
,,235,,,,,,,,,,
,,235,,,,,,,,,,
,,236,,,,,,,,,,
,,306,,,,,,,,,,
,,329,,,,,,,,,,
,,341,,,,,,,,,,
,,301,,,,,,,,,,
,,307,,,,,,,,,,
,,295,,,,,,,,,,
,,400,,,,,,,,,,
,,402,,,,,,,,,,
,,212,,,,,,,,,,
,,216,,,,,,,,,,
,,218,,,,,,,,,,
,,351,,,,,,,,,,
,,354,,,,,,,,,,
,,319,,,,,,,,,,
,,323,,,,,,,,,,
,,316,,,,,,,,,,
,,233,,,,,,,,,,
,,237,,,,,,,,,,
,,237,,,,,,,,,,
,,309,,,,,,,,,,
,,223,,,,,,,,,,
,,215,,,,,,,,,,
,,213,,,,,,,,,,
,,207,,,,,,,,,,
,,389,,,,,,,,,,
,,389,,,,,,,,,,
,,388,,,,,,,,,,
,,264,,,,,,,,,,
,,265,,,,,,,,,,
,,361,,,,,,,,,,
,,361,,,,,,,,,,
,,359,,,,,,,,,,
,,315,,,,,,,,,,
,,243,,,,,,,,,,
,,211,,,,,,,,,,
,,209,,,,,,,,,,
,,196,,,,,,,,,,
,,235,,,,,,,,,,
,,244,,,,,,,,,,
,,286,,,,,,,,,,
,,316,,,,,,,,,,
,,301,,,,,,,,,,
,,298,,,,,,,,,,
,,307,,,,,,,,,,
,,310,,,,,,,,,,
,,322,,,,,,,,,,
,,498,,,,,,,,,,
,,506,,,,,,,,,,
,,506,,,,,,,,,,
,,320,,,,,,,,,,
,,241,,,,,,,,,,
,,191,,,,,,,,,,
,,195,,,,,,,,,,
,,267,,,,,,,,,,
,,300,,,,,,,,,,
,,319,,,,,,,,,,
,,314,,,,,,,,,,
,,200,,,,,,,,,,
,,201,,,,,,,,,,
,,406,,,,,,,,,,
,,398,,,,,,,,,,
,,392,,,,,,,,,,
,,186,,,,,,,,,,
,,294,,,,,,,,,,
,,321,,,,,,,,,,
,,322,,,,,,,,,,
,,96,,,,,,,,,,
,,236,,,,,,,,,,
,,374,,,,,,,,,,
,,369,,,,,,,,,,
,,347,,,,,,,,,,
,,445,,,,,,,,,,
,,749,,,,,,,,,,
,,1785,,,,,,,,,,
,,257,,,,,,,,,,
,,259,,,,,,,,,,
,,262,,,,,,,,,,
,,243,,,,,,,,,,
,,263,,,,,,,,,,
,,249,,,,,,,,,,
,,493,,,,,,,,,,
,,259,,,,,,,,,,
,,261,,,,,,,,,,
,,258,,,,,,,,,,
,,308,,,,,,,,,,
,,421,,,,,,,,,,
,,423,,,,,,,,,,
,,453,,,,,,,,,,
,,458,,,,,,,,,,
,,451,,,,,,,,,,
,,100,,,,,,,,,,
,,413,,,,,,,,,,
,,414,,,,,,,,,,
,,165,,,,,,,,,,
,,171,,,,,,,,,,
,,186,,,,,,,,,,
,,342,,,,,,,,,,
,,391,,,,,,,,,,
,,291,,,,,,,,,,
,,291,,,,,,,,,,
,,304,,,,,,,,,,
,,291,,,,,,,,,,
,,175,,,,,,,,,,
,,181,,,,,,,,,,
,,188,,,,,,,,,,
,,268,,,,,,,,,,
,,276,,,,,,,,,,
,,257,,,,,,,,,,
,,302,,,,,,,,,,
,,309,,,,,,,,,,
,,508,,,,,,,,,,
,,508,,,,,,,,,,
,,505,,,,,,,,,,
,,487,,,,,,,,,,
,,487,,,,,,,,,,
,,265,,,,,,,,,,
,,318,,,,,,,,,,
,,444,,,,,,,,,,
,,450,,,,,,,,,,
,,441,,,,,,,,,,
,,297,,,,,,,,,,
,,351,,,,,,,,,,
,,278,,,,,,,,,,
,,345,,,,,,,,,,
,,461,,,,,,,,,,
,,235,,,,,,,,,,
,,302,,,,,,,,,,
,,303,,,,,,,,,,
,,204,,,,,,,,,,
,,204,,,,,,,,,,
,,178,,,,,,,,,,
,,184,,,,,,,,,,
,,185,,,,,,,,,,
,,640,,,,,,,,,,
,,329,,,,,,,,,,
,,327,,,,,,,,,,
,,322,,,,,,,,,,
,,258,,,,,,,,,,
,,258,,,,,,,,,,
,,218,,,,,,,,,,
,,204,,,,,,,,,,
,,210,,,,,,,,,,
,,215,,,,,,,,,,
,,241,,,,,,,,,,
,,244,,,,,,,,,,
,,255,,,,,,,,,,
,,292,,,,,,,,,,
,,455,,,,,,,,,,
,,220,,,,,,,,,,
,,220,,,,,,,,,,
,,221,,,,,,,,,,
,,266,,,,,,,,,,
,,262,,,,,,,,,,
,,239,,,,,,,,,,
,,240,,,,,,,,,,
,,235,,,,,,,,,,
,,400,,,,,,,,,,
,,403,,,,,,,,,,
,,420,,,,,,,,,,
,,370,,,,,,,,,,
,,207,,,,,,,,,,
,,222,,,,,,,,,,
,,290,,,,,,,,,,
,,600,,,,,,,,,,
,,1130,,,,,,,,,,
,,254,,,,,,,,,,
,,249,,,,,,,,,,
,,294,,,,,,,,,,
,,292,,,,,,,,,,
,,341,,,,,,,,,,
,,321,,,,,,,,,,
,,367,,,,,,,,,,
,,373,,,,,,,,,,
,,290,,,,,,,,,,
,,393,,,,,,,,,,
,,398,,,,,,,,,,
,,195,,,,,,,,,,
,,229,,,,,,,,,,
,,441,,,,,,,,,,
,,280,,,,,,,,,,
,,284,,,,,,,,,,
,,284,,,,,,,,,,
,,289,,,,,,,,,,
,,293,,,,,,,,,,
,,293,,,,,,,,,,
,,202,,,,,,,,,,
,,231,,,,,,,,,,
,,324,,,,,,,,,,
,,54,,,,,,,,,,
,,287,,,,,,,,,,
,,203,,,,,,,,,,
,,199,,,,,,,,,,
,,199,,,,,,,,,,
,,279,,,,,,,,,,
,,310,,,,,,,,,,
,,279,,,,,,,,,,
,,251,,,,,,,,,,
,,257,,,,,,,,,,
,,253,,,,,,,,,,
,,248,,,,,,,,,,
,,516,,,,,,,,,,
,,516,,,,,,,,,,
,,519,,,,,,,,,,
,,254,,,,,,,,,,
,,267,,,,,,,,,,
,,272,,,,,,,,,,
,,274,,,,,,,,,,
,,243,,,,,,,,,,
,,243,,,,,,,,,,
,,239,,,,,,,,,,
,,239,,,,,,,,,,
,,282,,,,,,,,,,
,,288,,,,,,,,,,
,,284,,,,,,,,,,
,,281,,,,,,,,,,
,,274,,,,,,,,,,
,,268,,,,,,,,,,
,,276,,,,,,,,,,
,,327,,,,,,,,,,
,,338,,,,,,,,,,
,,340,,,,,,,,,,
,,252,,,,,,,,,,
,,299,,,,,,,,,,
,,302,,,,,,,,,,
,,298,,,,,,,,,,
,,217,,,,,,,,,,
,,225,,,,,,,,,,
,,370,,,,,,,,,,
,,381,,,,,,,,,,
,,377,,,,,,,,,,
,,252,,,,,,,,,,
,,260,,,,,,,,,,
,,260,,,,,,,,,,
,,196,,,,,,,,,,
,,201,,,,,,,,,,
,,201,,,,,,,,,,
,,202,,,,,,,,,,
,,278,,,,,,,,,,
,,302,,,,,,,,,,
,,311,,,,,,,,,,
,,322,,,,,,,,,,
,,309,,,,,,,,,,
,,242,,,,,,,,,,
,,238,,,,,,,,,,
,,232,,,,,,,,,,
,,237,,,,,,,,,,
,,262,,,,,,,,,,
,,270,,,,,,,,,,
,,271,,,,,,,,,,
,,164,,,,,,,,,,
,,497,,,,,,,,,,
,,515,,,,,,,,,,
,,517,,,,,,,,,,
,,374,,,,,,,,,,
,,328,,,,,,,,,,
,,390,,,,,,,,,,
,,330,,,,,,,,,,
,,136,,,,,,,,,,
,,289,,,,,,,,,,
,,295,,,,,,,,,,
,,265,,,,,,,,,,
,,291,,,,,,,,,,
,,292,,,,,,,,,,
,,290,,,,,,,,,,
,,241,,,,,,,,,,
,,224,,,,,,,,,,
,,297,,,,,,,,,,
,,334,,,,,,,,,,
,,336,,,,,,,,,,
,,353,,,,,,,,,,
,,228,,,,,,,,,,
,,233,,,,,,,,,,
,,234,,,,,,,,,,
,,370,,,,,,,,,,
,,381,,,,,,,,,,
,,376,,,,,,,,,,
,,233,,,,,,,,,,
,,247,,,,,,,,,,
,,245,,,,,,,,,,
,,259,,,,,,,,,,
,,197,,,,,,,,,,
,,198,,,,,,,,,,
,,200,,,,,,,,,,
,,325,,,,,,,,,,
,,321,,,,,,,,,,
,,226,,,,,,,,,,
,,190,,,,,,,,,,
,,343,,,,,,,,,,
,,350,,,,,,,,,,
,,345,,,,,,,,,,
,,234,,,,,,,,,,
,,362,,,,,,,,,,
,,220,,,,,,,,,,
,,213,,,,,,,,,,
,,265,,,,,,,,,,
,,272,,,,,,,,,,
,,248,,,,,,,,,,
,,398,,,,,,,,,,
,,410,,,,,,,,,,
,,406,,,,,,,,,,
,,300,,,,,,,,,,
,,304,,,,,,,,,,
,,309,,,,,,,,,,
,,319,,,,,,,,,,
,,713,,,,,,,,,,
,,262,,,,,,,,,,
,,336,,,,,,,,,,
,,464,,,,,,,,,,
,,701,,,,,,,,,,
,,323,,,,,,,,,,
,,145,,,,,,,,,,
,,510,,,,,,,,,,
,,333,,,,,,,,,,
,,345,,,,,,,,,,
,,342,,,,,,,,,,
,,299,,,,,,,,,,
,,299,,,,,,,,,,
,,389,,,,,,,,,,
,,396,,,,,,,,,,
,,390,,,,,,,,,,
,,332,,,,,,,,,,
,,287,,,,,,,,,,
,,287,,,,,,,,,,
,,262,,,,,,,,,,
,,249,,,,,,,,,,
,,247,,,,,,,,,,
,,256,,,,,,,,,,
,,261,,,,,,,,,,
,,477,,,,,,,,,,
,,778,,,,,,,,,,
,,289,,,,,,,,,,
,,331,,,,,,,,,,
,,283,,,,,,,,,,
,,393,,,,,,,,,,
,,229,,,,,,,,,,
,,236,,,,,,,,,,
,,236,,,,,,,,,,
,,255,,,,,,,,,,
,,264,,,,,,,,,,
,,255,,,,,,,,,,
,,245,,,,,,,,,,
,,441,,,,,,,,,,
,,141,,,,,,,,,,
,,230,,,,,,,,,,
,,229,,,,,,,,,,
,,74,,,,,,,,,,
,,384,,,,,,,,,,
,,307,,,,,,,,,,
,,616,,,,,,,,,,
,,90,,,,,,,,,,
,,291,,,,,,,,,,
,,287,,,,,,,,,,
,,288,,,,,,,,,,
,,288,,,,,,,,,,
,,231,,,,,,,,,,
,,287,,,,,,,,,,
,,287,,,,,,,,,,
,,284,,,,,,,,,,
,,70,,,,,,,,,,
,,209,,,,,,,,,,
,,235,,,,,,,,,,
,,236,,,,,,,,,,
,,480,,,,,,,,,,
,,440,,,,,,,,,,
,,442,,,,,,,,,,
,,331,,,,,,,,,,
,,333,,,,,,,,,,
,,277,,,,,,,,,,
,,277,,,,,,,,,,
,,259,,,,,,,,,,
,,263,,,,,,,,,,
,,269,,,,,,,,,,
,,264,,,,,,,,,,
,,269,,,,,,,,,,
,,295,,,,,,,,,,
,,299,,,,,,,,,,
,,295,,,,,,,,,,
,,257,,,,,,,,,,
,,261,,,,,,,,,,
,,281,,,,,,,,,,
,,678,,,,,,,,,,
,,690,,,,,,,,,,
,,693,,,,,,,,,,
,,240,,,,,,,,,,
,,253,,,,,,,,,,
,,252,,,,,,,,,,
,,253,,,,,,,,,,
,,226,,,,,,,,,,
,,233,,,,,,,,,,
,,234,,,,,,,,,,
,,260,,,,,,,,,,
,,208,,,,,,,,,,
,,194,,,,,,,,,,
,,195,,,,,,,,,,
,,236,,,,,,,,,,
,,213,,,,,,,,,,
,,214,,,,,,,,,,
,,139,,,,,,,,,,
,,412,,,,,,,,,,
,,449,,,,,,,,,,
,,247,,,,,,,,,,
,,254,,,,,,,,,,
,,250,,,,,,,,,,
,,191,,,,,,,,,,
,,188,,,,,,,,,,
,,188,,,,,,,,,,
,,222,,,,,,,,,,
,,214,,,,,,,,,,
,,214,,,,,,,,,,
,,323,,,,,,,,,,
,,326,,,,,,,,,,
,,321,,,,,,,,,,
,,318,,,,,,,,,,
,,432,,,,,,,,,,
,,242,,,,,,,,,,
,,249,,,,,,,,,,
,,272,,,,,,,,,,
,,282,,,,,,,,,,
,,282,,,,,,,,,,
,,267,,,,,,,,,,
,,275,,,,,,,,,,
,,272,,,,,,,,,,
,,397,,,,,,,,,,
,,270,,,,,,,,,,
,,327,,,,,,,,,,
,,356,,,,,,,,,,
,,419,,,,,,,,,,
,,305,,,,,,,,,,
,,293,,,,,,,,,,
,,186,,,,,,,,,,
,,192,,,,,,,,,,
,,176,,,,,,,,,,
,,383,,,,,,,,,,
,,366,,,,,,,,,,
,,305,,,,,,,,,,
,,293,,,,,,,,,,
,,301,,,,,,,,,,
,,217,,,,,,,,,,
,,222,,,,,,,,,,
,,523,,,,,,,,,,
,,238,,,,,,,,,,
,,463,,,,,,,,,,
,,463,,,,,,,,,,
,,465,,,,,,,,,,
,,258,,,,,,,,,,
,,277,,,,,,,,,,
,,300,,,,,,,,,,
,,478,,,,,,,,,,
,,376,,,,,,,,,,
,,298,,,,,,,,,,
,,293,,,,,,,,,,
,,553,,,,,,,,,,
,,429,,,,,,,,,,
,,432,,,,,,,,,,
,,361,,,,,,,,,,
,,353,,,,,,,,,,
,,346,,,,,,,,,,
,,342,,,,,,,,,,
,,363,,,,,,,,,,
,,368,,,,,,,,,,
,,307,,,,,,,,,,
,,296,,,,,,,,,,
,,305,,,,,,,,,,
,,257,,,,,,,,,,
,,263,,,,,,,,,,
,,260,,,,,,,,,,
,,240,,,,,,,,,,
,,248,,,,,,,,,,
,,248,,,,,,,,,,
,,304,,,,,,,,,,
,,314,,,,,,,,,,
,,314,,,,,,,,,,
,,215,,,,,,,,,,
,,236,,,,,,,,,,
,,244,,,,,,,,,,
,,238,,,,,,,,,,
,,245,,,,,,,,,,
,,241,,,,,,,,,,
,,315,,,,,,,,,,
,,325,,,,,,,,,,
,,326,,,,,,,,,,
,,168,,,,,,,,,,
,,208,,,,,,,,,,
,,225,,,,,,,,,,
,,502,,,,,,,,,,
,,296,,,,,,,,,,
,,299,,,,,,,,,,
,,290,,,,,,,,,,
,,369,,,,,,,,,,
,,375,,,,,,,,,,
,,367,,,,,,,,,,
,,373,,,,,,,,,,
,,281,,,,,,,,,,
,,277,,,,,,,,,,
,,274,,,,,,,,,,
,,275,,,,,,,,,,
,,282,,,,,,,,,,
,,343,,,,,,,,,,
,,238,,,,,,,,,,
,,279,,,,,,,,,,
,,296,,,,,,,,,,
,,513,,,,,,,,,,
,,254,,,,,,,,,,
,,262,,,,,,,,,,
,,263,,,,,,,,,,
,,268,,,,,,,,,,
,,249,,,,,,,,,,
,,247,,,,,,,,,,
,,455,,,,,,,,,,
,,440,,,,,,,,,,
,,270,,,,,,,,,,
,,274,,,,,,,,,,
,,243,,,,,,,,,,
,,252,,,,,,,,,,
,,253,,,,,,,,,,
,,316,,,,,,,,,,
,,323,,,,,,,,,,
,,323,,,,,,,,,,
,,303,,,,,,,,,,
,,303,,,,,,,,,,
,,303,,,,,,,,,,
,,402,,,,,,,,,,
,,409,,,,,,,,,,
,,269,,,,,,,,,,
,,315,,,,,,,,,,
,,340,,,,,,,,,,
,,249,,,,,,,,,,
,,212,,,,,,,,,,
,,217,,,,,,,,,,
,,222,,,,,,,,,,
,,383,,,,,,,,,,
,,298,,,,,,,,,,
,,316,,,,,,,,,,
,,453,,,,,,,,,,
,,263,,,,,,,,,,
,,288,,,,,,,,,,
,,263,,,,,,,,,,
,,591,,,,,,,,,,
,,565,,,,,,,,,,
,,556,,,,,,,,,,
,,386,,,,,,,,,,
,,386,,,,,,,,,,
,,384,,,,,,,,,,
,,622,,,,,,,,,,
,,635,,,,,,,,,,
,,638,,,,,,,,,,
,,383,,,,,,,,,,
,,437,,,,,,,,,,
,,443,,,,,,,,,,
,,421,,,,,,,,,,
,,427,,,,,,,,,,
,,421,,,,,,,,,,
,,300,,,,,,,,,,
,,463,,,,,,,,,,
,,339,,,,,,,,,,
,,342,,,,,,,,,,
,,341,,,,,,,,,,
,,638,,,,,,,,,,
,,572,,,,,,,,,,
,,615,,,,,,,,,,
,,283,,,,,,,,,,
,,130,,,,,,,,,,
,,434,,,,,,,,,,
,,423,,,,,,,,,,
,,423,,,,,,,,,,
,,425,,,,,,,,,,
,,245,,,,,,,,,,
,,253,,,,,,,,,,
,,254,,,,,,,,,,
,,316,,,,,,,,,,
,,328,,,,,,,,,,
,,325,,,,,,,,,,
,,215,,,,,,,,,,
,,216,,,,,,,,,,
,,221,,,,,,,,,,
,,330,,,,,,,,,,
,,336,,,,,,,,,,
,,556,,,,,,,,,,
,,551,,,,,,,,,,
,,649,,,,,,,,,,
,,395,,,,,,,,,,
,,401,,,,,,,,,,
,,395,,,,,,,,,,
,,372,,,,,,,,,,
,,361,,,,,,,,,,
,,372,,,,,,,,,,
,,249,,,,,,,,,,
,,258,,,,,,,,,,
,,258,,,,,,,,,,
,,260,,,,,,,,,,
,,227,,,,,,,,,,
,,269,,,,,,,,,,
,,229,,,,,,,,,,
,,97,,,,,,,,,,
,,303,,,,,,,,,,
,,309,,,,,,,,,,
,,377,,,,,,,,,,
,,379,,,,,,,,,,
,,149,,,,,,,,,,
,,234,,,,,,,,,,
,,230,,,,,,,,,,
,,528,,,,,,,,,,
,,553,,,,,,,,,,
,,560,,,,,,,,,,
,,362,,,,,,,,,,
,,386,,,,,,,,,,
,,400,,,,,,,,,,
,,290,,,,,,,,,,
,,476,,,,,,,,,,
,,373,,,,,,,,,,
,,183,,,,,,,,,,
,,271,,,,,,,,,,
,,308,,,,,,,,,,
,,359,,,,,,,,,,
,,380,,,,,,,,,,
,,385,,,,,,,,,,
,,380,,,,,,,,,,
,,251,,,,,,,,,,
,,238,,,,,,,,,,
,,239,,,,,,,,,,
,,311,,,,,,,,,,
,,287,,,,,,,,,,
,,284,,,,,,,,,,
,,497,,,,,,,,,,
,,341,,,,,,,,,,
,,341,,,,,,,,,,
,,339,,,,,,,,,,
,,187,,,,,,,,,,
,,262,,,,,,,,,,
,,272,,,,,,,,,,
,,259,,,,,,,,,,
,,265,,,,,,,,,,
,,302,,,,,,,,,,
,,306,,,,,,,,,,
,,475,,,,,,,,,,
,,475,,,,,,,,,,
,,303,,,,,,,,,,
,,590,,,,,,,,,,
,,491,,,,,,,,,,
,,494,,,,,,,,,,
,,204,,,,,,,,,,
,,272,,,,,,,,,,
,,298,,,,,,,,,,
,,323,,,,,,,,,,
,,331,,,,,,,,,,
,,327,,,,,,,,,,
,,261,,,,,,,,,,
,,261,,,,,,,,,,
,,497,,,,,,,,,,
,,426,,,,,,,,,,
,,419,,,,,,,,,,
,,296,,,,,,,,,,
,,350,,,,,,,,,,
,,376,,,,,,,,,,
,,429,,,,,,,,,,
,,268,,,,,,,,,,
,,270,,,,,,,,,,
,,268,,,,,,,,,,
,,341,,,,,,,,,,
,,388,,,,,,,,,,
,,350,,,,,,,,,,
,,351,,,,,,,,,,
,,262,,,,,,,,,,
,,270,,,,,,,,,,
,,267,,,,,,,,,,
,,454,,,,,,,,,,
,,474,,,,,,,,,,
,,476,,,,,,,,,,
,,242,,,,,,,,,,
,,234,,,,,,,,,,
,,294,,,,,,,,,,
,,310,,,,,,,,,,
,,430,,,,,,,,,,
,,261,,,,,,,,,,
,,268,,,,,,,,,,
,,268,,,,,,,,,,
,,166,,,,,,,,,,
,,351,,,,,,,,,,
,,353,,,,,,,,,,
,,220,,,,,,,,,,
,,277,,,,,,,,,,
,,277,,,,,,,,,,
,,352,,,,,,,,,,
,,359,,,,,,,,,,
,,356,,,,,,,,,,
,,360,,,,,,,,,,
,,362,,,,,,,,,,
,,206,,,,,,,,,,
,,379,,,,,,,,,,
,,380,,,,,,,,,,
,,329,,,,,,,,,,
,,313,,,,,,,,,,
,,310,,,,,,,,,,
,,414,,,,,,,,,,
,,421,,,,,,,,,,
,,421,,,,,,,,,,
,,381,,,,,,,,,,
,,394,,,,,,,,,,
,,412,,,,,,,,,,
,,488,,,,,,,,,,
,,488,,,,,,,,,,
,,483,,,,,,,,,,
,,367,,,,,,,,,,
,,369,,,,,,,,,,
,,364,,,,,,,,,,
,,211,,,,,,,,,,
,,373,,,,,,,,,,
,,448,,,,,,,,,,
,,448,,,,,,,,,,
,,104,,,,,,,,,,
,,243,,,,,,,,,,
,,277,,,,,,,,,,
,,400,,,,,,,,,,
,,400,,,,,,,,,,
,,346,,,,,,,,,,
,,290,,,,,,,,,,
,,295,,,,,,,,,,
,,292,,,,,,,,,,
,,374,,,,,,,,,,
,,244,,,,,,,,,,
,,340,,,,,,,,,,
,,229,,,,,,,,,,
,,234,,,,,,,,,,
,,232,,,,,,,,,,
,,331,,,,,,,,,,
,,339,,,,,,,,,,
,,222,,,,,,,,,,
,,282,,,,,,,,,,
,,333,,,,,,,,,,
,,464,,,,,,,,,,
,,261,,,,,,,,,,
,,267,,,,,,,,,,
,,267,,,,,,,,,,
,,392,,,,,,,,,,
,,400,,,,,,,,,,
,,392,,,,,,,,,,
,,339,,,,,,,,,,
,,339,,,,,,,,,,
,,341,,,,,,,,,,
,,315,,,,,,,,,,
,,312,,,,,,,,,,
,,309,,,,,,,,,,
,,307,,,,,,,,,,
,,284,,,,,,,,,,
,,277,,,,,,,,,,
,,253,,,,,,,,,,
,,360,,,,,,,,,,
,,382,,,,,,,,,,
,,208,,,,,,,,,,
,,331,,,,,,,,,,
,,331,,,,,,,,,,
,,334,,,,,,,,,,
,,329,,,,,,,,,,
,,242,,,,,,,,,,
,,243,,,,,,,,,,
,,270,,,,,,,,,,
,,341,,,,,,,,,,
,,347,,,,,,,,,,
,,347,,,,,,,,,,
,,261,,,,,,,,,,
,,341,,,,,,,,,,
,,338,,,,,,,,,,
,,328,,,,,,,,,,
,,392,,,,,,,,,,
,,437,,,,,,,,,,
,,277,,,,,,,,,,
,,284,,,,,,,,,,
,,281,,,,,,,,,,
,,238,,,,,,,,,,
,,430,,,,,,,,,,
,,243,,,,,,,,,,
,,248,,,,,,,,,,
,,249,,,,,,,,,,
,,702,,,,,,,,,,
,,328,,,,,,,,,,
,,286,,,,,,,,,,
,,199,,,,,,,,,,
,,200,,,,,,,,,,
,,262,,,,,,,,,,
,,269,,,,,,,,,,
,,274,,,,,,,,,,
,,341,,,,,,,,,,
,,313,,,,,,,,,,
,,392,,,,,,,,,,
,,388,,,,,,,,,,
,,119,,,,,,,,,,
,,323,,,,,,,,,,
,,230,,,,,,,,,,
,,368,,,,,,,,,,
,,309,,,,,,,,,,
,,320,,,,,,,,,,
,,276,,,,,,,,,,
,,312,,,,,,,,,,
,,354,,,,,,,,,,
,,301,,,,,,,,,,
,,298,,,,,,,,,,
,,298,,,,,,,,,,
,,311,,,,,,,,,,
,,314,,,,,,,,,,
,,311,,,,,,,,,,
,,338,,,,,,,,,,
,,239,,,,,,,,,,
,,246,,,,,,,,,,
,,112,,,,,,,,,,
,,620,,,,,,,,,,
,,311,,,,,,,,,,
,,282,,,,,,,,,,
,,291,,,,,,,,,,
,,291,,,,,,,,,,
,,245,,,,,,,,,,
,,252,,,,,,,,,,
,,325,,,,,,,,,,
,,320,,,,,,,,,,
,,310,,,,,,,,,,
,,234,,,,,,,,,,
,,235,,,,,,,,,,
,,243,,,,,,,,,,
,,318,,,,,,,,,,
,,313,,,,,,,,,,
,,301,,,,,,,,,,
,,430,,,,,,,,,,
,,409,,,,,,,,,,
,,411,,,,,,,,,,
,,161,,,,,,,,,,
,,227,,,,,,,,,,
,,339,,,,,,,,,,
,,449,,,,,,,,,,
,,501,,,,,,,,,,
,,348,,,,,,,,,,
,,302,,,,,,,,,,
,,323,,,,,,,,,,
,,257,,,,,,,,,,
,,260,,,,,,,,,,
,,351,,,,,,,,,,
,,341,,,,,,,,,,
,,318,,,,,,,,,,
,,318,,,,,,,,,,
,,318,,,,,,,,,,
,,223,,,,,,,,,,
,,224,,,,,,,,,,
,,225,,,,,,,,,,
,,326,,,,,,,,,,
,,338,,,,,,,,,,
,,343,,,,,,,,,,
,,492,,,,,,,,,,
,,349,,,,,,,,,,
,,350,,,,,,,,,,
,,286,,,,,,,,,,
,,268,,,,,,,,,,
,,252,,,,,,,,,,
,,364,,,,,,,,,,
,,368,,,,,,,,,,
,,364,,,,,,,,,,
,,260,,,,,,,,,,
,,268,,,,,,,,,,
,,268,,,,,,,,,,
,,260,,,,,,,,,,
,,266,,,,,,,,,,
,,268,,,,,,,,,,
,,271,,,,,,,,,,
,,272,,,,,,,,,,
,,285,,,,,,,,,,
,,306,,,,,,,,,,
,,270,,,,,,,,,,
,,258,,,,,,,,,,
,,274,,,,,,,,,,
,,282,,,,,,,,,,
,,277,,,,,,,,,,
,,463,,,,,,,,,,
,,463,,,,,,,,,,
,,420,,,,,,,,,,
,,291,,,,,,,,,,
,,357,,,,,,,,,,
,,264,,,,,,,,,,
,,272,,,,,,,,,,
,,272,,,,,,,,,,
,,273,,,,,,,,,,
,,550,,,,,,,,,,
,,347,,,,,,,,,,
,,344,,,,,,,,,,
,,353,,,,,,,,,,
,,471,,,,,,,,,,
,,303,,,,,,,,,,
,,314,,,,,,,,,,
,,315,,,,,,,,,,
,,353,,,,,,,,,,
,,355,,,,,,,,,,
,,359,,,,,,,,,,
,,354,,,,,,,,,,
,,273,,,,,,,,,,
,,275,,,,,,,,,,
,,247,,,,,,,,,,
,,402,,,,,,,,,,
,,584,,,,,,,,,,
,,402,,,,,,,,,,
,,335,,,,,,,,,,
,,344,,,,,,,,,,
,,254,,,,,,,,,,
,,264,,,,,,,,,,
,,255,,,,,,,,,,
,,264,,,,,,,,,,
,,331,,,,,,,,,,
,,341,,,,,,,,,,
,,304,,,,,,,,,,
,,262,,,,,,,,,,
,,298,,,,,,,,,,
,,307,,,,,,,,,,
,,313,,,,,,,,,,
,,309,,,,,,,,,,
,,310,,,,,,,,,,
,,457,,,,,,,,,,
,,468,,,,,,,,,,
,,470,,,,,,,,,,
,,285,,,,,,,,,,
,,285,,,,,,,,,,
,,259,,,,,,,,,,
,,216,,,,,,,,,,
,,209,,,,,,,,,,
,,196,,,,,,,,,,
,,295,,,,,,,,,,
,,538,,,,,,,,,,
,,543,,,,,,,,,,
,,256,,,,,,,,,,
,,256,,,,,,,,,,
,,256,,,,,,,,,,
,,350,,,,,,,,,,
,,323,,,,,,,,,,
,,307,,,,,,,,,,
,,292,,,,,,,,,,
,,264,,,,,,,,,,
,,268,,,,,,,,,,
,,269,,,,,,,,,,
,,269,,,,,,,,,,
,,270,,,,,,,,,,
,,266,,,,,,,,,,
,,325,,,,,,,,,,
,,632,,,,,,,,,,
,,529,,,,,,,,,,
,,243,,,,,,,,,,
,,368,,,,,,,,,,
,,375,,,,,,,,,,
,,369,,,,,,,,,,
,,561,,,,,,,,,,
,,555,,,,,,,,,,
,,249,,,,,,,,,,
,,440,,,,,,,,,,
,,523,,,,,,,,,,
,,262,,,,,,,,,,
,,716,,,,,,,,,,
,,244,,,,,,,,,,
,,256,,,,,,,,,,
,,286,,,,,,,,,,
,,254,,,,,,,,,,
,,565,,,,,,,,,,
,,582,,,,,,,,,,
,,582,,,,,,,,,,
,,647,,,,,,,,,,
,,842,,,,,,,,,,
,,325,,,,,,,,,,
,,245,,,,,,,,,,
,,383,,,,,,,,,,
,,389,,,,,,,,,,
,,383,,,,,,,,,,
,,325,,,,,,,,,,
,,328,,,,,,,,,,
,,326,,,,,,,,,,
,,280,,,,,,,,,,
,,230,,,,,,,,,,
,,230,,,,,,,,,,
,,238,,,,,,,,,,
,,640,,,,,,,,,,
,,353,,,,,,,,,,
,,364,,,,,,,,,,
,,358,,,,,,,,,,
,,364,,,,,,,,,,
,,608,,,,,,,,,,
,,364,,,,,,,,,,
,,252,,,,,,,,,,
,,259,,,,,,,,,,
,,255,,,,,,,,,,
,,253,,,,,,,,,,
,,252,,,,,,,,,,
,,257,,,,,,,,,,
,,255,,,,,,,,,,
,,384,,,,,,,,,,
,,396,,,,,,,,,,
,,403,,,,,,,,,,
,,286,,,,,,,,,,
,,286,,,,,,,,,,
,,276,,,,,,,,,,
,,290,,,,,,,,,,
,,286,,,,,,,,,,
,,296,,,,,,,,,,
,,296,,,,,,,,,,
,,280,,,,,,,,,,
,,282,,,,,,,,,,
,,267,,,,,,,,,,
,,438,,,,,,,,,,
,,409,,,,,,,,,,
,,357,,,,,,,,,,
,,304,,,,,,,,,,
,,315,,,,,,,,,,
,,323,,,,,,,,,,
,,325,,,,,,,,,,
,,390,,,,,,,,,,
,,400,,,,,,,,,,
,,313,,,,,,,,,,
,,313,,,,,,,,,,
,,310,,,,,,,,,,
,,257,,,,,,,,,,
,,266,,,,,,,,,,
,,262,,,,,,,,,,
,,293,,,,,,,,,,
,,302,,,,,,,,,,
,,380,,,,,,,,,,
,,391,,,,,,,,,,
,,386,,,,,,,,,,
,,178,,,,,,,,,,
,,282,,,,,,,,,,
,,228,,,,,,,,,,
,,284,,,,,,,,,,
,,243,,,,,,,,,,
,,253,,,,,,,,,,
,,320,,,,,,,,,,
,,329,,,,,,,,,,
,,306,,,,,,,,,,
,,309,,,,,,,,,,
,,283,,,,,,,,,,
,,273,,,,,,,,,,
,,421,,,,,,,,,,
,,270,,,,,,,,,,
,,408,,,,,,,,,,
,,310,,,,,,,,,,
,,315,,,,,,,,,,
,,312,,,,,,,,,,
,,300,,,,,,,,,,
,,309,,,,,,,,,,
,,295,,,,,,,,,,
,,330,,,,,,,,,,
,,330,,,,,,,,,,
,,332,,,,,,,,,,
,,298,,,,,,,,,,
,,326,,,,,,,,,,
,,326,,,,,,,,,,
,,240,,,,,,,,,,
,,285,,,,,,,,,,
,,473,,,,,,,,,,
,,473,,,,,,,,,,
,,466,,,,,,,,,,
,,355,,,,,,,,,,
,,361,,,,,,,,,,
,,241,,,,,,,,,,
,,443,,,,,,,,,,
,,585,,,,,,,,,,
,,257,,,,,,,,,,
,,281,,,,,,,,,,
,,349,,,,,,,,,,
,,327,,,,,,,,,,
,,322,,,,,,,,,,
,,171,,,,,,,,,,
,,188,,,,,,,,,,
,,201,,,,,,,,,,
,,227,,,,,,,,,,
,,232,,,,,,,,,,
,,233,,,,,,,,,,
,,248,,,,,,,,,,
,,228,,,,,,,,,,
,,200,,,,,,,,,,
,,486,,,,,,,,,,
,,494,,,,,,,,,,
,,484,,,,,,,,,,
,,334,,,,,,,,,,
,,307,,,,,,,,,,
,,318,,,,,,,,,,
,,314,,,,,,,,,,
,,244,,,,,,,,,,
,,245,,,,,,,,,,
,,179,,,,,,,,,,
,,494,,,,,,,,,,
,,527,,,,,,,,,,
,,564,,,,,,,,,,
,,555,,,,,,,,,,
,,197,,,,,,,,,,
,,559,,,,,,,,,,
,,559,,,,,,,,,,
,,245,,,,,,,,,,
,,252,,,,,,,,,,
,,250,,,,,,,,,,
,,346,,,,,,,,,,
,,356,,,,,,,,,,
,,475,,,,,,,,,,
,,1156,,,,,,,,,,
,,340,,,,,,,,,,
,,354,,,,,,,,,,
,,295,,,,,,,,,,
,,405,,,,,,,,,,
,,420,,,,,,,,,,
,,405,,,,,,,,,,
,,355,,,,,,,,,,
,,362,,,,,,,,,,
,,318,,,,,,,,,,
,,323,,,,,,,,,,
,,493,,,,,,,,,,
,,381,,,,,,,,,,
,,308,,,,,,,,,,
,,510,,,,,,,,,,
,,528,,,,,,,,,,
,,394,,,,,,,,,,
,,584,,,,,,,,,,
,,609,,,,,,,,,,
,,437,,,,,,,,,,
,,305,,,,,,,,,,
,,305,,,,,,,,,,
,,305,,,,,,,,,,
,,72,,,,,,,,,,
,,261,,,,,,,,,,
,,262,,,,,,,,,,
,,547,,,,,,,,,,
,,740,,,,,,,,,,
,,655,,,,,,,,,,
,,342,,,,,,,,,,
,,352,,,,,,,,,,
,,356,,,,,,,,,,
,,390,,,,,,,,,,
,,482,,,,,,,,,,
,,472,,,,,,,,,,
,,272,,,,,,,,,,
,,272,,,,,,,,,,
,,269,,,,,,,,,,
,,280,,,,,,,,,,
,,290,,,,,,,,,,
,,292,,,,,,,,,,
,,423,,,,,,,,,,
,,423,,,,,,,,,,
,,423,,,,,,,,,,
,,290,,,,,,,,,,
,,307,,,,,,,,,,
,,318,,,,,,,,,,
,,335,,,,,,,,,,
,,335,,,,,,,,,,
,,330,,,,,,,,,,
,,622,,,,,,,,,,
,,228,,,,,,,,,,
,,232,,,,,,,,,,
,,232,,,,,,,,,,
,,347,,,,,,,,,,
,,355,,,,,,,,,,
,,352,,,,,,,,,,
,,252,,,,,,,,,,
,,259,,,,,,,,,,
,,259,,,,,,,,,,
,,409,,,,,,,,,,
,,411,,,,,,,,,,
,,262,,,,,,,,,,
,,262,,,,,,,,,,
,,266,,,,,,,,,,
,,271,,,,,,,,,,
,,377,,,,,,,,,,
,,383,,,,,,,,,,
,,217,,,,,,,,,,
,,461,,,,,,,,,,
,,463,,,,,,,,,,
,,468,,,,,,,,,,
,,440,,,,,,,,,,
,,429,,,,,,,,,,
,,389,,,,,,,,,,
,,465,,,,,,,,,,
,,472,,,,,,,,,,
,,311,,,,,,,,,,
,,364,,,,,,,,,,
,,406,,,,,,,,,,
,,412,,,,,,,,,,
,,408,,,,,,,,,,
,,402,,,,,,,,,,
,,435,,,,,,,,,,
,,364,,,,,,,,,,
,,367,,,,,,,,,,
,,324,,,,,,,,,,
,,489,,,,,,,,,,
,,440,,,,,,,,,,
,,374,,,,,,,,,,
,,300,,,,,,,,,,
,,304,,,,,,,,,,
,,456,,,,,,,,,,
,,300,,,,,,,,,,
,,366,,,,,,,,,,
,,443,,,,,,,,,,
,,443,,,,,,,,,,
,,287,,,,,,,,,,
,,302,,,,,,,,,,
,,311,,,,,,,,,,
,,306,,,,,,,,,,
,,330,,,,,,,,,,
,,301,,,,,,,,,,
,,334,,,,,,,,,,
,,334,,,,,,,,,,
,,297,,,,,,,,,,
,,349,,,,,,,,,,
,,349,,,,,,,,,,
,,349,,,,,,,,,,
,,206,,,,,,,,,,
,,459,,,,,,,,,,
,,514,,,,,,,,,,
,,516,,,,,,,,,,
,,514,,,,,,,,,,
,,420,,,,,,,,,,
,,266,,,,,,,,,,
,,248,,,,,,,,,,
,,252,,,,,,,,,,
,,310,,,,,,,,,,
,,312,,,,,,,,,,
,,310,,,,,,,,,,
,,678,,,,,,,,,,
,,678,,,,,,,,,,
,,415,,,,,,,,,,
,,415,,,,,,,,,,
,,389,,,,,,,,,,
,,393,,,,,,,,,,
,,745,,,,,,,,,,
,,774,,,,,,,,,,
,,522,,,,,,,,,,
,,220,,,,,,,,,,
,,352,,,,,,,,,,
,,638,,,,,,,,,,
,,641,,,,,,,,,,
,,543,,,,,,,,,,
,,562,,,,,,,,,,
,,422,,,,,,,,,,
,,272,,,,,,,,,,
,,273,,,,,,,,,,
,,429,,,,,,,,,,
,,281,,,,,,,,,,
,,332,,,,,,,,,,
,,336,,,,,,,,,,
,,337,,,,,,,,,,
,,418,,,,,,,,,,
,,265,,,,,,,,,,
,,461,,,,,,,,,,
,,426,,,,,,,,,,
,,420,,,,,,,,,,
,,416,,,,,,,,,,
,,425,,,,,,,,,,
,,361,,,,,,,,,,
,,361,,,,,,,,,,
,,335,,,,,,,,,,
,,355,,,,,,,,,,
,,356,,,,,,,,,,
,,356,,,,,,,,,,
,,573,,,,,,,,,,
,,925,,,,,,,,,,
,,990,,,,,,,,,,
,,473,,,,,,,,,,
,,473,,,,,,,,,,
,,291,,,,,,,,,,
,,272,,,,,,,,,,
,,278,,,,,,,,,,
,,275,,,,,,,,,,
,,461,,,,,,,,,,
,,337,,,,,,,,,,
,,362,,,,,,,,,,
,,285,,,,,,,,,,
,,288,,,,,,,,,,
,,300,,,,,,,,,,
,,160,,,,,,,,,,
,,565,,,,,,,,,,
,,578,,,,,,,,,,
,,334,,,,,,,,,,
,,343,,,,,,,,,,
,,346,,,,,,,,,,
,,319,,,,,,,,,,
,,322,,,,,,,,,,
,,275,,,,,,,,,,
,,266,,,,,,,,,,
,,251,,,,,,,,,,
,,254,,,,,,,,,,
,,264,,,,,,,,,,
,,627,,,,,,,,,,
,,630,,,,,,,,,,
,,502,,,,,,,,,,
,,421,,,,,,,,,,
,,375,,,,,,,,,,
,,382,,,,,,,,,,
,,396,,,,,,,,,,
,,346,,,,,,,,,,
,,349,,,,,,,,,,
,,344,,,,,,,,,,
,,433,,,,,,,,,,
,,441,,,,,,,,,,
,,443,,,,,,,,,,
,,501,,,,,,,,,,
,,379,,,,,,,,,,
,,385,,,,,,,,,,
,,411,,,,,,,,,,
,,415,,,,,,,,,,
,,365,,,,,,,,,,
,,400,,,,,,,,,,
,,442,,,,,,,,,,
,,455,,,,,,,,,,
,,287,,,,,,,,,,
,,298,,,,,,,,,,
,,561,,,,,,,,,,
,,433,,,,,,,,,,
,,318,,,,,,,,,,
,,520,,,,,,,,,,
,,520,,,,,,,,,,
,,470,,,,,,,,,,
,,475,,,,,,,,,,
,,424,,,,,,,,,,
,,274,,,,,,,,,,
,,260,,,,,,,,,,
,,258,,,,,,,,,,
,,266,,,,,,,,,,
,,255,,,,,,,,,,
,,724,,,,,,,,,,
,,771,,,,,,,,,,
,,351,,,,,,,,,,
,,358,,,,,,,,,,
,,268,,,,,,,,,,
,,354,,,,,,,,,,
,,379,,,,,,,,,,
,,281,,,,,,,,,,
,,346,,,,,,,,,,
,,675,,,,,,,,,,
,,438,,,,,,,,,,
,,596,,,,,,,,,,
,,377,,,,,,,,,,
,,383,,,,,,,,,,
,,261,,,,,,,,,,
,,311,,,,,,,,,,
,,481,,,,,,,,,,
,,481,,,,,,,,,,
,,327,,,,,,,,,,
,,337,,,,,,,,,,
,,338,,,,,,,,,,
,,377,,,,,,,,,,
,,499,,,,,,,,,,
,,504,,,,,,,,,,
,,575,,,,,,,,,,
,,581,,,,,,,,,,
,,120,,,,,,,,,,
,,320,,,,,,,,,,
,,354,,,,,,,,,,
,,383,,,,,,,,,,
,,647,,,,,,,,,,
,,689,,,,,,,,,,
,,383,,,,,,,,,,
,,533,,,,,,,,,,
,,741,,,,,,,,,,
,,983,,,,,,,,,,
,,536,,,,,,,,,,
,,539,,,,,,,,,,
,,189,,,,,,,,,,
,,276,,,,,,,,,,
,,279,,,,,,,,,,
,,275,,,,,,,,,,
,,277,,,,,,,,,,
,,404,,,,,,,,,,
,,412,,,,,,,,,,
,,343,,,,,,,,,,
,,357,,,,,,,,,,
,,415,,,,,,,,,,
,,403,,,,,,,,,,
,,377,,,,,,,,,,
,,533,,,,,,,,,,
,,351,,,,,,,,,,
,,493,,,,,,,,,,
,,420,,,,,,,,,,
,,1106,,,,,,,,,,
,,1111,,,,,,,,,,
,,764,,,,,,,,,,
,,817,,,,,,,,,,
,,783,,,,,,,,,,
,,365,,,,,,,,,,
,,620,,,,,,,,,,
,,700,,,,,,,,,,
,,644,,,,,,,,,,
,,531,,,,,,,,,,
,,536,,,,,,,,,,
,,526,,,,,,,,,,
,,365,,,,,,,,,,
,,370,,,,,,,,,,
,,323,,,,,,,,,,
,,408,,,,,,,,,,
,,410,,,,,,,,,,
,,530,,,,,,,,,,
,,541,,,,,,,,,,
,,541,,,,,,,,,,
,,287,,,,,,,,,,
,,371,,,,,,,,,,
,,280,,,,,,,,,,
,,281,,,,,,,,,,
,,418,,,,,,,,,,
,,497,,,,,,,,,,
,,207,,,,,,,,,,
,,636,,,,,,,,,,
,,640,,,,,,,,,,
,,746,,,,,,,,,,
,,305,,,,,,,,,,
,,309,,,,,,,,,,
,,317,,,,,,,,,,
,,317,,,,,,,,,,
,,231,,,,,,,,,,
,,239,,,,,,,,,,
,,241,,,,,,,,,,
,,241,,,,,,,,,,
,,911,,,,,,,,,,
,,911,,,,,,,,,,
,,902,,,,,,,,,,
,,904,,,,,,,,,,
,,909,,,,,,,,,,
,,900,,,,,,,,,,
,,330,,,,,,,,,,
,,333,,,,,,,,,,
,,308,,,,,,,,,,
,,640,,,,,,,,,,
,,682,,,,,,,,,,
,,750,,,,,,,,,,
,,282,,,,,,,,,,
,,273,,,,,,,,,,
,,283,,,,,,,,,,
,,251,,,,,,,,,,
,,322,,,,,,,,,,
,,326,,,,,,,,,,
,,331,,,,,,,,,,
,,224,,,,,,,,,,
,,222,,,,,,,,,,
,,224,,,,,,,,,,
,,67,,,,,,,,,,
,,285,,,,,,,,,,
,,501,,,,,,,,,,
,,538,,,,,,,,,,
,,489,,,,,,,,,,
,,247,,,,,,,,,,
,,256,,,,,,,,,,
,,257,,,,,,,,,,
,,343,,,,,,,,,,
,,282,,,,,,,,,,
,,282,,,,,,,,,,
,,282,,,,,,,,,,
,,332,,,,,,,,,,
,,386,,,,,,,,,,
,,387,,,,,,,,,,
,,382,,,,,,,,,,
,,280,,,,,,,,,,
,,358,,,,,,,,,,
,,417,,,,,,,,,,
,,247,,,,,,,,,,
,,255,,,,,,,,,,
,,257,,,,,,,,,,
,,337,,,,,,,,,,
,,344,,,,,,,,,,
,,341,,,,,,,,,,
,,268,,,,,,,,,,
,,271,,,,,,,,,,
,,280,,,,,,,,,,
,,311,,,,,,,,,,
,,703,,,,,,,,,,
,,612,,,,,,,,,,
,,504,,,,,,,,,,
,,267,,,,,,,,,,
,,209,,,,,,,,,,
,,340,,,,,,,,,,
,,345,,,,,,,,,,
,,347,,,,,,,,,,
,,268,,,,,,,,,,
,,266,,,,,,,,,,
,,268,,,,,,,,,,
,,260,,,,,,,,,,
,,264,,,,,,,,,,
,,265,,,,,,,,,,
,,274,,,,,,,,,,
,,282,,,,,,,,,,
,,549,,,,,,,,,,
,,261,,,,,,,,,,
,,268,,,,,,,,,,
,,268,,,,,,,,,,
,,214,,,,,,,,,,
,,221,,,,,,,,,,
,,318,,,,,,,,,,
,,394,,,,,,,,,,
,,367,,,,,,,,,,
,,315,,,,,,,,,,
,,274,,,,,,,,,,
,,275,,,,,,,,,,
,,254,,,,,,,,,,
,,263,,,,,,,,,,
,,264,,,,,,,,,,
,,269,,,,,,,,,,
,,269,,,,,,,,,,
,,249,,,,,,,,,,
,,266,,,,,,,,,,
,,311,,,,,,,,,,
,,228,,,,,,,,,,
,,241,,,,,,,,,,
,,253,,,,,,,,,,
,,251,,,,,,,,,,
,,252,,,,,,,,,,
,,254,,,,,,,,,,
,,249,,,,,,,,,,
,,251,,,,,,,,,,
,,263,,,,,,,,,,
,,271,,,,,,,,,,
,,260,,,,,,,,,,
,,781,,,,,,,,,,
,,373,,,,,,,,,,
,,373,,,,,,,,,,
,,373,,,,,,,,,,
,,259,,,,,,,,,,
,,503,,,,,,,,,,
,,352,,,,,,,,,,
,,376,,,,,,,,,,
,,390,,,,,,,,,,
,,265,,,,,,,,,,
,,293,,,,,,,,,,
,,243,,,,,,,,,,
,,285,,,,,,,,,,
,,287,,,,,,,,,,
,,271,,,,,,,,,,
,,279,,,,,,,,,,
,,265,,,,,,,,,,
,,314,,,,,,,,,,
,,314,,,,,,,,,,
,,315,,,,,,,,,,
,,276,,,,,,,,,,
,,284,,,,,,,,,,
,,280,,,,,,,,,,
,,292,,,,,,,,,,
,,298,,,,,,,,,,
,,295,,,,,,,,,,
,,229,,,,,,,,,,
,,236,,,,,,,,,,
,,236,,,,,,,,,,
,,251,,,,,,,,,,
,,171,,,,,,,,,,
,,176,,,,,,,,,,
,,176,,,,,,,,,,
,,229,,,,,,,,,,
,,236,,,,,,,,,,
,,237,,,,,,,,,,
,,156,,,,,,,,,,
,,160,,,,,,,,,,
,,160,,,,,,,,,,
,,279,,,,,,,,,,
,,260,,,,,,,,,,
,,268,,,,,,,,,,
,,212,,,,,,,,,,
,,216,,,,,,,,,,
,,223,,,,,,,,,,
,,220,,,,,,,,,,
,,259,,,,,,,,,,
,,266,,,,,,,,,,
,,263,,,,,,,,,,
,,306,,,,,,,,,,
,,326,,,,,,,,,,
,,279,,,,,,,,,,
,,299,,,,,,,,,,
,,321,,,,,,,,,,
,,277,,,,,,,,,,
,,254,,,,,,,,,,
,,219,,,,,,,,,,
,,220,,,,,,,,,,
,,219,,,,,,,,,,
,,225,,,,,,,,,,
,,227,,,,,,,,,,
,,329,,,,,,,,,,
,,323,,,,,,,,,,
,,319,,,,,,,,,,
,,244,,,,,,,,,,
,,244,,,,,,,,,,
,,193,,,,,,,,,,
,,239,,,,,,,,,,
,,220,,,,,,,,,,
,,227,,,,,,,,,,
,,227,,,,,,,,,,
,,195,,,,,,,,,,
,,201,,,,,,,,,,
,,202,,,,,,,,,,
,,243,,,,,,,,,,
,,250,,,,,,,,,,
,,246,,,,,,,,,,
,,324,,,,,,,,,,
,,330,,,,,,,,,,
,,327,,,,,,,,,,
,,210,,,,,,,,,,
,,206,,,,,,,,,,
,,342,,,,,,,,,,
,,273,,,,,,,,,,
,,338,,,,,,,,,,
,,233,,,,,,,,,,
,,237,,,,,,,,,,
,,245,,,,,,,,,,
,,303,,,,,,,,,,
,,283,,,,,,,,,,
,,283,,,,,,,,,,
,,279,,,,,,,,,,
,,276,,,,,,,,,,
,,231,,,,,,,,,,
,,228,,,,,,,,,,
,,270,,,,,,,,,,
,,277,,,,,,,,,,
,,231,,,,,,,,,,
,,238,,,,,,,,,,
,,235,,,,,,,,,,
,,347,,,,,,,,,,
,,299,,,,,,,,,,
,,258,,,,,,,,,,
,,262,,,,,,,,,,
,,259,,,,,,,,,,
,,215,,,,,,,,,,
,,231,,,,,,,,,,
,,239,,,,,,,,,,
,,261,,,,,,,,,,
,,445,,,,,,,,,,
,,303,,,,,,,,,,
,,305,,,,,,,,,,
,,142,,,,,,,,,,
,,177,,,,,,,,,,
,,177,,,,,,,,,,
,,167,,,,,,,,,,
,,168,,,,,,,,,,
,,272,,,,,,,,,,
,,248,,,,,,,,,,
,,250,,,,,,,,,,
,,190,,,,,,,,,,
,,195,,,,,,,,,,
,,184,,,,,,,,,,
,,306,,,,,,,,,,
,,338,,,,,,,,,,
,,336,,,,,,,,,,
,,262,,,,,,,,,,
,,266,,,,,,,,,,
,,359,,,,,,,,,,
,,359,,,,,,,,,,
,,364,,,,,,,,,,
,,336,,,,,,,,,,
,,303,,,,,,,,,,
,,284,,,,,,,,,,
,,202,,,,,,,,,,
,,205,,,,,,,,,,
,,199,,,,,,,,,,
,,420,,,,,,,,,,
,,284,,,,,,,,,,
,,285,,,,,,,,,,
,,219,,,,,,,,,,
,,224,,,,,,,,,,
,,544,,,,,,,,,,
,,519,,,,,,,,,,
,,548,,,,,,,,,,
,,259,,,,,,,,,,
,,262,,,,,,,,,,
,,264,,,,,,,,,,
,,237,,,,,,,,,,
,,239,,,,,,,,,,
,,203,,,,,,,,,,
,,209,,,,,,,,,,
,,209,,,,,,,,,,
,,252,,,,,,,,,,
,,259,,,,,,,,,,
,,308,,,,,,,,,,
,,315,,,,,,,,,,
,,312,,,,,,,,,,
,,231,,,,,,,,,,
,,236,,,,,,,,,,
,,233,,,,,,,,,,
,,232,,,,,,,,,,
,,501,,,,,,,,,,
,,481,,,,,,,,,,
,,483,,,,,,,,,,
,,180,,,,,,,,,,
,,170,,,,,,,,,,
,,170,,,,,,,,,,
,,292,,,,,,,,,,
,,293,,,,,,,,,,
,,254,,,,,,,,,,
,,241,,,,,,,,,,
,,241,,,,,,,,,,
,,346,,,,,,,,,,
,,340,,,,,,,,,,
,,335,,,,,,,,,,
,,223,,,,,,,,,,
,,225,,,,,,,,,,
,,233,,,,,,,,,,
,,458,,,,,,,,,,
,,430,,,,,,,,,,
,,332,,,,,,,,,,
,,278,,,,,,,,,,
,,268,,,,,,,,,,
,,242,,,,,,,,,,
,,243,,,,,,,,,,
,,289,,,,,,,,,,
,,290,,,,,,,,,,
,,73,,,,,,,,,,
,,73,,,,,,,,,,
,,73,,,,,,,,,,
,,301,,,,,,,,,,
,,410,,,,,,,,,,
,,517,,,,,,,,,,
,,520,,,,,,,,,,
,,636,,,,,,,,,,
,,427,,,,,,,,,,
,,373,,,,,,,,,,
,,375,,,,,,,,,,
,,699,,,,,,,,,,
,,692,,,,,,,,,,
,,480,,,,,,,,,,
,,485,,,,,,,,,,
,,485,,,,,,,,,,
,,734,,,,,,,,,,
,,422,,,,,,,,,,
,,524,,,,,,,,,,
,,619,,,,,,,,,,
,,227,,,,,,,,,,
,,233,,,,,,,,,,
,,315,,,,,,,,,,
,,256,,,,,,,,,,
,,256,,,,,,,,,,
,,254,,,,,,,,,,
,,289,,,,,,,,,,
,,352,,,,,,,,,,
,,330,,,,,,,,,,
,,373,,,,,,,,,,
,,514,,,,,,,,,,
,,532,,,,,,,,,,
,,534,,,,,,,,,,
,,228,,,,,,,,,,
,,215,,,,,,,,,,
,,290,,,,,,,,,,
,,267,,,,,,,,,,
,,266,,,,,,,,,,
,,276,,,,,,,,,,
,,239,,,,,,,,,,
,,223,,,,,,,,,,
,,224,,,,,,,,,,
,,264,,,,,,,,,,
,,272,,,,,,,,,,
,,268,,,,,,,,,,
,,273,,,,,,,,,,
,,318,,,,,,,,,,
,,234,,,,,,,,,,
,,289,,,,,,,,,,
,,319,,,,,,,,,,
,,250,,,,,,,,,,
,,194,,,,,,,,,,
,,253,,,,,,,,,,
,,259,,,,,,,,,,
,,257,,,,,,,,,,
,,218,,,,,,,,,,
,,366,,,,,,,,,,
,,272,,,,,,,,,,
,,312,,,,,,,,,,
,,391,,,,,,,,,,
,,401,,,,,,,,,,
,,253,,,,,,,,,,
,,191,,,,,,,,,,
,,196,,,,,,,,,,
,,291,,,,,,,,,,
,,297,,,,,,,,,,
,,279,,,,,,,,,,
,,281,,,,,,,,,,
,,271,,,,,,,,,,
,,274,,,,,,,,,,
,,274,,,,,,,,,,
,,258,,,,,,,,,,
,,266,,,,,,,,,,
,,200,,,,,,,,,,
,,203,,,,,,,,,,
,,207,,,,,,,,,,
,,338,,,,,,,,,,
,,214,,,,,,,,,,
,,358,,,,,,,,,,
,,249,,,,,,,,,,
,,448,,,,,,,,,,
,,470,,,,,,,,,,
,,527,,,,,,,,,,
,,312,,,,,,,,,,
,,318,,,,,,,,,,
,,318,,,,,,,,,,
,,179,,,,,,,,,,
,,181,,,,,,,,,,
,,189,,,,,,,,,,
,,416,,,,,,,,,,
,,426,,,,,,,,,,
,,420,,,,,,,,,,
,,271,,,,,,,,,,
,,255,,,,,,,,,,
,,237,,,,,,,,,,
,,243,,,,,,,,,,
,,280,,,,,,,,,,
,,281,,,,,,,,,,
,,288,,,,,,,,,,
,,301,,,,,,,,,,
,,297,,,,,,,,,,
,,294,,,,,,,,,,
,,395,,,,,,,,,,
,,397,,,,,,,,,,
,,367,,,,,,,,,,
,,238,,,,,,,,,,
,,262,,,,,,,,,,
,,517,,,,,,,,,,
,,171,,,,,,,,,,
,,222,,,,,,,,,,
,,296,,,,,,,,,,
,,240,,,,,,,,,,
,,452,,,,,,,,,,
,,452,,,,,,,,,,
,,271,,,,,,,,,,
,,279,,,,,,,,,,
,,327,,,,,,,,,,
,,337,,,,,,,,,,
,,332,,,,,,,,,,
,,196,,,,,,,,,,
,,202,,,,,,,,,,
,,202,,,,,,,,,,
,,264,,,,,,,,,,
,,444,,,,,,,,,,
,,475,,,,,,,,,,
,,516,,,,,,,,,,
,,358,,,,,,,,,,
,,369,,,,,,,,,,
,,240,,,,,,,,,,
,,236,,,,,,,,,,
,,220,,,,,,,,,,
,,249,,,,,,,,,,
,,257,,,,,,,,,,
,,258,,,,,,,,,,
,,540,,,,,,,,,,
,,583,,,,,,,,,,
,,592,,,,,,,,,,
,,286,,,,,,,,,,
,,550,,,,,,,,,,
,,350,,,,,,,,,,
,,341,,,,,,,,,,
,,331,,,,,,,,,,
,,343,,,,,,,,,,
,,343,,,,,,,,,,
,,320,,,,,,,,,,
,,320,,,,,,,,,,
,,321,,,,,,,,,,
,,297,,,,,,,,,,
,,286,,,,,,,,,,
,,350,,,,,,,,,,
,,428,,,,,,,,,,
,,578,,,,,,,,,,
,,236,,,,,,,,,,
,,237,,,,,,,,,,
,,237,,,,,,,,,,
,,224,,,,,,,,,,
,,229,,,,,,,,,,
,,452,,,,,,,,,,
,,239,,,,,,,,,,
,,266,,,,,,,,,,
,,636,,,,,,,,,,
,,260,,,,,,,,,,
,,270,,,,,,,,,,
,,277,,,,,,,,,,
,,265,,,,,,,,,,
,,273,,,,,,,,,,
,,326,,,,,,,,,,
,,334,,,,,,,,,,
,,261,,,,,,,,,,
,,272,,,,,,,,,,
,,338,,,,,,,,,,
,,350,,,,,,,,,,
,,406,,,,,,,,,,
,,414,,,,,,,,,,
,,406,,,,,,,,,,
,,255,,,,,,,,,,
,,786,,,,,,,,,,
,,381,,,,,,,,,,
,,383,,,,,,,,,,
,,385,,,,,,,,,,
,,623,,,,,,,,,,
,,620,,,,,,,,,,
,,620,,,,,,,,,,
,,670,,,,,,,,,,
,,422,,,,,,,,,,
,,429,,,,,,,,,,
,,422,,,,,,,,,,
,,269,,,,,,,,,,
,,269,,,,,,,,,,
,,476,,,,,,,,,,
,,373,,,,,,,,,,
,,380,,,,,,,,,,
,,375,,,,,,,,,,
,,279,,,,,,,,,,
,,242,,,,,,,,,,
,,296,,,,,,,,,,
,,601,,,,,,,,,,
,,224,,,,,,,,,,
,,235,,,,,,,,,,
,,245,,,,,,,,,,
,,277,,,,,,,,,,
,,324,,,,,,,,,,
,,314,,,,,,,,,,
,,323,,,,,,,,,,
,,253,,,,,,,,,,
,,261,,,,,,,,,,
,,253,,,,,,,,,,
,,268,,,,,,,,,,
,,427,,,,,,,,,,
,,511,,,,,,,,,,
,,385,,,,,,,,,,
,,542,,,,,,,,,,
,,569,,,,,,,,,,
,,403,,,,,,,,,,
,,415,,,,,,,,,,
,,526,,,,,,,,,,
,,531,,,,,,,,,,
,,466,,,,,,,,,,
,,337,,,,,,,,,,
,,281,,,,,,,,,,
,,311,,,,,,,,,,
,,321,,,,,,,,,,
,,339,,,,,,,,,,
,,236,,,,,,,,,,
,,243,,,,,,,,,,
,,240,,,,,,,,,,
,,255,,,,,,,,,,
,,227,,,,,,,,,,
,,236,,,,,,,,,,
,,358,,,,,,,,,,
,,258,,,,,,,,,,
,,334,,,,,,,,,,
,,345,,,,,,,,,,
,,349,,,,,,,,,,
,,384,,,,,,,,,,
,,446,,,,,,,,,,
,,142,,,,,,,,,,
,,291,,,,,,,,,,
,,224,,,,,,,,,,
,,233,,,,,,,,,,
,,254,,,,,,,,,,
,,261,,,,,,,,,,
,,306,,,,,,,,,,
,,265,,,,,,,,,,
,,232,,,,,,,,,,
,,239,,,,,,,,,,
,,244,,,,,,,,,,
,,252,,,,,,,,,,
,,303,,,,,,,,,,
,,295,,,,,,,,,,
,,292,,,,,,,,,,
,,326,,,,,,,,,,
,,235,,,,,,,,,,
,,235,,,,,,,,,,
,,236,,,,,,,,,,
,,323,,,,,,,,,,
,,297,,,,,,,,,,
,,320,,,,,,,,,,
,,149,,,,,,,,,,
,,293,,,,,,,,,,
,,294,,,,,,,,,,
,,361,,,,,,,,,,
,,361,,,,,,,,,,
,,356,,,,,,,,,,
,,220,,,,,,,,,,
,,305,,,,,,,,,,
,,246,,,,,,,,,,
,,243,,,,,,,,,,
,,248,,,,,,,,,,
,,332,,,,,,,,,,
,,336,,,,,,,,,,
,,293,,,,,,,,,,
,,483,,,,,,,,,,
,,269,,,,,,,,,,
,,269,,,,,,,,,,
,,267,,,,,,,,,,
,,259,,,,,,,,,,
,,84,,,,,,,,,,
,,412,,,,,,,,,,
,,357,,,,,,,,,,
,,359,,,,,,,,,,
,,355,,,,,,,,,,
,,198,,,,,,,,,,
,,189,,,,,,,,,,
,,193,,,,,,,,,,
,,312,,,,,,,,,,
,,337,,,,,,,,,,
,,333,,,,,,,,,,
,,329,,,,,,,,,,
,,346,,,,,,,,,,
,,344,,,,,,,,,,
,,218,,,,,,,,,,
,,327,,,,,,,,,,
,,1166,,,,,,,,,,
,,1122,,,,,,,,,,
,,209,,,,,,,,,,
,,214,,,,,,,,,,
,,212,,,,,,,,,,
,,273,,,,,,,,,,
,,337,,,,,,,,,,
,,334,,,,,,,,,,
,,336,,,,,,,,,,
,,334,,,,,,,,,,
,,290,,,,,,,,,,
,,262,,,,,,,,,,
,,282,,,,,,,,,,
,,285,,,,,,,,,,
,,262,,,,,,,,,,
,,255,,,,,,,,,,
,,260,,,,,,,,,,
,,408,,,,,,,,,,
,,506,,,,,,,,,,
,,257,,,,,,,,,,
,,269,,,,,,,,,,
,,318,,,,,,,,,,
,,592,,,,,,,,,,
,,241,,,,,,,,,,
,,380,,,,,,,,,,
,,241,,,,,,,,,,
,,276,,,,,,,,,,
,,284,,,,,,,,,,
,,244,,,,,,,,,,
,,257,,,,,,,,,,
,,254,,,,,,,,,,
,,275,,,,,,,,,,
,,230,,,,,,,,,,
,,242,,,,,,,,,,
,,263,,,,,,,,,,
,,287,,,,,,,,,,
,,373,,,,,,,,,,
,,382,,,,,,,,,,
,,377,,,,,,,,,,
,,355,,,,,,,,,,
,,368,,,,,,,,,,
,,362,,,,,,,,,,
,,302,,,,,,,,,,
,,240,,,,,,,,,,
,,248,,,,,,,,,,
,,249,,,,,,,,,,
,,239,,,,,,,,,,
,,229,,,,,,,,,,
,,230,,,,,,,,,,
,,232,,,,,,,,,,
,,226,,,,,,,,,,
,,226,,,,,,,,,,
,,227,,,,,,,,,,
,,243,,,,,,,,,,
,,250,,,,,,,,,,
,,258,,,,,,,,,,
,,242,,,,,,,,,,
,,249,,,,,,,,,,
,,258,,,,,,,,,,
,,222,,,,,,,,,,
,,229,,,,,,,,,,
,,230,,,,,,,,,,
,,262,,,,,,,,,,
,,269,,,,,,,,,,
,,259,,,,,,,,,,
,,284,,,,,,,,,,
,,266,,,,,,,,,,
,,185,,,,,,,,,,
,,242,,,,,,,,,,
,,253,,,,,,,,,,
,,224,,,,,,,,,,
,,210,,,,,,,,,,
,,227,,,,,,,,,,
,,220,,,,,,,,,,
,,221,,,,,,,,,,
,,328,,,,,,,,,,
,,336,,,,,,,,,,
,,333,,,,,,,,,,
,,221,,,,,,,,,,
,,228,,,,,,,,,,
,,236,,,,,,,,,,
,,263,,,,,,,,,,
,,288,,,,,,,,,,
,,299,,,,,,,,,,
,,251,,,,,,,,,,
,,234,,,,,,,,,,
,,260,,,,,,,,,,
,,279,,,,,,,,,,
,,200,,,,,,,,,,
,,270,,,,,,,,,,
,,275,,,,,,,,,,
,,217,,,,,,,,,,
,,297,,,,,,,,,,
,,309,,,,,,,,,,
,,309,,,,,,,,,,
,,306,,,,,,,,,,
,,203,,,,,,,,,,
,,208,,,,,,,,,,
,,214,,,,,,,,,,
,,191,,,,,,,,,,
,,277,,,,,,,,,,
,,277,,,,,,,,,,
,,351,,,,,,,,,,
,,376,,,,,,,,,,
,,278,,,,,,,,,,
,,243,,,,,,,,,,
,,266,,,,,,,,,,
,,238,,,,,,,,,,
,,244,,,,,,,,,,
,,242,,,,,,,,,,
,,235,,,,,,,,,,
,,241,,,,,,,,,,
,,276,,,,,,,,,,
,,281,,,,,,,,,,
,,304,,,,,,,,,,
,,304,,,,,,,,,,
,,242,,,,,,,,,,
,,227,,,,,,,,,,
,,243,,,,,,,,,,
,,227,,,,,,,,,,
,,242,,,,,,,,,,
,,215,,,,,,,,,,
,,214,,,,,,,,,,
,,215,,,,,,,,,,
,,272,,,,,,,,,,
,,280,,,,,,,,,,
,,290,,,,,,,,,,
,,314,,,,,,,,,,
,,304,,,,,,,,,,
,,465,,,,,,,,,,
,,266,,,,,,,,,,
,,256,,,,,,,,,,
,,264,,,,,,,,,,
,,273,,,,,,,,,,
,,1535,,,,,,,,,,
,,1589,,,,,,,,,,
,,207,,,,,,,,,,
,,255,,,,,,,,,,
,,234,,,,,,,,,,
,,258,,,,,,,,,,
,,263,,,,,,,,,,
,,285,,,,,,,,,,
,,232,,,,,,,,,,
,,317,,,,,,,,,,
,,429,,,,,,,,,,
,,287,,,,,,,,,,
,,292,,,,,,,,,,
,,303,,,,,,,,,,
,,304,,,,,,,,,,
,,201,,,,,,,,,,
,,103,,,,,,,,,,
,,269,,,,,,,,,,
,,298,,,,,,,,,,
,,301,,,,,,,,,,
,,242,,,,,,,,,,
,,249,,,,,,,,,,
,,317,,,,,,,,,,
,,199,,,,,,,,,,
,,206,,,,,,,,,,
,,248,,,,,,,,,,
,,264,,,,,,,,,,
,,116,,,,,,,,,,
,,237,,,,,,,,,,
,,246,,,,,,,,,,
,,269,,,,,,,,,,
,,603,,,,,,,,,,
,,376,,,,,,,,,,
,,236,,,,,,,,,,
,,264,,,,,,,,,,
,,250,,,,,,,,,,
,,242,,,,,,,,,,
,,213,,,,,,,,,,
,,168,,,,,,,,,,
,,279,,,,,,,,,,
,,265,,,,,,,,,,
,,263,,,,,,,,,,
,,255,,,,,,,,,,
,,223,,,,,,,,,,
,,229,,,,,,,,,,
,,226,,,,,,,,,,
,,245,,,,,,,,,,
,,321,,,,,,,,,,
,,318,,,,,,,,,,
,,230,,,,,,,,,,
,,237,,,,,,,,,,
,,235,,,,,,,,,,
,,344,,,,,,,,,,
,,275,,,,,,,,,,
,,287,,,,,,,,,,
,,216,,,,,,,,,,
,,216,,,,,,,,,,
,,216,,,,,,,,,,
,,218,,,,,,,,,,
,,209,,,,,,,,,,
,,208,,,,,,,,,,
,,345,,,,,,,,,,
,,234,,,,,,,,,,
,,241,,,,,,,,,,
,,242,,,,,,,,,,
,,66,,,,,,,,,,
,,253,,,,,,,,,,
,,255,,,,,,,,,,
,,206,,,,,,,,,,
,,372,,,,,,,,,,
,,309,,,,,,,,,,
,,253,,,,,,,,,,
,,296,,,,,,,,,,
,,283,,,,,,,,,,
,,289,,,,,,,,,,
,,284,,,,,,,,,,
,,208,,,,,,,,,,
,,212,,,,,,,,,,
,,268,,,,,,,,,,
,,394,,,,,,,,,,
,,396,,,,,,,,,,
,,571,,,,,,,,,,
,,562,,,,,,,,,,
,,239,,,,,,,,,,
,,240,,,,,,,,,,
,,222,,,,,,,,,,
,,291,,,,,,,,,,
,,299,,,,,,,,,,
,,439,,,,,,,,,,
,,216,,,,,,,,,,
,,224,,,,,,,,,,
,,225,,,,,,,,,,
,,180,,,,,,,,,,
,,174,,,,,,,,,,
,,180,,,,,,,,,,
,,215,,,,,,,,,,
,,214,,,,,,,,,,
,,215,,,,,,,,,,
,,329,,,,,,,,,,
,,331,,,,,,,,,,
,,149,,,,,,,,,,
,,268,,,,,,,,,,
,,539,,,,,,,,,,
,,539,,,,,,,,,,
,,522,,,,,,,,,,
,,230,,,,,,,,,,
,,630,,,,,,,,,,
,,565,,,,,,,,,,
,,551,,,,,,,,,,
,,232,,,,,,,,,,
,,233,,,,,,,,,,
,,216,,,,,,,,,,
,,260,,,,,,,,,,
,,265,,,,,,,,,,
,,262,,,,,,,,,,
,,407,,,,,,,,,,
,,546,,,,,,,,,,
,,414,,,,,,,,,,
,,418,,,,,,,,,,
,,414,,,,,,,,,,
,,410,,,,,,,,,,
,,307,,,,,,,,,,
,,368,,,,,,,,,,
,,293,,,,,,,,,,
,,294,,,,,,,,,,
,,275,,,,,,,,,,
,,205,,,,,,,,,,
,,259,,,,,,,,,,
,,256,,,,,,,,,,
,,257,,,,,,,,,,
,,255,,,,,,,,,,
,,260,,,,,,,,,,
,,397,,,,,,,,,,
,,252,,,,,,,,,,
,,258,,,,,,,,,,
,,439,,,,,,,,,,
,,439,,,,,,,,,,
,,358,,,,,,,,,,
,,337,,,,,,,,,,
,,331,,,,,,,,,,
,,331,,,,,,,,,,
,,201,,,,,,,,,,
,,199,,,,,,,,,,
,,203,,,,,,,,,,
,,592,,,,,,,,,,
,,636,,,,,,,,,,
,,340,,,,,,,,,,
,,343,,,,,,,,,,
,,340,,,,,,,,,,
,,252,,,,,,,,,,
,,257,,,,,,,,,,
,,258,,,,,,,,,,
,,269,,,,,,,,,,
,,314,,,,,,,,,,
,,324,,,,,,,,,,
,,320,,,,,,,,,,
,,447,,,,,,,,,,
,,283,,,,,,,,,,
,,265,,,,,,,,,,
,,266,,,,,,,,,,
,,513,,,,,,,,,,
,,502,,,,,,,,,,
,,300,,,,,,,,,,
,,173,,,,,,,,,,
,,177,,,,,,,,,,
,,325,,,,,,,,,,
,,334,,,,,,,,,,
,,255,,,,,,,,,,
,,244,,,,,,,,,,
,,258,,,,,,,,,,
,,338,,,,,,,,,,
,,291,,,,,,,,,,
,,274,,,,,,,,,,
,,275,,,,,,,,,,
,,202,,,,,,,,,,
,,200,,,,,,,,,,
,,198,,,,,,,,,,
,,228,,,,,,,,,,
,,217,,,,,,,,,,
,,215,,,,,,,,,,
,,320,,,,,,,,,,
,,285,,,,,,,,,,
,,246,,,,,,,,,,
,,323,,,,,,,,,,
,,317,,,,,,,,,,
,,352,,,,,,,,,,
,,247,,,,,,,,,,
,,249,,,,,,,,,,
,,444,,,,,,,,,,
,,217,,,,,,,,,,
,,217,,,,,,,,,,
,,218,,,,,,,,,,
,,226,,,,,,,,,,
,,472,,,,,,,,,,
,,593,,,,,,,,,,
,,419,,,,,,,,,,
,,217,,,,,,,,,,
,,349,,,,,,,,,,
,,335,,,,,,,,,,
,,339,,,,,,,,,,
,,341,,,,,,,,,,
,,388,,,,,,,,,,
,,356,,,,,,,,,,
,,250,,,,,,,,,,
,,250,,,,,,,,,,
,,135,,,,,,,,,,
,,251,,,,,,,,,,
,,388,,,,,,,,,,
,,358,,,,,,,,,,
,,344,,,,,,,,,,
,,177,,,,,,,,,,
,,302,,,,,,,,,,
,,291,,,,,,,,,,
,,295,,,,,,,,,,
,,243,,,,,,,,,,
,,676,,,,,,,,,,
,,676,,,,,,,,,,
,,480,,,,,,,,,,
,,594,,,,,,,,,,
,,280,,,,,,,,,,
,,280,,,,,,,,,,
,,577,,,,,,,,,,
,,1132,,,,,,,,,,
,,528,,,,,,,,,,
,,531,,,,,,,,,,
,,320,,,,,,,,,,
,,409,,,,,,,,,,
,,442,,,,,,,,,,
,,325,,,,,,,,,,
,,516,,,,,,,,,,
,,518,,,,,,,,,,
,,371,,,,,,,,,,
,,362,,,,,,,,,,
,,244,,,,,,,,,,
,,346,,,,,,,,,,
,,348,,,,,,,,,,
,,333,,,,,,,,,,
,,216,,,,,,,,,,
,,355,,,,,,,,,,
,,350,,,,,,,,,,
,,336,,,,,,,,,,
,,319,,,,,,,,,,
,,321,,,,,,,,,,
,,307,,,,,,,,,,
,,308,,,,,,,,,,
,,742,,,,,,,,,,
,,2144,,,,,,,,,,
,,226,,,,,,,,,,
,,252,,,,,,,,,,
,,252,,,,,,,,,,
,,328,,,,,,,,,,
,,285,,,,,,,,,,
,,311,,,,,,,,,,
,,201,,,,,,,,,,
,,230,,,,,,,,,,
,,236,,,,,,,,,,
,,271,,,,,,,,,,
,,253,,,,,,,,,,
,,361,,,,,,,,,,
,,363,,,,,,,,,,
,,361,,,,,,,,,,
,,242,,,,,,,,,,
,,249,,,,,,,,,,
,,250,,,,,,,,,,
,,542,,,,,,,,,,
,,546,,,,,,,,,,
,,592,,,,,,,,,,
,,209,,,,,,,,,,
,,286,,,,,,,,,,
,,286,,,,,,,,,,
,,399,,,,,,,,,,
,,293,,,,,,,,,,
,,293,,,,,,,,,,
,,294,,,,,,,,,,
,,544,,,,,,,,,,
,,618,,,,,,,,,,
,,485,,,,,,,,,,
,,508,,,,,,,,,,
,,523,,,,,,,,,,
,,379,,,,,,,,,,
,,381,,,,,,,,,,
,,360,,,,,,,,,,
,,231,,,,,,,,,,
,,262,,,,,,,,,,
,,269,,,,,,,,,,
,,158,,,,,,,,,,
,,805,,,,,,,,,,
,,817,,,,,,,,,,
,,219,,,,,,,,,,
,,228,,,,,,,,,,
,,319,,,,,,,,,,
,,263,,,,,,,,,,
,,387,,,,,,,,,,
,,401,,,,,,,,,,
,,403,,,,,,,,,,
,,248,,,,,,,,,,
,,247,,,,,,,,,,
,,228,,,,,,,,,,
,,446,,,,,,,,,,
,,455,,,,,,,,,,
,,455,,,,,,,,,,
,,356,,,,,,,,,,
,,299,,,,,,,,,,
,,308,,,,,,,,,,
,,283,,,,,,,,,,
,,293,,,,,,,,,,
,,293,,,,,,,,,,
,,305,,,,,,,,,,
,,313,,,,,,,,,,
,,310,,,,,,,,,,
,,533,,,,,,,,,,
,,331,,,,,,,,,,
,,331,,,,,,,,,,
,,331,,,,,,,,,,
,,289,,,,,,,,,,
,,291,,,,,,,,,,
,,232,,,,,,,,,,
,,358,,,,,,,,,,
,,277,,,,,,,,,,
,,301,,,,,,,,,,
,,306,,,,,,,,,,
,,301,,,,,,,,,,
,,298,,,,,,,,,,
,,341,,,,,,,,,,
,,348,,,,,,,,,,
,,346,,,,,,,,,,
,,228,,,,,,,,,,
,,210,,,,,,,,,,
,,207,,,,,,,,,,
,,391,,,,,,,,,,
,,387,,,,,,,,,,
,,356,,,,,,,,,,
,,363,,,,,,,,,,
,,351,,,,,,,,,,
,,651,,,,,,,,,,
,,664,,,,,,,,,,
,,294,,,,,,,,,,
,,309,,,,,,,,,,
,,319,,,,,,,,,,
,,321,,,,,,,,,,
,,243,,,,,,,,,,
,,260,,,,,,,,,,
,,247,,,,,,,,,,
,,269,,,,,,,,,,
,,277,,,,,,,,,,
,,270,,,,,,,,,,
,,265,,,,,,,,,,
,,334,,,,,,,,,,
,,465,,,,,,,,,,
,,555,,,,,,,,,,
,,207,,,,,,,,,,
,,343,,,,,,,,,,
,,323,,,,,,,,,,
,,318,,,,,,,,,,
,,276,,,,,,,,,,
,,304,,,,,,,,,,
,,382,,,,,,,,,,
,,382,,,,,,,,,,
,,384,,,,,,,,,,
,,292,,,,,,,,,,
,,292,,,,,,,,,,
,,283,,,,,,,,,,
,,284,,,,,,,,,,
,,289,,,,,,,,,,
,,291,,,,,,,,,,
,,244,,,,,,,,,,
,,252,,,,,,,,,,
,,366,,,,,,,,,,
,,335,,,,,,,,,,
,,317,,,,,,,,,,
,,296,,,,,,,,,,
,,297,,,,,,,,,,
,,254,,,,,,,,,,
,,248,,,,,,,,,,
,,271,,,,,,,,,,
,,452,,,,,,,,,,
,,190,,,,,,,,,,
,,364,,,,,,,,,,
,,458,,,,,,,,,,
,,236,,,,,,,,,,
,,243,,,,,,,,,,
,,238,,,,,,,,,,
,,221,,,,,,,,,,
,,228,,,,,,,,,,
,,236,,,,,,,,,,
,,211,,,,,,,,,,
,,217,,,,,,,,,,
,,224,,,,,,,,,,
,,244,,,,,,,,,,
,,243,,,,,,,,,,
,,245,,,,,,,,,,
,,482,,,,,,,,,,
,,299,,,,,,,,,,
,,301,,,,,,,,,,
,,298,,,,,,,,,,
,,72,,,,,,,,,,
,,206,,,,,,,,,,
,,203,,,,,,,,,,
,,415,,,,,,,,,,
,,409,,,,,,,,,,
,,747,,,,,,,,,,
,,267,,,,,,,,,,
,,455,,,,,,,,,,
,,245,,,,,,,,,,
,,252,,,,,,,,,,
,,252,,,,,,,,,,
,,355,,,,,,,,,,
,,321,,,,,,,,,,
,,332,,,,,,,,,,
,,220,,,,,,,,,,
,,248,,,,,,,,,,
,,226,,,,,,,,,,
,,266,,,,,,,,,,
,,412,,,,,,,,,,
,,491,,,,,,,,,,
,,530,,,,,,,,,,
,,306,,,,,,,,,,
,,303,,,,,,,,,,
,,271,,,,,,,,,,
,,263,,,,,,,,,,
,,251,,,,,,,,,,
,,412,,,,,,,,,,
,,414,,,,,,,,,,
,,256,,,,,,,,,,
,,264,,,,,,,,,,
,,265,,,,,,,,,,
,,259,,,,,,,,,,
,,259,,,,,,,,,,
,,257,,,,,,,,,,
,,459,,,,,,,,,,
,,459,,,,,,,,,,
,,459,,,,,,,,,,
,,192,,,,,,,,,,
,,347,,,,,,,,,,
,,381,,,,,,,,,,
,,381,,,,,,,,,,
,,281,,,,,,,,,,
,,286,,,,,,,,,,
,,312,,,,,,,,,,
,,316,,,,,,,,,,
,,142,,,,,,,,,,
,,341,,,,,,,,,,
,,392,,,,,,,,,,
,,393,,,,,,,,,,
,,243,,,,,,,,,,
,,487,,,,,,,,,,
,,243,,,,,,,,,,
,,999,,,,,,,,,,
,,366,,,,,,,,,,
,,370,,,,,,,,,,
,,298,,,,,,,,,,
,,298,,,,,,,,,,
,,588,,,,,,,,,,
,,315,,,,,,,,,,
,,322,,,,,,,,,,
,,317,,,,,,,,,,
,,325,,,,,,,,,,
,,267,,,,,,,,,,
,,210,,,,,,,,,,
,,212,,,,,,,,,,
,,224,,,,,,,,,,
,,224,,,,,,,,,,
,,740,,,,,,,,,,
,,385,,,,,,,,,,
,,393,,,,,,,,,,
,,393,,,,,,,,,,
,,393,,,,,,,,,,
,,490,,,,,,,,,,
,,183,,,,,,,,,,
,,499,,,,,,,,,,
,,391,,,,,,,,,,
,,257,,,,,,,,,,
,,266,,,,,,,,,,
,,392,,,,,,,,,,
,,392,,,,,,,,,,
,,605,,,,,,,,,,
,,350,,,,,,,,,,
,,526,,,,,,,,,,
,,212,,,,,,,,,,
,,301,,,,,,,,,,
,,369,,,,,,,,,,
,,322,,,,,,,,,,
,,318,,,,,,,,,,
,,223,,,,,,,,,,
,,271,,,,,,,,,,
,,257,,,,,,,,,,
,,255,,,,,,,,,,
,,256,,,,,,,,,,
,,284,,,,,,,,,,
,,281,,,,,,,,,,
,,317,,,,,,,,,,
,,337,,,,,,,,,,
,,364,,,,,,,,,,
,,317,,,,,,,,,,
,,308,,,,,,,,,,
,,322,,,,,,,,,,
,,211,,,,,,,,,,
,,213,,,,,,,,,,
,,236,,,,,,,,,,
,,217,,,,,,,,,,
,,224,,,,,,,,,,
,,225,,,,,,,,,,
,,274,,,,,,,,,,
,,277,,,,,,,,,,
,,259,,,,,,,,,,
,,266,,,,,,,,,,
,,203,,,,,,,,,,
,,219,,,,,,,,,,
,,238,,,,,,,,,,
,,588,,,,,,,,,,
,,264,,,,,,,,,,
,,269,,,,,,,,,,
,,269,,,,,,,,,,
,,273,,,,,,,,,,
,,247,,,,,,,,,,
,,256,,,,,,,,,,
,,231,,,,,,,,,,
,,238,,,,,,,,,,
,,246,,,,,,,,,,
,,268,,,,,,,,,,
,,271,,,,,,,,,,
,,268,,,,,,,,,,
,,233,,,,,,,,,,
,,233,,,,,,,,,,
,,234,,,,,,,,,,
,,311,,,,,,,,,,
,,343,,,,,,,,,,
,,243,,,,,,,,,,
,,282,,,,,,,,,,
,,209,,,,,,,,,,
,,233,,,,,,,,,,
,,228,,,,,,,,,,
,,222,,,,,,,,,,
,,541,,,,,,,,,,
,,274,,,,,,,,,,
,,294,,,,,,,,,,
,,321,,,,,,,,,,
,,315,,,,,,,,,,
,,243,,,,,,,,,,
,,241,,,,,,,,,,
,,242,,,,,,,,,,
,,236,,,,,,,,,,
,,236,,,,,,,,,,
,,244,,,,,,,,,,
,,380,,,,,,,,,,
,,41,,,,,,,,,,
,,249,,,,,,,,,,
,,249,,,,,,,,,,
,,241,,,,,,,,,,
,,200,,,,,,,,,,
,,204,,,,,,,,,,
,,310,,,,,,,,,,
,,316,,,,,,,,,,
,,288,,,,,,,,,,
,,191,,,,,,,,,,
,,197,,,,,,,,,,
,,197,,,,,,,,,,
,,198,,,,,,,,,,
,,361,,,,,,,,,,
,,237,,,,,,,,,,
,,244,,,,,,,,,,
,,241,,,,,,,,,,
,,242,,,,,,,,,,
,,399,,,,,,,,,,
,,350,,,,,,,,,,
,,355,,,,,,,,,,
,,348,,,,,,,,,,
,,401,,,,,,,,,,
,,401,,,,,,,,,,
,,407,,,,,,,,,,
,,272,,,,,,,,,,
,,303,,,,,,,,,,
,,283,,,,,,,,,,
,,287,,,,,,,,,,
,,284,,,,,,,,,,
,,315,,,,,,,,,,
,,313,,,,,,,,,,
,,258,,,,,,,,,,
,,263,,,,,,,,,,
,,263,,,,,,,,,,
,,250,,,,,,,,,,
,,250,,,,,,,,,,
,,247,,,,,,,,,,
,,91,,,,,,,,,,
,,234,,,,,,,,,,
,,238,,,,,,,,,,
,,268,,,,,,,,,,
,,248,,,,,,,,,,
,,256,,,,,,,,,,
,,252,,,,,,,,,,
,,250,,,,,,,,,,
,,381,,,,,,,,,,
,,262,,,,,,,,,,
,,236,,,,,,,,,,
,,243,,,,,,,,,,
,,245,,,,,,,,,,
,,234,,,,,,,,,,
,,236,,,,,,,,,,
,,238,,,,,,,,,,
,,203,,,,,,,,,,
,,317,,,,,,,,,,
,,327,,,,,,,,,,
,,160,,,,,,,,,,
,,340,,,,,,,,,,
,,279,,,,,,,,,,
,,285,,,,,,,,,,
,,295,,,,,,,,,,
,,650,,,,,,,,,,
,,209,,,,,,,,,,
,,213,,,,,,,,,,
,,278,,,,,,,,,,
,,446,,,,,,,,,,
,,430,,,,,,,,,,
,,442,,,,,,,,,,
,,486,,,,,,,,,,
,,459,,,,,,,,,,
,,445,,,,,,,,,,
,,294,,,,,,,,,,
,,269,,,,,,,,,,
,,225,,,,,,,,,,
,,212,,,,,,,,,,
,,207,,,,,,,,,,
,,214,,,,,,,,,,
,,218,,,,,,,,,,
,,227,,,,,,,,,,
,,118,,,,,,,,,,
,,253,,,,,,,,,,
,,354,,,,,,,,,,
,,446,,,,,,,,,,
,,306,,,,,,,,,,
,,307,,,,,,,,,,
,,312,,,,,,,,,,
,,236,,,,,,,,,,
,,200,,,,,,,,,,
,,329,,,,,,,,,,
,,337,,,,,,,,,,
,,344,,,,,,,,,,
,,344,,,,,,,,,,
,,344,,,,,,,,,,
,,276,,,,,,,,,,
,,398,,,,,,,,,,
,,228,,,,,,,,,,
,,233,,,,,,,,,,
,,235,,,,,,,,,,
,,190,,,,,,,,,,
,,425,,,,,,,,,,
,,699,,,,,,,,,,
,,395,,,,,,,,,,
,,327,,,,,,,,,,
,,349,,,,,,,,,,
,,333,,,,,,,,,,
,,328,,,,,,,,,,
,,251,,,,,,,,,,
,,364,,,,,,,,,,
,,234,,,,,,,,,,
,,228,,,,,,,,,,
,,231,,,,,,,,,,
,,218,,,,,,,,,,
,,324,,,,,,,,,,
,,178,,,,,,,,,,
,,195,,,,,,,,,,
,,202,,,,,,,,,,
,,393,,,,,,,,,,
,,220,,,,,,,,,,
,,223,,,,,,,,,,
,,221,,,,,,,,,,
,,806,,,,,,,,,,
,,814,,,,,,,,,,
,,836,,,,,,,,,,
,,215,,,,,,,,,,
,,235,,,,,,,,,,
,,233,,,,,,,,,,
,,582,,,,,,,,,,
,,594,,,,,,,,,,
,,597,,,,,,,,,,
,,278,,,,,,,,,,
,,266,,,,,,,,,,
,,249,,,,,,,,,,
,,302,,,,,,,,,,
,,305,,,,,,,,,,
,,300,,,,,,,,,,
,,449,,,,,,,,,,
,,459,,,,,,,,,,
,,228,,,,,,,,,,
,,231,,,,,,,,,,
,,543,,,,,,,,,,
,,283,,,,,,,,,,
,,250,,,,,,,,,,
,,250,,,,,,,,,,
,,271,,,,,,,,,,
,,275,,,,,,,,,,
,,272,,,,,,,,,,
,,258,,,,,,,,,,
,,265,,,,,,,,,,
,,241,,,,,,,,,,
,,258,,,,,,,,,,
,,560,,,,,,,,,,
,,605,,,,,,,,,,
,,669,,,,,,,,,,
,,309,,,,,,,,,,
,,313,,,,,,,,,,
,,315,,,,,,,,,,
,,204,,,,,,,,,,
,,205,,,,,,,,,,
,,255,,,,,,,,,,
,,337,,,,,,,,,,
,,318,,,,,,,,,,
,,223,,,,,,,,,,
,,224,,,,,,,,,,
,,321,,,,,,,,,,
,,237,,,,,,,,,,
,,243,,,,,,,,,,
,,215,,,,,,,,,,
,,270,,,,,,,,,,
,,272,,,,,,,,,,
,,234,,,,,,,,,,
,,362,,,,,,,,,,
,,358,,,,,,,,,,
,,262,,,,,,,,,,
,,510,,,,,,,,,,
,,261,,,,,,,,,,
,,283,,,,,,,,,,
,,288,,,,,,,,,,
,,266,,,,,,,,,,
,,274,,,,,,,,,,
,,315,,,,,,,,,,
,,316,,,,,,,,,,
,,313,,,,,,,,,,
,,234,,,,,,,,,,
,,235,,,,,,,,,,
,,235,,,,,,,,,,
,,329,,,,,,,,,,
,,52,,,,,,,,,,
,,57,,,,,,,,,,
,,59,,,,,,,,,,
,,120,,,,,,,,,,
,,292,,,,,,,,,,
,,276,,,,,,,,,,
,,447,,,,,,,,,,
,,449,,,,,,,,,,
,,564,,,,,,,,,,
,,475,,,,,,,,,,
,,448,,,,,,,,,,
,,293,,,,,,,,,,
,,295,,,,,,,,,,
,,253,,,,,,,,,,
,,249,,,,,,,,,,
,,242,,,,,,,,,,
,,377,,,,,,,,,,
,,348,,,,,,,,,,
,,445,,,,,,,,,,
,,433,,,,,,,,,,
,,424,,,,,,,,,,
,,400,,,,,,,,,,
,,286,,,,,,,,,,
,,286,,,,,,,,,,
,,303,,,,,,,,,,
,,255,,,,,,,,,,
,,263,,,,,,,,,,
,,286,,,,,,,,,,
,,366,,,,,,,,,,
,,225,,,,,,,,,,
,,233,,,,,,,,,,
,,230,,,,,,,,,,
,,231,,,,,,,,,,
,,239,,,,,,,,,,
,,352,,,,,,,,,,
,,520,,,,,,,,,,
,,224,,,,,,,,,,
,,225,,,,,,,,,,
,,269,,,,,,,,,,
,,279,,,,,,,,,,
,,287,,,,,,,,,,
,,285,,,,,,,,,,
,,183,,,,,,,,,,
,,528,,,,,,,,,,
,,281,,,,,,,,,,
,,188,,,,,,,,,,
,,288,,,,,,,,,,
,,301,,,,,,,,,,
,,270,,,,,,,,,,
,,272,,,,,,,,,,
,,272,,,,,,,,,,
,,272,,,,,,,,,,
,,343,,,,,,,,,,
,,519,,,,,,,,,,
,,337,,,,,,,,,,
,,340,,,,,,,,,,
,,281,,,,,,,,,,
,,283,,,,,,,,,,
,,283,,,,,,,,,,
,,277,,,,,,,,,,
,,348,,,,,,,,,,
,,303,,,,,,,,,,
,,212,,,,,,,,,,
,,254,,,,,,,,,,
,,241,,,,,,,,,,
,,297,,,,,,,,,,
,,289,,,,,,,,,,
,,290,,,,,,,,,,
,,269,,,,,,,,,,
,,263,,,,,,,,,,
,,263,,,,,,,,,,
,,275,,,,,,,,,,
,,271,,,,,,,,,,
,,259,,,,,,,,,,
,,252,,,,,,,,,,
,,257,,,,,,,,,,
,,208,,,,,,,,,,
,,212,,,,,,,,,,
,,195,,,,,,,,,,
,,276,,,,,,,,,,
,,283,,,,,,,,,,
,,538,,,,,,,,,,
,,1078,,,,,,,,,,
,,748,,,,,,,,,,
,,246,,,,,,,,,,
,,253,,,,,,,,,,
,,264,,,,,,,,,,
,,237,,,,,,,,,,
,,242,,,,,,,,,,
,,265,,,,,,,,,,
,,256,,,,,,,,,,
,,217,,,,,,,,,,
,,225,,,,,,,,,,
,,315,,,,,,,,,,
,,656,,,,,,,,,,
,,860,,,,,,,,,,
,,216,,,,,,,,,,
,,298,,,,,,,,,,
,,259,,,,,,,,,,
,,267,,,,,,,,,,
,,247,,,,,,,,,,
,,293,,,,,,,,,,
,,277,,,,,,,,,,
,,279,,,,,,,,,,
,,280,,,,,,,,,,
,,434,,,,,,,,,,
,,443,,,,,,,,,,
,,272,,,,,,,,,,
,,293,,,,,,,,,,
,,319,,,,,,,,,,
,,232,,,,,,,,,,
,,253,,,,,,,,,,
,,253,,,,,,,,,,
,,254,,,,,,,,,,
,,213,,,,,,,,,,
,,220,,,,,,,,,,
,,220,,,,,,,,,,
,,221,,,,,,,,,,
,,270,,,,,,,,,,
,,308,,,,,,,,,,
,,316,,,,,,,,,,
,,375,,,,,,,,,,
,,199,,,,,,,,,,
,,205,,,,,,,,,,
,,251,,,,,,,,,,
,,256,,,,,,,,,,
,,257,,,,,,,,,,
,,451,,,,,,,,,,
,,460,,,,,,,,,,
,,274,,,,,,,,,,
,,280,,,,,,,,,,
,,293,,,,,,,,,,
,,312,,,,,,,,,,
,,455,,,,,,,,,,
,,258,,,,,,,,,,
,,258,,,,,,,,,,
,,256,,,,,,,,,,
,,246,,,,,,,,,,
,,258,,,,,,,,,,
,,266,,,,,,,,,,
,,262,,,,,,,,,,
,,276,,,,,,,,,,
,,280,,,,,,,,,,
,,277,,,,,,,,,,
,,520,,,,,,,,,,
,,359,,,,,,,,,,
,,555,,,,,,,,,,
,,591,,,,,,,,,,
,,585,,,,,,,,,,
,,455,,,,,,,,,,
,,455,,,,,,,,,,
,,484,,,,,,,,,,
,,554,,,,,,,,,,
,,248,,,,,,,,,,
,,258,,,,,,,,,,
,,258,,,,,,,,,,
,,260,,,,,,,,,,
,,608,,,,,,,,,,
,,611,,,,,,,,,,
,,358,,,,,,,,,,
,,383,,,,,,,,,,
,,381,,,,,,,,,,
,,505,,,,,,,,,,
,,326,,,,,,,,,,
,,284,,,,,,,,,,
,,618,,,,,,,,,,
,,618,,,,,,,,,,
,,628,,,,,,,,,,
,,244,,,,,,,,,,
,,249,,,,,,,,,,
,,170,,,,,,,,,,
,,173,,,,,,,,,,
,,151,,,,,,,,,,
,,434,,,,,,,,,,
,,222,,,,,,,,,,
,,162,,,,,,,,,,
,,455,,,,,,,,,,
,,198,,,,,,,,,,
,,187,,,,,,,,,,
,,362,,,,,,,,,,
,,363,,,,,,,,,,
,,238,,,,,,,,,,
,,246,,,,,,,,,,
,,250,,,,,,,,,,
,,277,,,,,,,,,,
,,261,,,,,,,,,,
,,249,,,,,,,,,,
,,232,,,,,,,,,,
,,220,,,,,,,,,,
,,141,,,,,,,,,,
,,230,,,,,,,,,,
,,259,,,,,,,,,,
,,221,,,,,,,,,,
,,377,,,,,,,,,,
,,401,,,,,,,,,,
,,243,,,,,,,,,,
,,251,,,,,,,,,,
,,251,,,,,,,,,,
,,375,,,,,,,,,,
,,377,,,,,,,,,,
,,371,,,,,,,,,,
,,359,,,,,,,,,,
,,369,,,,,,,,,,
,,324,,,,,,,,,,
,,334,,,,,,,,,,
,,314,,,,,,,,,,
,,301,,,,,,,,,,
,,305,,,,,,,,,,
,,469,,,,,,,,,,
,,448,,,,,,,,,,
,,223,,,,,,,,,,
,,221,,,,,,,,,,
,,213,,,,,,,,,,
,,214,,,,,,,,,,
,,220,,,,,,,,,,
,,183,,,,,,,,,,
,,186,,,,,,,,,,
,,271,,,,,,,,,,
,,263,,,,,,,,,,
,,260,,,,,,,,,,
,,229,,,,,,,,,,
,,236,,,,,,,,,,
,,232,,,,,,,,,,
,,232,,,,,,,,,,
,,233,,,,,,,,,,
,,555,,,,,,,,,,
,,889,,,,,,,,,,
,,247,,,,,,,,,,
,,254,,,,,,,,,,
,,250,,,,,,,,,,
,,251,,,,,,,,,,
,,254,,,,,,,,,,
,,387,,,,,,,,,,
,,458,,,,,,,,,,
,,535,,,,,,,,,,
,,145,,,,,,,,,,
,,368,,,,,,,,,,
,,395,,,,,,,,,,
,,465,,,,,,,,,,
,,364,,,,,,,,,,
,,363,,,,,,,,,,
,,369,,,,,,,,,,
,,239,,,,,,,,,,
,,352,,,,,,,,,,
,,611,,,,,,,,,,
,,620,,,,,,,,,,
,,608,,,,,,,,,,
,,234,,,,,,,,,,
,,390,,,,,,,,,,
,,404,,,,,,,,,,
,,452,,,,,,,,,,
,,318,,,,,,,,,,
,,320,,,,,,,,,,
,,316,,,,,,,,,,
,,654,,,,,,,,,,
,,204,,,,,,,,,,
,,265,,,,,,,,,,
,,262,,,,,,,,,,
,,205,,,,,,,,,,
,,224,,,,,,,,,,
,,282,,,,,,,,,,
,,288,,,,,,,,,,
,,264,,,,,,,,,,
,,263,,,,,,,,,,
,,262,,,,,,,,,,
,,515,,,,,,,,,,
,,362,,,,,,,,,,
,,364,,,,,,,,,,
,,360,,,,,,,,,,
,,260,,,,,,,,,,
,,266,,,,,,,,,,
,,271,,,,,,,,,,
,,673,,,,,,,,,,
,,667,,,,,,,,,,
,,221,,,,,,,,,,
,,283,,,,,,,,,,
,,316,,,,,,,,,,
,,283,,,,,,,,,,
,,269,,,,,,,,,,
,,275,,,,,,,,,,
,,274,,,,,,,,,,
,,274,,,,,,,,,,
,,53,,,,,,,,,,
,,267,,,,,,,,,,
,,165,,,,,,,,,,
,,228,,,,,,,,,,
,,752,,,,,,,,,,
,,853,,,,,,,,,,
,,224,,,,,,,,,,
,,238,,,,,,,,,,
,,246,,,,,,,,,,
,,381,,,,,,,,,,
,,286,,,,,,,,,,
,,410,,,,,,,,,,
,,277,,,,,,,,,,
,,283,,,,,,,,,,
,,230,,,,,,,,,,
,,269,,,,,,,,,,
,,277,,,,,,,,,,
,,275,,,,,,,,,,
,,174,,,,,,,,,,
,,180,,,,,,,,,,
,,185,,,,,,,,,,
,,232,,,,,,,,,,
,,229,,,,,,,,,,
,,274,,,,,,,,,,
,,174,,,,,,,,,,
,,427,,,,,,,,,,
,,247,,,,,,,,,,
,,248,,,,,,,,,,
,,369,,,,,,,,,,
,,369,,,,,,,,,,
,,410,,,,,,,,,,
,,410,,,,,,,,,,
,,288,,,,,,,,,,
,,249,,,,,,,,,,
,,257,,,,,,,,,,
,,218,,,,,,,,,,
,,218,,,,,,,,,,
,,574,,,,,,,,,,
,,595,,,,,,,,,,
,,598,,,,,,,,,,
,,263,,,,,,,,,,
,,269,,,,,,,,,,
,,267,,,,,,,,,,
,,291,,,,,,,,,,
,,297,,,,,,,,,,
,,292,,,,,,,,,,
,,290,,,,,,,,,,
,,279,,,,,,,,,,
,,283,,,,,,,,,,
,,281,,,,,,,,,,
,,253,,,,,,,,,,
,,259,,,,,,,,,,
,,260,,,,,,,,,,
,,314,,,,,,,,,,
,,315,,,,,,,,,,
,,311,,,,,,,,,,
,,222,,,,,,,,,,
,,181,,,,,,,,,,
,,302,,,,,,,,,,
,,308,,,,,,,,,,
,,310,,,,,,,,,,
,,263,,,,,,,,,,
,,271,,,,,,,,,,
,,269,,,,,,,,,,
,,227,,,,,,,,,,
,,234,,,,,,,,,,
,,234,,,,,,,,,,
,,262,,,,,,,,,,
,,387,,,,,,,,,,
,,395,,,,,,,,,,
,,393,,,,,,,,,,
,,389,,,,,,,,,,
,,234,,,,,,,,,,
,,194,,,,,,,,,,
,,194,,,,,,,,,,
,,195,,,,,,,,,,
,,231,,,,,,,,,,
,,272,,,,,,,,,,
,,279,,,,,,,,,,
,,230,,,,,,,,,,
,,281,,,,,,,,,,
,,289,,,,,,,,,,
,,384,,,,,,,,,,
,,312,,,,,,,,,,
,,301,,,,,,,,,,
,,313,,,,,,,,,,
,,315,,,,,,,,,,
,,147,,,,,,,,,,
,,479,,,,,,,,,,
,,441,,,,,,,,,,
,,403,,,,,,,,,,
,,370,,,,,,,,,,
,,311,,,,,,,,,,
,,320,,,,,,,,,,
,,314,,,,,,,,,,
,,315,,,,,,,,,,
,,340,,,,,,,,,,
,,319,,,,,,,,,,
,,320,,,,,,,,,,
,,335,,,,,,,,,,
,,228,,,,,,,,,,
,,1041,,,,,,,,,,
,,1072,,,,,,,,,,
,,88,,,,,,,,,,
,,290,,,,,,,,,,
,,292,,,,,,,,,,
,,274,,,,,,,,,,
,,231,,,,,,,,,,
,,222,,,,,,,,,,
,,254,,,,,,,,,,
,,244,,,,,,,,,,
,,204,,,,,,,,,,
,,209,,,,,,,,,,
,,244,,,,,,,,,,
,,225,,,,,,,,,,
,,288,,,,,,,,,,
,,321,,,,,,,,,,
,,426,,,,,,,,,,
,,275,,,,,,,,,,
,,272,,,,,,,,,,
,,346,,,,,,,,,,
,,349,,,,,,,,,,
,,278,,,,,,,,,,
,,279,,,,,,,,,,
,,481,,,,,,,,,,
,,247,,,,,,,,,,
,,232,,,,,,,,,,
,,233,,,,,,,,,,
,,279,,,,,,,,,,
,,335,,,,,,,,,,
,,507,,,,,,,,,,
,,507,,,,,,,,,,
,,240,,,,,,,,,,
,,167,,,,,,,,,,
,,170,,,,,,,,,,
,,253,,,,,,,,,,
,,263,,,,,,,,,,
,,263,,,,,,,,,,
,,246,,,,,,,,,,
,,256,,,,,,,,,,
,,250,,,,,,,,,,
,,310,,,,,,,,,,
,,301,,,,,,,,,,
,,302,,,,,,,,,,
,,299,,,,,,,,,,
,,231,,,,,,,,,,
,,237,,,,,,,,,,
,,246,,,,,,,,,,
,,267,,,,,,,,,,
,,258,,,,,,,,,,
,,236,,,,,,,,,,
,,664,,,,,,,,,,
,,671,,,,,,,,,,
,,309,,,,,,,,,,
,,286,,,,,,,,,,
,,296,,,,,,,,,,
,,265,,,,,,,,,,
,,272,,,,,,,,,,
,,253,,,,,,,,,,
,,217,,,,,,,,,,
,,222,,,,,,,,,,
,,299,,,,,,,,,,
,,236,,,,,,,,,,
,,240,,,,,,,,,,
,,242,,,,,,,,,,
,,593,,,,,,,,,,
,,256,,,,,,,,,,
,,413,,,,,,,,,,
,,373,,,,,,,,,,
,,382,,,,,,,,,,
,,120,,,,,,,,,,
,,288,,,,,,,,,,
,,372,,,,,,,,,,
,,292,,,,,,,,,,
,,331,,,,,,,,,,
,,216,,,,,,,,,,
,,216,,,,,,,,,,
,,220,,,,,,,,,,
,,213,,,,,,,,,,
,,213,,,,,,,,,,
,,211,,,,,,,,,,
,,161,,,,,,,,,,
,,368,,,,,,,,,,
,,355,,,,,,,,,,
,,761,,,,,,,,,,
,,747,,,,,,,,,,
,,740,,,,,,,,,,
,,305,,,,,,,,,,
,,305,,,,,,,,,,
,,305,,,,,,,,,,
,,241,,,,,,,,,,
,,244,,,,,,,,,,
,,276,,,,,,,,,,
,,252,,,,,,,,,,
,,257,,,,,,,,,,
,,306,,,,,,,,,,
,,356,,,,,,,,,,
,,358,,,,,,,,,,
,,299,,,,,,,,,,
,,293,,,,,,,,,,
,,277,,,,,,,,,,
,,258,,,,,,,,,,
,,232,,,,,,,,,,
,,234,,,,,,,,,,
,,438,,,,,,,,,,
,,440,,,,,,,,,,
,,433,,,,,,,,,,
,,323,,,,,,,,,,
,,343,,,,,,,,,,
,,370,,,,,,,,,,
,,358,,,,,,,,,,
,,193,,,,,,,,,,
,,257,,,,,,,,,,
,,287,,,,,,,,,,
,,226,,,,,,,,,,
,,233,,,,,,,,,,
,,236,,,,,,,,,,
,,241,,,,,,,,,,
,,583,,,,,,,,,,
,,227,,,,,,,,,,
,,228,,,,,,,,,,
,,236,,,,,,,,,,
,,282,,,,,,,,,,
,,282,,,,,,,,,,
,,239,,,,,,,,,,
,,373,,,,,,,,,,
,,198,,,,,,,,,,
,,510,,,,,,,,,,
,,515,,,,,,,,,,
,,321,,,,,,,,,,
,,298,,,,,,,,,,
,,275,,,,,,,,,,
,,558,,,,,,,,,,
,,430,,,,,,,,,,
,,323,,,,,,,,,,
,,331,,,,,,,,,,
,,329,,,,,,,,,,
,,388,,,,,,,,,,
,,330,,,,,,,,,,
,,337,,,,,,,,,,
,,330,,,,,,,,,,
,,224,,,,,,,,,,
,,269,,,,,,,,,,
,,355,,,,,,,,,,
,,410,,,,,,,,,,
,,209,,,,,,,,,,
,,216,,,,,,,,,,
,,217,,,,,,,,,,
,,266,,,,,,,,,,
,,270,,,,,,,,,,
,,270,,,,,,,,,,
,,331,,,,,,,,,,
,,355,,,,,,,,,,
,,358,,,,,,,,,,
,,365,,,,,,,,,,
,,532,,,,,,,,,,
,,309,,,,,,,,,,
,,276,,,,,,,,,,
,,679,,,,,,,,,,
,,674,,,,,,,,,,
,,607,,,,,,,,,,
,,516,,,,,,,,,,
,,315,,,,,,,,,,
,,260,,,,,,,,,,
,,369,,,,,,,,,,
,,281,,,,,,,,,,
,,254,,,,,,,,,,
,,265,,,,,,,,,,
,,266,,,,,,,,,,
,,225,,,,,,,,,,
,,420,,,,,,,,,,
,,439,,,,,,,,,,
,,508,,,,,,,,,,
,,355,,,,,,,,,,
,,364,,,,,,,,,,
,,316,,,,,,,,,,
,,368,,,,,,,,,,
,,363,,,,,,,,,,
,,354,,,,,,,,,,
,,678,,,,,,,,,,
,,414,,,,,,,,,,
,,229,,,,,,,,,,
,,229,,,,,,,,,,
,,229,,,,,,,,,,
,,148,,,,,,,,,,
,,242,,,,,,,,,,
,,247,,,,,,,,,,
,,244,,,,,,,,,,
,,518,,,,,,,,,,
,,523,,,,,,,,,,
,,180,,,,,,,,,,
,,310,,,,,,,,,,
,,209,,,,,,,,,,
,,438,,,,,,,,,,
,,443,,,,,,,,,,
,,434,,,,,,,,,,
,,433,,,,,,,,,,
,,373,,,,,,,,,,
,,223,,,,,,,,,,
,,230,,,,,,,,,,
,,226,,,,,,,,,,
,,256,,,,,,,,,,
,,247,,,,,,,,,,
,,492,,,,,,,,,,
,,249,,,,,,,,,,
,,363,,,,,,,,,,
,,352,,,,,,,,,,
,,340,,,,,,,,,,
,,764,,,,,,,,,,
,,989,,,,,,,,,,
,,416,,,,,,,,,,
,,273,,,,,,,,,,
,,279,,,,,,,,,,
,,359,,,,,,,,,,
,,233,,,,,,,,,,
,,257,,,,,,,,,,
,,257,,,,,,,,,,
,,268,,,,,,,,,,
,,389,,,,,,,,,,
,,349,,,,,,,,,,
,,244,,,,,,,,,,
,,270,,,,,,,,,,
,,273,,,,,,,,,,
,,277,,,,,,,,,,
,,315,,,,,,,,,,
,,249,,,,,,,,,,
,,254,,,,,,,,,,
,,255,,,,,,,,,,
,,268,,,,,,,,,,
,,277,,,,,,,,,,
,,265,,,,,,,,,,
,,240,,,,,,,,,,
,,246,,,,,,,,,,
,,409,,,,,,,,,,
,,417,,,,,,,,,,
,,266,,,,,,,,,,
,,248,,,,,,,,,,
,,249,,,,,,,,,,
,,329,,,,,,,,,,
,,221,,,,,,,,,,
,,370,,,,,,,,,,
,,332,,,,,,,,,,
,,334,,,,,,,,,,
,,254,,,,,,,,,,
,,269,,,,,,,,,,
,,345,,,,,,,,,,
,,361,,,,,,,,,,
,,231,,,,,,,,,,
,,157,,,,,,,,,,
,,257,,,,,,,,,,
,,247,,,,,,,,,,
,,233,,,,,,,,,,
,,230,,,,,,,,,,
,,439,,,,,,,,,,
,,444,,,,,,,,,,
,,717,,,,,,,,,,
,,878,,,,,,,,,,
,,843,,,,,,,,,,
,,806,,,,,,,,,,
,,806,,,,,,,,,,
,,365,,,,,,,,,,
,,642,,,,,,,,,,
,,602,,,,,,,,,,
,,593,,,,,,,,,,
,,222,,,,,,,,,,
,,343,,,,,,,,,,
,,331,,,,,,,,,,
,,248,,,,,,,,,,
,,261,,,,,,,,,,
,,261,,,,,,,,,,
,,258,,,,,,,,,,
,,276,,,,,,,,,,
,,301,,,,,,,,,,
,,325,,,,,,,,,,
,,533,,,,,,,,,,
,,264,,,,,,,,,,
,,276,,,,,,,,,,
,,277,,,,,,,,,,
,,254,,,,,,,,,,
,,258,,,,,,,,,,
,,231,,,,,,,,,,
,,222,,,,,,,,,,
,,223,,,,,,,,,,
,,340,,,,,,,,,,
,,340,,,,,,,,,,
,,348,,,,,,,,,,
,,322,,,,,,,,,,
,,370,,,,,,,,,,
,,523,,,,,,,,,,
,,539,,,,,,,,,,
,,400,,,,,,,,,,
,,409,,,,,,,,,,
,,309,,,,,,,,,,
,,318,,,,,,,,,,
,,287,,,,,,,,,,
,,295,,,,,,,,,,
,,296,,,,,,,,,,
,,268,,,,,,,,,,
,,264,,,,,,,,,,
,,308,,,,,,,,,,
,,249,,,,,,,,,,
,,256,,,,,,,,,,
,,315,,,,,,,,,,
,,324,,,,,,,,,,
,,237,,,,,,,,,,
,,228,,,,,,,,,,
,,220,,,,,,,,,,
,,281,,,,,,,,,,
,,283,,,,,,,,,,
,,276,,,,,,,,,,
,,284,,,,,,,,,,
,,268,,,,,,,,,,
,,278,,,,,,,,,,
,,259,,,,,,,,,,
,,253,,,,,,,,,,
,,254,,,,,,,,,,
,,210,,,,,,,,,,
,,306,,,,,,,,,,
,,279,,,,,,,,,,
,,287,,,,,,,,,,
,,283,,,,,,,,,,
,,280,,,,,,,,,,
,,163,,,,,,,,,,
,,304,,,,,,,,,,
,,266,,,,,,,,,,
,,275,,,,,,,,,,
,,252,,,,,,,,,,
,,292,,,,,,,,,,
,,292,,,,,,,,,,
,,265,,,,,,,,,,
,,302,,,,,,,,,,
,,287,,,,,,,,,,
,,350,,,,,,,,,,
,,355,,,,,,,,,,
,,217,,,,,,,,,,
,,944,,,,,,,,,,
,,978,,,,,,,,,,
,,978,,,,,,,,,,
,,529,,,,,,,,,,
,,539,,,,,,,,,,
,,279,,,,,,,,,,
,,233,,,,,,,,,,
,,236,,,,,,,,,,
,,236,,,,,,,,,,
,,379,,,,,,,,,,
,,385,,,,,,,,,,
,,538,,,,,,,,,,
,,501,,,,,,,,,,
,,287,,,,,,,,,,
,,334,,,,,,,,,,
,,286,,,,,,,,,,
,,886,,,,,,,,,,
,,1045,,,,,,,,,,
,,502,,,,,,,,,,
,,512,,,,,,,,,,
,,296,,,,,,,,,,
,,341,,,,,,,,,,
,,338,,,,,,,,,,
,,339,,,,,,,,,,
,,410,,,,,,,,,,
,,412,,,,,,,,,,
,,406,,,,,,,,,,
,,166,,,,,,,,,,
,,358,,,,,,,,,,
,,318,,,,,,,,,,
,,564,,,,,,,,,,
,,273,,,,,,,,,,
,,281,,,,,,,,,,
,,279,,,,,,,,,,
,,522,,,,,,,,,,
,,535,,,,,,,,,,
,,300,,,,,,,,,,
,,256,,,,,,,,,,
,,259,,,,,,,,,,
,,266,,,,,,,,,,
,,275,,,,,,,,,,
,,193,,,,,,,,,,
,,189,,,,,,,,,,
,,186,,,,,,,,,,
,,85,,,,,,,,,,
,,252,,,,,,,,,,
,,254,,,,,,,,,,
,,353,,,,,,,,,,
,,327,,,,,,,,,,
,,357,,,,,,,,,,
,,352,,,,,,,,,,
,,347,,,,,,,,,,
,,361,,,,,,,,,,
,,317,,,,,,,,,,
,,317,,,,,,,,,,
,,315,,,,,,,,,,
,,317,,,,,,,,,,
,,56,,,,,,,,,,
,,244,,,,,,,,,,
,,249,,,,,,,,,,
,,421,,,,,,,,,,
,,341,,,,,,,,,,
,,448,,,,,,,,,,
,,448,,,,,,,,,,
,,432,,,,,,,,,,
,,354,,,,,,,,,,
,,354,,,,,,,,,,
,,352,,,,,,,,,,
,,133,,,,,,,,,,
,,219,,,,,,,,,,
,,220,,,,,,,,,,
,,327,,,,,,,,,,
,,329,,,,,,,,,,
,,325,,,,,,,,,,
,,267,,,,,,,,,,
,,410,,,,,,,,,,
,,265,,,,,,,,,,
,,386,,,,,,,,,,
,,388,,,,,,,,,,
,,310,,,,,,,,,,
,,276,,,,,,,,,,
,,325,,,,,,,,,,
,,309,,,,,,,,,,
,,417,,,,,,,,,,
,,350,,,,,,,,,,
,,357,,,,,,,,,,
,,357,,,,,,,,,,
,,452,,,,,,,,,,
,,459,,,,,,,,,,
,,452,,,,,,,,,,
,,192,,,,,,,,,,
,,198,,,,,,,,,,
,,365,,,,,,,,,,
,,591,,,,,,,,,,
,,605,,,,,,,,,,
,,330,,,,,,,,,,
,,318,,,,,,,,,,
,,236,,,,,,,,,,
,,243,,,,,,,,,,
,,244,,,,,,,,,,
,,231,,,,,,,,,,
,,237,,,,,,,,,,
,,233,,,,,,,,,,
,,226,,,,,,,,,,
,,316,,,,,,,,,,
,,720,,,,,,,,,,
,,651,,,,,,,,,,
,,606,,,,,,,,,,
,,615,,,,,,,,,,
,,615,,,,,,,,,,
,,612,,,,,,,,,,
,,367,,,,,,,,,,
,,232,,,,,,,,,,
,,348,,,,,,,,,,
,,235,,,,,,,,,,
,,240,,,,,,,,,,
,,219,,,,,,,,,,
,,349,,,,,,,,,,
,,803,,,,,,,,,,
,,738,,,,,,,,,,
,,211,,,,,,,,,,
,,355,,,,,,,,,,
,,360,,,,,,,,,,
,,367,,,,,,,,,,
,,362,,,,,,,,,,
,,230,,,,,,,,,,
,,643,,,,,,,,,,
,,579,,,,,,,,,,
,,567,,,,,,,,,,
,,416,,,,,,,,,,
,,424,,,,,,,,,,
,,424,,,,,,,,,,
,,492,,,,,,,,,,
,,492,,,,,,,,,,
,,221,,,,,,,,,,
,,266,,,,,,,,,,
,,266,,,,,,,,,,
,,269,,,,,,,,,,
,,296,,,,,,,,,,
,,255,,,,,,,,,,
,,368,,,,,,,,,,
,,272,,,,,,,,,,
,,280,,,,,,,,,,
,,268,,,,,,,,,,
,,579,,,,,,,,,,
,,289,,,,,,,,,,
,,296,,,,,,,,,,
,,294,,,,,,,,,,
,,347,,,,,,,,,,
,,311,,,,,,,,,,
,,278,,,,,,,,,,
,,279,,,,,,,,,,
,,257,,,,,,,,,,
,,616,,,,,,,,,,
,,269,,,,,,,,,,
,,301,,,,,,,,,,
,,72,,,,,,,,,,
,,72,,,,,,,,,,
,,225,,,,,,,,,,
,,221,,,,,,,,,,
,,316,,,,,,,,,,
,,230,,,,,,,,,,
,,231,,,,,,,,,,
,,242,,,,,,,,,,
,,239,,,,,,,,,,
,,241,,,,,,,,,,
,,849,,,,,,,,,,
,,653,,,,,,,,,,
,,333,,,,,,,,,,
,,380,,,,,,,,,,
,,368,,,,,,,,,,
,,267,,,,,,,,,,
,,269,,,,,,,,,,
,,266,,,,,,,,,,
,,236,,,,,,,,,,
,,244,,,,,,,,,,
,,252,,,,,,,,,,
,,381,,,,,,,,,,
,,390,,,,,,,,,,
,,551,,,,,,,,,,
,,267,,,,,,,,,,
,,342,,,,,,,,,,
,,369,,,,,,,,,,
,,352,,,,,,,,,,
,,378,,,,,,,,,,
,,380,,,,,,,,,,
,,383,,,,,,,,,,
,,303,,,,,,,,,,
,,306,,,,,,,,,,
,,260,,,,,,,,,,
,,264,,,,,,,,,,
,,265,,,,,,,,,,
,,223,,,,,,,,,,
,,219,,,,,,,,,,
,,216,,,,,,,,,,
,,582,,,,,,,,,,
,,585,,,,,,,,,,
,,344,,,,,,,,,,
,,643,,,,,,,,,,
,,357,,,,,,,,,,
,,365,,,,,,,,,,
,,282,,,,,,,,,,
,,230,,,,,,,,,,
,,247,,,,,,,,,,
,,294,,,,,,,,,,
,,312,,,,,,,,,,
,,221,,,,,,,,,,
,,222,,,,,,,,,,
,,218,,,,,,,,,,
,,214,,,,,,,,,,
,,374,,,,,,,,,,
,,364,,,,,,,,,,
,,335,,,,,,,,,,
,,336,,,,,,,,,,
,,357,,,,,,,,,,
,,368,,,,,,,,,,
,,297,,,,,,,,,,
,,306,,,,,,,,,,
,,306,,,,,,,,,,
,,350,,,,,,,,,,
,,360,,,,,,,,,,
,,207,,,,,,,,,,
,,212,,,,,,,,,,
,,365,,,,,,,,,,
,,287,,,,,,,,,,
,,288,,,,,,,,,,
,,275,,,,,,,,,,
,,265,,,,,,,,,,
,,342,,,,,,,,,,
,,346,,,,,,,,,,
,,341,,,,,,,,,,
,,343,,,,,,,,,,
,,371,,,,,,,,,,
,,312,,,,,,,,,,
,,296,,,,,,,,,,
,,214,,,,,,,,,,
,,222,,,,,,,,,,
,,211,,,,,,,,,,
,,354,,,,,,,,,,
,,363,,,,,,,,,,
,,363,,,,,,,,,,
,,407,,,,,,,,,,
,,171,,,,,,,,,,
,,304,,,,,,,,,,
,,311,,,,,,,,,,
,,307,,,,,,,,,,
,,267,,,,,,,,,,
,,297,,,,,,,,,,
,,300,,,,,,,,,,
,,310,,,,,,,,,,
,,239,,,,,,,,,,
,,247,,,,,,,,,,
,,248,,,,,,,,,,
,,311,,,,,,,,,,
,,319,,,,,,,,,,
,,241,,,,,,,,,,
,,244,,,,,,,,,,
,,253,,,,,,,,,,
,,358,,,,,,,,,,
,,358,,,,,,,,,,
,,278,,,,,,,,,,
,,371,,,,,,,,,,
,,109,,,,,,,,,,
,,212,,,,,,,,,,
,,473,,,,,,,,,,
,,452,,,,,,,,,,
,,435,,,,,,,,,,
,,410,,,,,,,,,,
,,339,,,,,,,,,,
,,353,,,,,,,,,,
,,307,,,,,,,,,,
,,433,,,,,,,,,,
,,444,,,,,,,,,,
,,215,,,,,,,,,,
,,296,,,,,,,,,,
,,215,,,,,,,,,,
,,214,,,,,,,,,,
,,215,,,,,,,,,,
,,267,,,,,,,,,,
,,259,,,,,,,,,,
,,255,,,,,,,,,,
,,260,,,,,,,,,,
,,295,,,,,,,,,,
,,310,,,,,,,,,,
,,288,,,,,,,,,,
,,289,,,,,,,,,,
,,256,,,,,,,,,,
,,280,,,,,,,,,,
,,288,,,,,,,,,,
,,297,,,,,,,,,,
,,307,,,,,,,,,,
,,347,,,,,,,,,,
,,231,,,,,,,,,,
,,236,,,,,,,,,,
,,475,,,,,,,,,,
,,480,,,,,,,,,,
,,259,,,,,,,,,,
,,263,,,,,,,,,,
,,243,,,,,,,,,,
,,240,,,,,,,,,,
,,231,,,,,,,,,,
,,354,,,,,,,,,,
,,361,,,,,,,,,,
,,356,,,,,,,,,,
,,599,,,,,,,,,,
,,392,,,,,,,,,,
,,271,,,,,,,,,,
,,276,,,,,,,,,,
,,278,,,,,,,,,,
,,342,,,,,,,,,,
,,431,,,,,,,,,,
,,327,,,,,,,,,,
,,303,,,,,,,,,,
,,304,,,,,,,,,,
,,313,,,,,,,,,,
,,257,,,,,,,,,,
,,262,,,,,,,,,,
,,237,,,,,,,,,,
,,327,,,,,,,,,,
,,330,,,,,,,,,,
,,248,,,,,,,,,,
,,273,,,,,,,,,,
,,274,,,,,,,,,,
,,276,,,,,,,,,,
,,469,,,,,,,,,,
,,325,,,,,,,,,,
,,386,,,,,,,,,,
,,232,,,,,,,,,,
,,321,,,,,,,,,,
,,329,,,,,,,,,,
,,349,,,,,,,,,,
,,662,,,,,,,,,,
,,672,,,,,,,,,,
,,243,,,,,,,,,,
,,237,,,,,,,,,,
,,221,,,,,,,,,,
,,276,,,,,,,,,,
,,418,,,,,,,,,,
,,301,,,,,,,,,,
,,267,,,,,,,,,,
,,269,,,,,,,,,,
,,394,,,,,,,,,,
,,245,,,,,,,,,,
,,237,,,,,,,,,,
,,233,,,,,,,,,,
,,264,,,,,,,,,,
,,268,,,,,,,,,,
,,249,,,,,,,,,,
,,288,,,,,,,,,,
,,177,,,,,,,,,,
,,212,,,,,,,,,,
,,259,,,,,,,,,,
,,565,,,,,,,,,,
,,283,,,,,,,,,,
,,235,,,,,,,,,,
,,230,,,,,,,,,,
,,235,,,,,,,,,,
,,233,,,,,,,,,,
,,238,,,,,,,,,,
,,331,,,,,,,,,,
,,338,,,,,,,,,,
,,331,,,,,,,,,,
,,258,,,,,,,,,,
,,258,,,,,,,,,,
,,252,,,,,,,,,,
,,606,,,,,,,,,,
,,223,,,,,,,,,,
,,266,,,,,,,,,,
,,267,,,,,,,,,,
,,264,,,,,,,,,,
,,288,,,,,,,,,,
,,244,,,,,,,,,,
,,262,,,,,,,,,,
,,268,,,,,,,,,,
,,392,,,,,,,,,,
,,445,,,,,,,,,,
,,266,,,,,,,,,,
,,274,,,,,,,,,,
,,256,,,,,,,,,,
,,239,,,,,,,,,,
,,240,,,,,,,,,,
,,249,,,,,,,,,,
,,320,,,,,,,,,,
,,322,,,,,,,,,,
,,322,,,,,,,,,,
,,227,,,,,,,,,,
,,235,,,,,,,,,,
,,236,,,,,,,,,,
,,267,,,,,,,,,,
,,287,,,,,,,,,,
,,302,,,,,,,,,,
,,306,,,,,,,,,,
,,241,,,,,,,,,,
,,241,,,,,,,,,,
,,247,,,,,,,,,,
,,248,,,,,,,,,,
,,125,,,,,,,,,,
,,254,,,,,,,,,,
,,250,,,,,,,,,,
,,257,,,,,,,,,,
,,264,,,,,,,,,,
,,264,,,,,,,,,,
,,252,,,,,,,,,,
,,208,,,,,,,,,,
,,214,,,,,,,,,,
,,219,,,,,,,,,,
,,226,,,,,,,,,,
,,225,,,,,,,,,,
,,273,,,,,,,,,,
,,282,,,,,,,,,,
,,258,,,,,,,,,,
,,253,,,,,,,,,,
,,357,,,,,,,,,,
,,360,,,,,,,,,,
,,339,,,,,,,,,,
,,270,,,,,,,,,,
,,280,,,,,,,,,,
,,281,,,,,,,,,,
,,253,,,,,,,,,,
,,253,,,,,,,,,,
,,69,,,,,,,,,,
,,320,,,,,,,,,,
,,331,,,,,,,,,,
,,319,,,,,,,,,,
,,319,,,,,,,,,,
,,300,,,,,,,,,,
,,289,,,,,,,,,,
,,283,,,,,,,,,,
,,274,,,,,,,,,,
,,261,,,,,,,,,,
,,268,,,,,,,,,,
,,252,,,,,,,,,,
,,247,,,,,,,,,,
,,253,,,,,,,,,,
,,231,,,,,,,,,,
,,388,,,,,,,,,,
,,178,,,,,,,,,,
,,365,,,,,,,,,,
,,367,,,,,,,,,,
,,362,,,,,,,,,,
,,350,,,,,,,,,,
,,251,,,,,,,,,,
,,260,,,,,,,,,,
,,269,,,,,,,,,,
,,250,,,,,,,,,,
,,256,,,,,,,,,,
,,257,,,,,,,,,,
,,246,,,,,,,,,,
,,237,,,,,,,,,,
,,229,,,,,,,,,,
,,295,,,,,,,,,,
,,401,,,,,,,,,,
,,366,,,,,,,,,,
,,279,,,,,,,,,,
,,285,,,,,,,,,,
,,237,,,,,,,,,,
,,391,,,,,,,,,,
,,586,,,,,,,,,,
,,839,,,,,,,,,,
,,328,,,,,,,,,,
,,389,,,,,,,,,,
,,330,,,,,,,,,,
,,333,,,,,,,,,,
,,291,,,,,,,,,,
,,449,,,,,,,,,,
,,277,,,,,,,,,,
,,257,,,,,,,,,,
,,255,,,,,,,,,,
,,258,,,,,,,,,,
,,273,,,,,,,,,,
,,284,,,,,,,,,,
,,335,,,,,,,,,,
,,358,,,,,,,,,,
,,360,,,,,,,,,,
,,360,,,,,,,,,,
,,252,,,,,,,,,,
,,311,,,,,,,,,,
,,355,,,,,,,,,,
,,431,,,,,,,,,,
,,273,,,,,,,,,,
,,256,,,,,,,,,,
,,264,,,,,,,,,,
,,251,,,,,,,,,,
,,646,,,,,,,,,,
,,218,,,,,,,,,,
,,428,,,,,,,,,,
,,428,,,,,,,,,,
,,422,,,,,,,,,,
,,291,,,,,,,,,,
,,316,,,,,,,,,,
,,303,,,,,,,,,,
,,331,,,,,,,,,,
,,275,,,,,,,,,,
,,282,,,,,,,,,,
,,292,,,,,,,,,,
,,338,,,,,,,,,,
,,350,,,,,,,,,,
,,357,,,,,,,,,,
,,229,,,,,,,,,,
,,232,,,,,,,,,,
,,238,,,,,,,,,,
,,584,,,,,,,,,,
,,572,,,,,,,,,,
,,301,,,,,,,,,,
,,315,,,,,,,,,,
,,272,,,,,,,,,,
,,273,,,,,,,,,,
,,264,,,,,,,,,,
,,288,,,,,,,,,,
,,295,,,,,,,,,,
,,352,,,,,,,,,,
,,366,,,,,,,,,,
,,145,,,,,,,,,,
,,278,,,,,,,,,,
,,268,,,,,,,,,,
,,371,,,,,,,,,,
,,373,,,,,,,,,,
,,436,,,,,,,,,,
,,280,,,,,,,,,,
,,286,,,,,,,,,,
,,275,,,,,,,,,,
,,290,,,,,,,,,,
,,250,,,,,,,,,,
,,252,,,,,,,,,,
,,252,,,,,,,,,,
,,244,,,,,,,,,,
,,251,,,,,,,,,,
,,248,,,,,,,,,,
,,245,,,,,,,,,,
,,273,,,,,,,,,,
,,279,,,,,,,,,,
,,281,,,,,,,,,,
,,229,,,,,,,,,,
,,236,,,,,,,,,,
,,236,,,,,,,,,,
,,343,,,,,,,,,,
,,345,,,,,,,,,,
,,673,,,,,,,,,,
,,677,,,,,,,,,,
,,687,,,,,,,,,,
,,288,,,,,,,,,,
,,299,,,,,,,,,,
,,299,,,,,,,,,,
,,278,,,,,,,,,,
,,278,,,,,,,,,,
,,261,,,,,,,,,,
,,332,,,,,,,,,,
,,326,,,,,,,,,,
,,302,,,,,,,,,,
,,272,,,,,,,,,,
,,249,,,,,,,,,,
,,245,,,,,,,,,,
,,246,,,,,,,,,,
,,291,,,,,,,,,,
,,295,,,,,,,,,,
,,292,,,,,,,,,,
,,300,,,,,,,,,,
,,205,,,,,,,,,,
,,211,,,,,,,,,,
,,211,,,,,,,,,,
,,261,,,,,,,,,,
,,263,,,,,,,,,,
,,453,,,,,,,,,,
,,456,,,,,,,,,,
,,420,,,,,,,,,,
,,369,,,,,,,,,,
,,400,,,,,,,,,,
,,217,,,,,,,,,,
,,229,,,,,,,,,,
,,252,,,,,,,,,,
,,255,,,,,,,,,,
,,280,,,,,,,,,,
,,330,,,,,,,,,,
,,280,,,,,,,,,,
,,282,,,,,,,,,,
,,250,,,,,,,,,,
,,354,,,,,,,,,,
,,364,,,,,,,,,,
,,355,,,,,,,,,,
,,355,,,,,,,,,,
,,349,,,,,,,,,,
,,408,,,,,,,,,,
,,411,,,,,,,,,,
,,216,,,,,,,,,,
,,215,,,,,,,,,,
,,219,,,,,,,,,,
,,350,,,,,,,,,,
,,354,,,,,,,,,,
,,334,,,,,,,,,,
,,488,,,,,,,,,,
,,278,,,,,,,,,,
,,318,,,,,,,,,,
,,294,,,,,,,,,,
,,291,,,,,,,,,,
,,293,,,,,,,,,,
,,347,,,,,,,,,,
,,341,,,,,,,,,,
,,416,,,,,,,,,,
,,326,,,,,,,,,,
,,257,,,,,,,,,,
,,274,,,,,,,,,,
,,256,,,,,,,,,,
,,352,,,,,,,,,,
,,317,,,,,,,,,,
,,329,,,,,,,,,,
,,337,,,,,,,,,,
,,271,,,,,,,,,,
,,259,,,,,,,,,,
,,259,,,,,,,,,,
,,373,,,,,,,,,,
,,171,,,,,,,,,,
,,169,,,,,,,,,,
,,170,,,,,,,,,,
,,415,,,,,,,,,,
,,515,,,,,,,,,,
,,238,,,,,,,,,,
,,861,,,,,,,,,,
,,861,,,,,,,,,,
,,843,,,,,,,,,,
,,379,,,,,,,,,,
,,623,,,,,,,,,,
,,595,,,,,,,,,,
,,586,,,,,,,,,,
,,556,,,,,,,,,,
,,337,,,,,,,,,,
,,533,,,,,,,,,,
,,528,,,,,,,,,,
,,372,,,,,,,,,,
,,325,,,,,,,,,,
,,262,,,,,,,,,,
,,269,,,,,,,,,,
,,259,,,,,,,,,,
,,278,,,,,,,,,,
,,240,,,,,,,,,,
,,261,,,,,,,,,,
,,313,,,,,,,,,,
,,266,,,,,,,,,,
,,321,,,,,,,,,,
,,283,,,,,,,,,,
,,291,,,,,,,,,,
,,292,,,,,,,,,,
,,219,,,,,,,,,,
,,224,,,,,,,,,,
,,229,,,,,,,,,,
,,252,,,,,,,,,,
,,257,,,,,,,,,,
,,330,,,,,,,,,,
,,397,,,,,,,,,,
,,246,,,,,,,,,,
,,242,,,,,,,,,,
,,240,,,,,,,,,,
,,279,,,,,,,,,,
,,275,,,,,,,,,,
,,272,,,,,,,,,,
,,262,,,,,,,,,,
,,258,,,,,,,,,,
,,246,,,,,,,,,,
,,247,,,,,,,,,,
,,275,,,,,,,,,,
,,275,,,,,,,,,,
,,275,,,,,,,,,,
,,250,,,,,,,,,,
,,259,,,,,,,,,,
,,394,,,,,,,,,,
,,366,,,,,,,,,,
,,367,,,,,,,,,,
,,449,,,,,,,,,,
,,326,,,,,,,,,,
,,326,,,,,,,,,,
,,295,,,,,,,,,,
,,306,,,,,,,,,,
,,290,,,,,,,,,,
,,264,,,,,,,,,,
,,244,,,,,,,,,,
,,241,,,,,,,,,,
,,260,,,,,,,,,,
,,269,,,,,,,,,,
,,269,,,,,,,,,,
,,278,,,,,,,,,,
,,250,,,,,,,,,,
,,257,,,,,,,,,,
,,258,,,,,,,,,,
,,413,,,,,,,,,,
,,432,,,,,,,,,,
,,434,,,,,,,,,,
,,302,,,,,,,,,,
,,306,,,,,,,,,,
,,340,,,,,,,,,,
,,315,,,,,,,,,,
,,262,,,,,,,,,,
,,287,,,,,,,,,,
,,300,,,,,,,,,,
,,322,,,,,,,,,,
,,328,,,,,,,,,,
,,328,,,,,,,,,,
,,288,,,,,,,,,,
,,295,,,,,,,,,,
,,396,,,,,,,,,,
,,277,,,,,,,,,,
,,279,,,,,,,,,,
,,279,,,,,,,,,,
,,292,,,,,,,,,,
,,298,,,,,,,,,,
,,391,,,,,,,,,,
,,223,,,,,,,,,,
,,337,,,,,,,,,,
,,180,,,,,,,,,,
,,193,,,,,,,,,,
,,201,,,,,,,,,,
,,245,,,,,,,,,,
,,250,,,,,,,,,,
,,287,,,,,,,,,,
,,296,,,,,,,,,,
,,287,,,,,,,,,,
,,246,,,,,,,,,,
,,297,,,,,,,,,,
,,672,,,,,,,,,,
,,312,,,,,,,,,,
,,256,,,,,,,,,,
,,261,,,,,,,,,,
,,258,,,,,,,,,,
,,228,,,,,,,,,,
,,236,,,,,,,,,,
,,311,,,,,,,,,,
,,378,,,,,,,,,,
,,380,,,,,,,,,,
,,376,,,,,,,,,,
,,243,,,,,,,,,,
,,286,,,,,,,,,,
,,311,,,,,,,,,,
,,328,,,,,,,,,,
,,366,,,,,,,,,,
,,222,,,,,,,,,,
,,522,,,,,,,,,,
,,533,,,,,,,,,,
,,193,,,,,,,,,,
,,198,,,,,,,,,,
,,266,,,,,,,,,,
,,284,,,,,,,,,,
,,286,,,,,,,,,,
,,284,,,,,,,,,,
,,352,,,,,,,,,,
,,351,,,,,,,,,,
,,316,,,,,,,,,,
,,320,,,,,,,,,,
,,218,,,,,,,,,,
,,242,,,,,,,,,,
,,241,,,,,,,,,,
,,283,,,,,,,,,,
,,488,,,,,,,,,,
,,455,,,,,,,,,,
,,455,,,,,,,,,,
,,348,,,,,,,,,,
,,333,,,,,,,,,,
,,268,,,,,,,,,,
,,275,,,,,,,,,,
,,222,,,,,,,,,,
,,362,,,,,,,,,,
,,366,,,,,,,,,,
,,370,,,,,,,,,,
,,332,,,,,,,,,,
,,335,,,,,,,,,,
,,299,,,,,,,,,,
,,343,,,,,,,,,,
,,354,,,,,,,,,,
,,361,,,,,,,,,,
,,290,,,,,,,,,,
,,206,,,,,,,,,,
,,242,,,,,,,,,,
,,251,,,,,,,,,,
,,256,,,,,,,,,,
,,253,,,,,,,,,,
,,120,,,,,,,,,,
,,248,,,,,,,,,,
,,345,,,,,,,,,,
,,311,,,,,,,,,,
,,277,,,,,,,,,,
,,348,,,,,,,,,,
,,351,,,,,,,,,,
,,287,,,,,,,,,,
,,142,,,,,,,,,,
,,147,,,,,,,,,,
,,249,,,,,,,,,,
,,260,,,,,,,,,,
,,278,,,,,,,,,,
,,264,,,,,,,,,,
,,299,,,,,,,,,,
,,305,,,,,,,,,,
,,304,,,,,,,,,,
,,299,,,,,,,,,,
,,307,,,,,,,,,,
,,262,,,,,,,,,,
,,293,,,,,,,,,,
,,301,,,,,,,,,,
,,296,,,,,,,,,,
,,257,,,,,,,,,,
,,464,,,,,,,,,,
,,464,,,,,,,,,,
,,466,,,,,,,,,,
,,235,,,,,,,,,,
,,228,,,,,,,,,,
,,319,,,,,,,,,,
,,338,,,,,,,,,,
,,333,,,,,,,,,,
,,264,,,,,,,,,,
,,269,,,,,,,,,,
,,265,,,,,,,,,,
,,394,,,,,,,,,,
,,400,,,,,,,,,,
,,392,,,,,,,,,,
,,285,,,,,,,,,,
,,294,,,,,,,,,,
,,291,,,,,,,,,,
,,269,,,,,,,,,,
,,262,,,,,,,,,,
,,301,,,,,,,,,,
,,328,,,,,,,,,,
,,367,,,,,,,,,,
,,235,,,,,,,,,,
,,324,,,,,,,,,,
,,222,,,,,,,,,,
,,247,,,,,,,,,,
,,224,,,,,,,,,,
,,301,,,,,,,,,,
,,305,,,,,,,,,,
,,271,,,,,,,,,,
,,229,,,,,,,,,,
,,225,,,,,,,,,,
,,237,,,,,,,,,,
,,324,,,,,,,,,,
,,334,,,,,,,,,,
,,240,,,,,,,,,,
,,232,,,,,,,,,,
,,251,,,,,,,,,,
,,301,,,,,,,,,,
,,305,,,,,,,,,,
,,484,,,,,,,,,,
,,276,,,,,,,,,,
,,276,,,,,,,,,,
,,276,,,,,,,,,,
,,265,,,,,,,,,,
,,500,,,,,,,,,,
,,505,,,,,,,,,,
,,265,,,,,,,,,,
,,323,,,,,,,,,,
,,219,,,,,,,,,,
,,229,,,,,,,,,,
,,230,,,,,,,,,,
,,473,,,,,,,,,,
,,414,,,,,,,,,,
,,443,,,,,,,,,,
,,334,,,,,,,,,,
,,339,,,,,,,,,,
,,338,,,,,,,,,,
,,269,,,,,,,,,,
,,272,,,,,,,,,,
,,292,,,,,,,,,,
,,279,,,,,,,,,,
,,320,,,,,,,,,,
,,390,,,,,,,,,,
,,454,,,,,,,,,,
,,212,,,,,,,,,,
,,221,,,,,,,,,,
,,213,,,,,,,,,,
,,285,,,,,,,,,,
,,291,,,,,,,,,,
,,317,,,,,,,,,,
,,249,,,,,,,,,,
,,233,,,,,,,,,,
,,226,,,,,,,,,,
,,228,,,,,,,,,,
,,274,,,,,,,,,,
,,338,,,,,,,,,,
,,547,,,,,,,,,,
,,490,,,,,,,,,,
,,493,,,,,,,,,,
,,548,,,,,,,,,,
,,319,,,,,,,,,,
,,329,,,,,,,,,,
,,330,,,,,,,,,,
,,281,,,,,,,,,,
,,300,,,,,,,,,,
,,388,,,,,,,,,,
,,270,,,,,,,,,,
,,274,,,,,,,,,,
,,252,,,,,,,,,,
,,292,,,,,,,,,,
,,301,,,,,,,,,,
,,403,,,,,,,,,,
,,334,,,,,,,,,,
,,293,,,,,,,,,,
,,294,,,,,,,,,,
,,305,,,,,,,,,,
,,248,,,,,,,,,,
,,460,,,,,,,,,,
,,445,,,,,,,,,,
,,365,,,,,,,,,,
,,347,,,,,,,,,,
,,306,,,,,,,,,,
,,270,,,,,,,,,,
,,375,,,,,,,,,,
,,334,,,,,,,,,,
,,229,,,,,,,,,,
,,202,,,,,,,,,,
,,300,,,,,,,,,,
,,300,,,,,,,,,,
,,310,,,,,,,,,,
,,318,,,,,,,,,,
,,294,,,,,,,,,,
,,311,,,,,,,,,,
,,416,,,,,,,,,,
,,226,,,,,,,,,,
,,263,,,,,,,,,,
,,270,,,,,,,,,,
,,333,,,,,,,,,,
,,309,,,,,,,,,,
,,297,,,,,,,,,,
,,301,,,,,,,,,,
,,297,,,,,,,,,,
,,274,,,,,,,,,,
,,270,,,,,,,,,,
,,274,,,,,,,,,,
,,335,,,,,,,,,,
,,338,,,,,,,,,,
,,334,,,,,,,,,,
,,315,,,,,,,,,,
,,322,,,,,,,,,,
,,321,,,,,,,,,,
,,249,,,,,,,,,,
,,485,,,,,,,,,,
,,583,,,,,,,,,,
,,380,,,,,,,,,,
,,362,,,,,,,,,,
,,343,,,,,,,,,,
,,506,,,,,,,,,,
,,524,,,,,,,,,,
,,526,,,,,,,,,,
,,326,,,,,,,,,,
,,326,,,,,,,,,,
,,219,,,,,,,,,,
,,206,,,,,,,,,,
,,353,,,,,,,,,,
,,384,,,,,,,,,,
,,243,,,,,,,,,,
,,238,,,,,,,,,,
,,273,,,,,,,,,,
,,319,,,,,,,,,,
,,331,,,,,,,,,,
,,212,,,,,,,,,,
,,215,,,,,,,,,,
,,216,,,,,,,,,,
,,314,,,,,,,,,,
,,279,,,,,,,,,,
,,300,,,,,,,,,,
,,309,,,,,,,,,,
,,304,,,,,,,,,,
,,296,,,,,,,,,,
,,240,,,,,,,,,,
,,246,,,,,,,,,,
,,305,,,,,,,,,,
,,314,,,,,,,,,,
,,353,,,,,,,,,,
,,343,,,,,,,,,,
,,241,,,,,,,,,,
,,264,,,,,,,,,,
,,148,,,,,,,,,,
,,241,,,,,,,,,,
,,351,,,,,,,,,,
,,242,,,,,,,,,,
,,251,,,,,,,,,,
,,251,,,,,,,,,,
,,253,,,,,,,,,,
,,287,,,,,,,,,,
,,296,,,,,,,,,,
,,335,,,,,,,,,,
,,259,,,,,,,,,,
,,248,,,,,,,,,,
,,251,,,,,,,,,,
,,261,,,,,,,,,,
,,182,,,,,,,,,,
,,241,,,,,,,,,,
,,247,,,,,,,,,,
,,255,,,,,,,,,,
,,258,,,,,,,,,,
,,199,,,,,,,,,,
,,291,,,,,,,,,,
,,371,,,,,,,,,,
,,249,,,,,,,,,,
,,237,,,,,,,,,,
,,246,,,,,,,,,,
,,136,,,,,,,,,,
,,313,,,,,,,,,,
,,295,,,,,,,,,,
,,273,,,,,,,,,,
,,256,,,,,,,,,,
,,250,,,,,,,,,,
,,247,,,,,,,,,,
,,356,,,,,,,,,,
,,238,,,,,,,,,,
,,334,,,,,,,,,,
,,339,,,,,,,,,,
,,340,,,,,,,,,,
,,116,,,,,,,,,,
,,232,,,,,,,,,,
,,236,,,,,,,,,,
,,260,,,,,,,,,,
,,361,,,,,,,,,,
,,368,,,,,,,,,,
,,264,,,,,,,,,,
,,271,,,,,,,,,,
,,272,,,,,,,,,,
,,488,,,,,,,,,,
,,282,,,,,,,,,,
,,282,,,,,,,,,,
,,320,,,,,,,,,,
,,292,,,,,,,,,,
,,251,,,,,,,,,,
,,259,,,,,,,,,,
,,371,,,,,,,,,,
,,277,,,,,,,,,,
,,303,,,,,,,,,,
,,306,,,,,,,,,,
,,306,,,,,,,,,,
,,306,,,,,,,,,,
,,273,,,,,,,,,,
,,280,,,,,,,,,,
,,221,,,,,,,,,,
,,228,,,,,,,,,,
,,229,,,,,,,,,,
,,273,,,,,,,,,,
,,475,,,,,,,,,,
,,475,,,,,,,,,,
,,466,,,,,,,,,,
,,225,,,,,,,,,,
,,228,,,,,,,,,,
,,220,,,,,,,,,,
,,230,,,,,,,,,,
,,231,,,,,,,,,,
,,265,,,,,,,,,,
,,266,,,,,,,,,,
,,254,,,,,,,,,,
,,341,,,,,,,,,,
,,351,,,,,,,,,,
,,351,,,,,,,,,,
,,356,,,,,,,,,,
,,257,,,,,,,,,,
,,261,,,,,,,,,,
,,322,,,,,,,,,,
,,296,,,,,,,,,,
,,300,,,,,,,,,,
,,192,,,,,,,,,,
,,244,,,,,,,,,,
,,255,,,,,,,,,,
,,218,,,,,,,,,,
,,305,,,,,,,,,,
,,301,,,,,,,,,,
,,259,,,,,,,,,,
,,260,,,,,,,,,,
,,261,,,,,,,,,,
,,308,,,,,,,,,,
,,337,,,,,,,,,,
,,153,,,,,,,,,,
,,163,,,,,,,,,,
,,163,,,,,,,,,,
,,223,,,,,,,,,,
,,291,,,,,,,,,,
,,276,,,,,,,,,,
,,278,,,,,,,,,,
,,341,,,,,,,,,,
,,415,,,,,,,,,,
,,272,,,,,,,,,,
,,280,,,,,,,,,,
,,261,,,,,,,,,,
,,278,,,,,,,,,,
,,284,,,,,,,,,,
,,387,,,,,,,,,,
,,393,,,,,,,,,,
,,306,,,,,,,,,,
,,319,,,,,,,,,,
,,749,,,,,,,,,,
,,209,,,,,,,,,,
,,237,,,,,,,,,,
,,308,,,,,,,,,,
,,308,,,,,,,,,,
,,258,,,,,,,,,,
,,449,,,,,,,,,,
,,243,,,,,,,,,,
,,243,,,,,,,,,,
,,245,,,,,,,,,,
,,606,,,,,,,,,,
,,608,,,,,,,,,,
,,630,,,,,,,,,,
,,250,,,,,,,,,,
,,254,,,,,,,,,,
,,254,,,,,,,,,,
,,434,,,,,,,,,,
,,337,,,,,,,,,,
,,362,,,,,,,,,,
,,226,,,,,,,,,,
,,210,,,,,,,,,,
,,217,,,,,,,,,,
,,254,,,,,,,,,,
,,256,,,,,,,,,,
,,253,,,,,,,,,,
,,1175,,,,,,,,,,
,,1135,,,,,,,,,,
,,1141,,,,,,,,,,
,,82,,,,,,,,,,
,,208,,,,,,,,,,
,,299,,,,,,,,,,
,,299,,,,,,,,,,
,,299,,,,,,,,,,
,,451,,,,,,,,,,
,,454,,,,,,,,,,
,,294,,,,,,,,,,
,,271,,,,,,,,,,
,,280,,,,,,,,,,
,,277,,,,,,,,,,
,,250,,,,,,,,,,
,,269,,,,,,,,,,
,,205,,,,,,,,,,
,,268,,,,,,,,,,
,,256,,,,,,,,,,
,,257,,,,,,,,,,
,,285,,,,,,,,,,
,,292,,,,,,,,,,
,,393,,,,,,,,,,
,,437,,,,,,,,,,
,,384,,,,,,,,,,
,,257,,,,,,,,,,
,,241,,,,,,,,,,
,,246,,,,,,,,,,
,,246,,,,,,,,,,
,,363,,,,,,,,,,
,,373,,,,,,,,,,
,,404,,,,,,,,,,
,,321,,,,,,,,,,
,,327,,,,,,,,,,
,,327,,,,,,,,,,
,,240,,,,,,,,,,
,,241,,,,,,,,,,
,,392,,,,,,,,,,
,,346,,,,,,,,,,
,,414,,,,,,,,,,
,,433,,,,,,,,,,
,,289,,,,,,,,,,
,,468,,,,,,,,,,
,,475,,,,,,,,,,
,,468,,,,,,,,,,
,,424,,,,,,,,,,
,,467,,,,,,,,,,
,,264,,,,,,,,,,
,,402,,,,,,,,,,
,,376,,,,,,,,,,
,,378,,,,,,,,,,
,,378,,,,,,,,,,
,,333,,,,,,,,,,
,,287,,,,,,,,,,
,,272,,,,,,,,,,
,,277,,,,,,,,,,
,,277,,,,,,,,,,
,,280,,,,,,,,,,
,,287,,,,,,,,,,
,,288,,,,,,,,,,
,,452,,,,,,,,,,
,,459,,,,,,,,,,
,,475,,,,,,,,,,
,,334,,,,,,,,,,
,,346,,,,,,,,,,
,,321,,,,,,,,,,
,,354,,,,,,,,,,
,,413,,,,,,,,,,
,,413,,,,,,,,,,
,,411,,,,,,,,,,
,,467,,,,,,,,,,
,,123,,,,,,,,,,
,,254,,,,,,,,,,
,,261,,,,,,,,,,
,,391,,,,,,,,,,
,,374,,,,,,,,,,
,,256,,,,,,,,,,
,,261,,,,,,,,,,
,,327,,,,,,,,,,
,,326,,,,,,,,,,
,,327,,,,,,,,,,
,,285,,,,,,,,,,
,,254,,,,,,,,,,
,,273,,,,,,,,,,
,,298,,,,,,,,,,
,,226,,,,,,,,,,
,,236,,,,,,,,,,
,,236,,,,,,,,,,
,,255,,,,,,,,,,
,,257,,,,,,,,,,
,,254,,,,,,,,,,
,,313,,,,,,,,,,
,,339,,,,,,,,,,
,,231,,,,,,,,,,
,,273,,,,,,,,,,
,,275,,,,,,,,,,
,,199,,,,,,,,,,
,,230,,,,,,,,,,
,,304,,,,,,,,,,
,,88,,,,,,,,,,
,,261,,,,,,,,,,
,,373,,,,,,,,,,
,,374,,,,,,,,,,
,,406,,,,,,,,,,
,,187,,,,,,,,,,
,,190,,,,,,,,,,
,,185,,,,,,,,,,
,,231,,,,,,,,,,
,,308,,,,,,,,,,
,,212,,,,,,,,,,
,,215,,,,,,,,,,
,,297,,,,,,,,,,
,,758,,,,,,,,,,
,,481,,,,,,,,,,
,,483,,,,,,,,,,
,,447,,,,,,,,,,
,,309,,,,,,,,,,
,,321,,,,,,,,,,
,,323,,,,,,,,,,
,,810,,,,,,,,,,
,,876,,,,,,,,,,
,,266,,,,,,,,,,
,,253,,,,,,,,,,
,,304,,,,,,,,,,
,,275,,,,,,,,,,
,,271,,,,,,,,,,
,,188,,,,,,,,,,
,,416,,,,,,,,,,
,,487,,,,,,,,,,
,,352,,,,,,,,,,
,,357,,,,,,,,,,
,,442,,,,,,,,,,
,,479,,,,,,,,,,
,,206,,,,,,,,,,
,,289,,,,,,,,,,
,,337,,,,,,,,,,
,,225,,,,,,,,,,
,,232,,,,,,,,,,
,,172,,,,,,,,,,
,,209,,,,,,,,,,
,,207,,,,,,,,,,
,,293,,,,,,,,,,
,,290,,,,,,,,,,
,,383,,,,,,,,,,
,,388,,,,,,,,,,
,,278,,,,,,,,,,
,,259,,,,,,,,,,
,,250,,,,,,,,,,
,,251,,,,,,,,,,
,,270,,,,,,,,,,
,,263,,,,,,,,,,
,,264,,,,,,,,,,
,,163,,,,,,,,,,
,,284,,,,,,,,,,
,,242,,,,,,,,,,
,,248,,,,,,,,,,
,,444,,,,,,,,,,
,,444,,,,,,,,,,
,,447,,,,,,,,,,
,,278,,,,,,,,,,
,,261,,,,,,,,,,
,,254,,,,,,,,,,
,,258,,,,,,,,,,
,,402,,,,,,,,,,
,,381,,,,,,,,,,
,,573,,,,,,,,,,
,,319,,,,,,,,,,
,,229,,,,,,,,,,
,,694,,,,,,,,,,
,,363,,,,,,,,,,
,,463,,,,,,,,,,
,,425,,,,,,,,,,
,,234,,,,,,,,,,
,,367,,,,,,,,,,
,,390,,,,,,,,,,
,,327,,,,,,,,,,
,,286,,,,,,,,,,
,,210,,,,,,,,,,
,,214,,,,,,,,,,
,,511,,,,,,,,,,
,,241,,,,,,,,,,
,,247,,,,,,,,,,
,,305,,,,,,,,,,
,,328,,,,,,,,,,
,,405,,,,,,,,,,
,,326,,,,,,,,,,
,,336,,,,,,,,,,
,,292,,,,,,,,,,
,,166,,,,,,,,,,
,,280,,,,,,,,,,
,,280,,,,,,,,,,
,,228,,,,,,,,,,
,,226,,,,,,,,,,
,,234,,,,,,,,,,
,,310,,,,,,,,,,
,,261,,,,,,,,,,
,,245,,,,,,,,,,
,,276,,,,,,,,,,
,,283,,,,,,,,,,
,,376,,,,,,,,,,
,,378,,,,,,,,,,
,,376,,,,,,,,,,
,,232,,,,,,,,,,
,,236,,,,,,,,,,
,,251,,,,,,,,,,
,,242,,,,,,,,,,
,,248,,,,,,,,,,
,,211,,,,,,,,,,
,,215,,,,,,,,,,
,,310,,,,,,,,,,
,,520,,,,,,,,,,
,,531,,,,,,,,,,
,,463,,,,,,,,,,
,,465,,,,,,,,,,
,,304,,,,,,,,,,
,,258,,,,,,,,,,
,,279,,,,,,,,,,
,,239,,,,,,,,,,
,,243,,,,,,,,,,
,,238,,,,,,,,,,
,,279,,,,,,,,,,
,,279,,,,,,,,,,
,,279,,,,,,,,,,
,,121,,,,,,,,,,
,,242,,,,,,,,,,
,,290,,,,,,,,,,
,,291,,,,,,,,,,
,,144,,,,,,,,,,
,,214,,,,,,,,,,
,,258,,,,,,,,,,
,,437,,,,,,,,,,
,,380,,,,,,,,,,
,,246,,,,,,,,,,
,,247,,,,,,,,,,
,,247,,,,,,,,,,
,,383,,,,,,,,,,
,,383,,,,,,,,,,
,,385,,,,,,,,,,
,,272,,,,,,,,,,
,,269,,,,,,,,,,
,,265,,,,,,,,,,
,,264,,,,,,,,,,
,,272,,,,,,,,,,
,,274,,,,,,,,,,
,,283,,,,,,,,,,
,,279,,,,,,,,,,
,,269,,,,,,,,,,
,,258,,,,,,,,,,
,,241,,,,,,,,,,
,,174,,,,,,,,,,
,,174,,,,,,,,,,
,,254,,,,,,,,,,
,,241,,,,,,,,,,
,,342,,,,,,,,,,
,,316,,,,,,,,,,
,,311,,,,,,,,,,
,,314,,,,,,,,,,
,,320,,,,,,,,,,
,,250,,,,,,,,,,
,,255,,,,,,,,,,
,,256,,,,,,,,,,
,,275,,,,,,,,,,
,,240,,,,,,,,,,
,,230,,,,,,,,,,
,,292,,,,,,,,,,
,,298,,,,,,,,,,
,,206,,,,,,,,,,
,,61,,,,,,,,,,
,,219,,,,,,,,,,
,,220,,,,,,,,,,
,,304,,,,,,,,,,
,,331,,,,,,,,,,
,,324,,,,,,,,,,
,,324,,,,,,,,,,
,,259,,,,,,,,,,
,,324,,,,,,,,,,
,,329,,,,,,,,,,
,,326,,,,,,,,,,
,,354,,,,,,,,,,
,,357,,,,,,,,,,
,,432,,,,,,,,,,
,,307,,,,,,,,,,
,,308,,,,,,,,,,
,,336,,,,,,,,,,
,,314,,,,,,,,,,
,,100,,,,,,,,,,
,,301,,,,,,,,,,
,,328,,,,,,,,,,
,,331,,,,,,,,,,
,,405,,,,,,,,,,
,,424,,,,,,,,,,
,,426,,,,,,,,,,
,,298,,,,,,,,,,
,,311,,,,,,,,,,
,,402,,,,,,,,,,
,,439,,,,,,,,,,
,,418,,,,,,,,,,
,,391,,,,,,,,,,
,,283,,,,,,,,,,
,,213,,,,,,,,,,
,,280,,,,,,,,,,
,,314,,,,,,,,,,
,,311,,,,,,,,,,
,,308,,,,,,,,,,
,,308,,,,,,,,,,
,,308,,,,,,,,,,
,,361,,,,,,,,,,
,,262,,,,,,,,,,
,,267,,,,,,,,,,
,,267,,,,,,,,,,
,,239,,,,,,,,,,
,,239,,,,,,,,,,
,,268,,,,,,,,,,
,,276,,,,,,,,,,
,,157,,,,,,,,,,
,,511,,,,,,,,,,
,,527,,,,,,,,,,
,,511,,,,,,,,,,
,,414,,,,,,,,,,
,,414,,,,,,,,,,
,,412,,,,,,,,,,
,,283,,,,,,,,,,
,,414,,,,,,,,,,
,,352,,,,,,,,,,
,,783,,,,,,,,,,
,,163,,,,,,,,,,
,,293,,,,,,,,,,
,,302,,,,,,,,,,
,,289,,,,,,,,,,
,,369,,,,,,,,,,
,,334,,,,,,,,,,
,,269,,,,,,,,,,
,,274,,,,,,,,,,
,,247,,,,,,,,,,
,,242,,,,,,,,,,
,,248,,,,,,,,,,
,,245,,,,,,,,,,
,,294,,,,,,,,,,
,,367,,,,,,,,,,
,,374,,,,,,,,,,
,,295,,,,,,,,,,
,,256,,,,,,,,,,
,,297,,,,,,,,,,
,,187,,,,,,,,,,
,,195,,,,,,,,,,
,,196,,,,,,,,,,
,,295,,,,,,,,,,
,,297,,,,,,,,,,
,,241,,,,,,,,,,
,,234,,,,,,,,,,
,,241,,,,,,,,,,
,,242,,,,,,,,,,
,,89,,,,,,,,,,
,,396,,,,,,,,,,
,,318,,,,,,,,,,
,,307,,,,,,,,,,
,,277,,,,,,,,,,
,,348,,,,,,,,,,
,,343,,,,,,,,,,
,,278,,,,,,,,,,
,,218,,,,,,,,,,
,,212,,,,,,,,,,
,,217,,,,,,,,,,
,,262,,,,,,,,,,
,,252,,,,,,,,,,
,,253,,,,,,,,,,
,,410,,,,,,,,,,
,,316,,,,,,,,,,
,,322,,,,,,,,,,
,,359,,,,,,,,,,
,,276,,,,,,,,,,
,,285,,,,,,,,,,
,,286,,,,,,,,,,
,,1114,,,,,,,,,,
,,298,,,,,,,,,,
,,306,,,,,,,,,,
,,362,,,,,,,,,,
,,337,,,,,,,,,,
,,408,,,,,,,,,,
,,275,,,,,,,,,,
,,278,,,,,,,,,,
,,281,,,,,,,,,,
,,302,,,,,,,,,,
,,340,,,,,,,,,,
,,296,,,,,,,,,,
,,173,,,,,,,,,,
,,170,,,,,,,,,,
,,170,,,,,,,,,,
,,273,,,,,,,,,,
,,269,,,,,,,,,,
,,271,,,,,,,,,,
,,234,,,,,,,,,,
,,234,,,,,,,,,,
,,254,,,,,,,,,,
,,289,,,,,,,,,,
,,290,,,,,,,,,,
,,302,,,,,,,,,,
,,271,,,,,,,,,,
,,298,,,,,,,,,,
,,301,,,,,,,,,,
,,77,,,,,,,,,,
,,437,,,,,,,,,,
,,261,,,,,,,,,,
,,266,,,,,,,,,,
,,263,,,,,,,,,,
,,179,,,,,,,,,,
,,438,,,,,,,,,,
,,433,,,,,,,,,,
,,300,,,,,,,,,,
,,588,,,,,,,,,,
,,285,,,,,,,,,,
,,285,,,,,,,,,,
,,255,,,,,,,,,,
,,262,,,,,,,,,,
,,260,,,,,,,,,,
,,214,,,,,,,,,,
,,254,,,,,,,,,,
,,259,,,,,,,,,,
,,212,,,,,,,,,,
,,192,,,,,,,,,,
,,193,,,,,,,,,,
,,225,,,,,,,,,,
,,230,,,,,,,,,,
,,336,,,,,,,,,,
,,627,,,,,,,,,,
,,633,,,,,,,,,,
,,170,,,,,,,,,,
,,173,,,,,,,,,,
,,306,,,,,,,,,,
,,465,,,,,,,,,,
,,593,,,,,,,,,,
,,332,,,,,,,,,,
,,520,,,,,,,,,,
,,518,,,,,,,,,,
,,466,,,,,,,,,,
,,530,,,,,,,,,,
,,538,,,,,,,,,,
,,527,,,,,,,,,,
,,159,,,,,,,,,,
,,390,,,,,,,,,,
,,255,,,,,,,,,,
,,565,,,,,,,,,,
,,367,,,,,,,,,,
,,289,,,,,,,,,,
,,294,,,,,,,,,,
,,652,,,,,,,,,,
,,249,,,,,,,,,,
,,274,,,,,,,,,,
,,409,,,,,,,,,,
,,417,,,,,,,,,,
,,422,,,,,,,,,,
,,242,,,,,,,,,,
,,220,,,,,,,,,,
,,227,,,,,,,,,,
,,223,,,,,,,,,,
,,297,,,,,,,,,,
,,277,,,,,,,,,,
,,259,,,,,,,,,,
,,339,,,,,,,,,,
,,299,,,,,,,,,,
,,330,,,,,,,,,,
,,312,,,,,,,,,,
,,292,,,,,,,,,,
,,298,,,,,,,,,,
,,212,,,,,,,,,,
,,203,,,,,,,,,,
,,204,,,,,,,,,,
,,591,,,,,,,,,,
,,601,,,,,,,,,,
,,613,,,,,,,,,,
,,307,,,,,,,,,,
,,199,,,,,,,,,,
,,198,,,,,,,,,,
,,198,,,,,,,,,,
,,185,,,,,,,,,,
,,240,,,,,,,,,,
,,222,,,,,,,,,,
,,229,,,,,,,,,,
,,225,,,,,,,,,,
,,301,,,,,,,,,,
,,246,,,,,,,,,,
,,254,,,,,,,,,,
,,257,,,,,,,,,,
,,244,,,,,,,,,,
,,82,,,,,,,,,,
,,283,,,,,,,,,,
,,270,,,,,,,,,,
,,281,,,,,,,,,,
,,282,,,,,,,,,,
,,326,,,,,,,,,,
,,334,,,,,,,,,,
,,291,,,,,,,,,,
,,318,,,,,,,,,,
,,321,,,,,,,,,,
,,153,,,,,,,,,,
,,282,,,,,,,,,,
,,289,,,,,,,,,,
,,319,,,,,,,,,,
,,322,,,,,,,,,,
,,319,,,,,,,,,,
,,254,,,,,,,,,,
,,426,,,,,,,,,,
,,397,,,,,,,,,,
,,409,,,,,,,,,,
,,409,,,,,,,,,,
,,411,,,,,,,,,,
,,458,,,,,,,,,,
,,469,,,,,,,,,,
,,287,,,,,,,,,,
,,288,,,,,,,,,,
,,528,,,,,,,,,,
,,538,,,,,,,,,,
,,537,,,,,,,,,,
,,283,,,,,,,,,,
,,349,,,,,,,,,,
,,361,,,,,,,,,,
,,537,,,,,,,,,,
,,553,,,,,,,,,,
,,230,,,,,,,,,,
,,282,,,,,,,,,,
,,384,,,,,,,,,,
,,336,,,,,,,,,,
,,211,,,,,,,,,,
,,218,,,,,,,,,,
,,219,,,,,,,,,,
,,230,,,,,,,,,,
,,237,,,,,,,,,,
,,237,,,,,,,,,,
,,334,,,,,,,,,,
,,269,,,,,,,,,,
,,273,,,,,,,,,,
,,310,,,,,,,,,,
,,316,,,,,,,,,,
,,318,,,,,,,,,,
,,292,,,,,,,,,,
,,361,,,,,,,,,,
,,372,,,,,,,,,,
,,372,,,,,,,,,,
,,308,,,,,,,,,,
,,255,,,,,,,,,,
,,252,,,,,,,,,,
,,827,,,,,,,,,,
,,885,,,,,,,,,,
,,268,,,,,,,,,,
,,418,,,,,,,,,,
,,394,,,,,,,,,,
,,255,,,,,,,,,,
,,506,,,,,,,,,,
,,477,,,,,,,,,,
,,239,,,,,,,,,,
,,283,,,,,,,,,,
,,284,,,,,,,,,,
,,319,,,,,,,,,,
,,319,,,,,,,,,,
,,318,,,,,,,,,,
,,270,,,,,,,,,,
,,259,,,,,,,,,,
,,369,,,,,,,,,,
,,209,,,,,,,,,,
,,284,,,,,,,,,,
,,226,,,,,,,,,,
,,226,,,,,,,,,,
,,226,,,,,,,,,,
,,337,,,,,,,,,,
,,328,,,,,,,,,,
,,323,,,,,,,,,,
,,320,,,,,,,,,,
,,301,,,,,,,,,,
,,313,,,,,,,,,,
,,288,,,,,,,,,,
,,311,,,,,,,,,,
,,323,,,,,,,,,,
,,177,,,,,,,,,,
,,190,,,,,,,,,,
,,205,,,,,,,,,,
,,360,,,,,,,,,,
,,358,,,,,,,,,,
,,365,,,,,,,,,,
,,321,,,,,,,,,,
,,325,,,,,,,,,,
,,318,,,,,,,,,,
,,483,,,,,,,,,,
,,237,,,,,,,,,,
,,232,,,,,,,,,,
,,284,,,,,,,,,,
,,269,,,,,,,,,,
,,264,,,,,,,,,,
,,564,,,,,,,,,,
,,324,,,,,,,,,,
,,211,,,,,,,,,,
,,618,,,,,,,,,,
,,604,,,,,,,,,,
,,240,,,,,,,,,,
,,240,,,,,,,,,,
,,235,,,,,,,,,,
,,326,,,,,,,,,,
,,461,,,,,,,,,,
,,279,,,,,,,,,,
,,295,,,,,,,,,,
,,354,,,,,,,,,,
,,325,,,,,,,,,,
,,385,,,,,,,,,,
,,256,,,,,,,,,,
,,251,,,,,,,,,,
,,339,,,,,,,,,,
,,912,,,,,,,,,,
,,817,,,,,,,,,,
,,809,,,,,,,,,,
,,277,,,,,,,,,,
,,360,,,,,,,,,,
,,367,,,,,,,,,,
,,295,,,,,,,,,,
,,280,,,,,,,,,,
,,347,,,,,,,,,,
,,347,,,,,,,,,,
,,347,,,,,,,,,,
,,309,,,,,,,,,,
,,312,,,,,,,,,,
,,308,,,,,,,,,,
,,252,,,,,,,,,,
,,258,,,,,,,,,,
,,257,,,,,,,,,,
,,257,,,,,,,,,,
,,371,,,,,,,,,,
,,321,,,,,,,,,,
,,237,,,,,,,,,,
,,229,,,,,,,,,,
,,226,,,,,,,,,,
,,306,,,,,,,,,,
,,307,,,,,,,,,,
,,282,,,,,,,,,,
,,289,,,,,,,,,,
,,280,,,,,,,,,,
,,415,,,,,,,,,,
,,459,,,,,,,,,,
,,303,,,,,,,,,,
,,210,,,,,,,,,,
,,220,,,,,,,,,,
,,207,,,,,,,,,,
,,285,,,,,,,,,,
,,369,,,,,,,,,,
,,401,,,,,,,,,,
,,369,,,,,,,,,,
,,466,,,,,,,,,,
,,409,,,,,,,,,,
,,366,,,,,,,,,,
,,366,,,,,,,,,,
,,331,,,,,,,,,,
,,376,,,,,,,,,,
,,335,,,,,,,,,,
,,263,,,,,,,,,,
,,349,,,,,,,,,,
,,248,,,,,,,,,,
,,269,,,,,,,,,,
,,337,,,,,,,,,,
,,478,,,,,,,,,,
,,296,,,,,,,,,,
,,296,,,,,,,,,,
,,293,,,,,,,,,,
,,431,,,,,,,,,,
,,391,,,,,,,,,,
,,284,,,,,,,,,,
,,273,,,,,,,,,,
,,269,,,,,,,,,,
,,273,,,,,,,,,,
,,277,,,,,,,,,,
,,281,,,,,,,,,,
,,263,,,,,,,,,,
,,352,,,,,,,,,,
,,322,,,,,,,,,,
,,474,,,,,,,,,,
,,312,,,,,,,,,,
,,329,,,,,,,,,,
,,338,,,,,,,,,,
,,330,,,,,,,,,,
,,337,,,,,,,,,,
,,332,,,,,,,,,,
,,258,,,,,,,,,,
,,187,,,,,,,,,,
,,309,,,,,,,,,,
,,318,,,,,,,,,,
,,950,,,,,,,,,,
,,709,,,,,,,,,,
,,308,,,,,,,,,,
,,308,,,,,,,,,,
,,299,,,,,,,,,,
,,449,,,,,,,,,,
,,246,,,,,,,,,,
,,237,,,,,,,,,,
,,221,,,,,,,,,,
,,222,,,,,,,,,,
,,394,,,,,,,,,,
,,394,,,,,,,,,,
,,396,,,,,,,,,,
,,266,,,,,,,,,,
,,271,,,,,,,,,,
,,267,,,,,,,,,,
,,265,,,,,,,,,,
,,727,,,,,,,,,,
,,745,,,,,,,,,,
,,1034,,,,,,,,,,
,,239,,,,,,,,,,
,,240,,,,,,,,,,
,,238,,,,,,,,,,
,,495,,,,,,,,,,
,,497,,,,,,,,,,
,,394,,,,,,,,,,
,,367,,,,,,,,,,
,,411,,,,,,,,,,
,,253,,,,,,,,,,
,,261,,,,,,,,,,
,,263,,,,,,,,,,
,,303,,,,,,,,,,
,,332,,,,,,,,,,
,,352,,,,,,,,,,
,,360,,,,,,,,,,
,,360,,,,,,,,,,
,,380,,,,,,,,,,
,,399,,,,,,,,,,
,,491,,,,,,,,,,
,,307,,,,,,,,,,
,,296,,,,,,,,,,
,,360,,,,,,,,,,
,,156,,,,,,,,,,
,,220,,,,,,,,,,
,,208,,,,,,,,,,
,,265,,,,,,,,,,
,,273,,,,,,,,,,
,,247,,,,,,,,,,
,,426,,,,,,,,,,
,,426,,,,,,,,,,
,,422,,,,,,,,,,
,,271,,,,,,,,,,
,,252,,,,,,,,,,
,,483,,,,,,,,,,
,,305,,,,,,,,,,
,,306,,,,,,,,,,
,,445,,,,,,,,,,
,,209,,,,,,,,,,
,,242,,,,,,,,,,
,,252,,,,,,,,,,
,,253,,,,,,,,,,
,,385,,,,,,,,,,
,,237,,,,,,,,,,
,,236,,,,,,,,,,
,,256,,,,,,,,,,
,,213,,,,,,,,,,
,,221,,,,,,,,,,
,,227,,,,,,,,,,
,,323,,,,,,,,,,
,,350,,,,,,,,,,
,,326,,,,,,,,,,
,,323,,,,,,,,,,
,,262,,,,,,,,,,
,,277,,,,,,,,,,
,,270,,,,,,,,,,
,,362,,,,,,,,,,
,,345,,,,,,,,,,
,,213,,,,,,,,,,
,,254,,,,,,,,,,
,,261,,,,,,,,,,
,,246,,,,,,,,,,
,,248,,,,,,,,,,
,,276,,,,,,,,,,
,,335,,,,,,,,,,
,,201,,,,,,,,,,
,,246,,,,,,,,,,
,,246,,,,,,,,,,
,,472,,,,,,,,,,
,,273,,,,,,,,,,
,,225,,,,,,,,,,
,,276,,,,,,,,,,
,,275,,,,,,,,,,
,,447,,,,,,,,,,
,,362,,,,,,,,,,
,,243,,,,,,,,,,
,,255,,,,,,,,,,
,,279,,,,,,,,,,
,,290,,,,,,,,,,
,,277,,,,,,,,,,
,,300,,,,,,,,,,
,,280,,,,,,,,,,
,,281,,,,,,,,,,
,,250,,,,,,,,,,
,,254,,,,,,,,,,
,,347,,,,,,,,,,
,,358,,,,,,,,,,
,,352,,,,,,,,,,
,,282,,,,,,,,,,
,,286,,,,,,,,,,
,,488,,,,,,,,,,
,,492,,,,,,,,,,
,,326,,,,,,,,,,
,,441,,,,,,,,,,
,,432,,,,,,,,,,
,,307,,,,,,,,,,
,,310,,,,,,,,,,
,,387,,,,,,,,,,
,,473,,,,,,,,,,
,,285,,,,,,,,,,
,,272,,,,,,,,,,
,,529,,,,,,,,,,
,,406,,,,,,,,,,
,,414,,,,,,,,,,
,,412,,,,,,,,,,
,,432,,,,,,,,,,
,,432,,,,,,,,,,
,,432,,,,,,,,,,
,,268,,,,,,,,,,
,,256,,,,,,,,,,
,,265,,,,,,,,,,
,,340,,,,,,,,,,
,,180,,,,,,,,,,
,,171,,,,,,,,,,
,,166,,,,,,,,,,
,,306,,,,,,,,,,
,,307,,,,,,,,,,
,,313,,,,,,,,,,
,,320,,,,,,,,,,
,,335,,,,,,,,,,
,,430,,,,,,,,,,
,,282,,,,,,,,,,
,,289,,,,,,,,,,
,,286,,,,,,,,,,
,,266,,,,,,,,,,
,,282,,,,,,,,,,
,,294,,,,,,,,,,
,,281,,,,,,,,,,
,,374,,,,,,,,,,
,,347,,,,,,,,,,
,,402,,,,,,,,,,
,,268,,,,,,,,,,
,,269,,,,,,,,,,
,,505,,,,,,,,,,
,,987,,,,,,,,,,
,,902,,,,,,,,,,
,,879,,,,,,,,,,
,,266,,,,,,,,,,
,,299,,,,,,,,,,
,,371,,,,,,,,,,
,,336,,,,,,,,,,
,,363,,,,,,,,,,
,,390,,,,,,,,,,
,,392,,,,,,,,,,
,,320,,,,,,,,,,
,,276,,,,,,,,,,
,,388,,,,,,,,,,
,,283,,,,,,,,,,
,,220,,,,,,,,,,
,,260,,,,,,,,,,
,,343,,,,,,,,,,
,,447,,,,,,,,,,
,,250,,,,,,,,,,
,,373,,,,,,,,,,
,,195,,,,,,,,,,
,,190,,,,,,,,,,
,,118,,,,,,,,,,
,,300,,,,,,,,,,
,,301,,,,,,,,,,
,,301,,,,,,,,,,
,,308,,,,,,,,,,
,,317,,,,,,,,,,
,,527,,,,,,,,,,
,,240,,,,,,,,,,
,,254,,,,,,,,,,
,,298,,,,,,,,,,
,,324,,,,,,,,,,
,,280,,,,,,,,,,
,,281,,,,,,,,,,
,,237,,,,,,,,,,
,,242,,,,,,,,,,
,,475,,,,,,,,,,
,,246,,,,,,,,,,
,,263,,,,,,,,,,
,,236,,,,,,,,,,
,,162,,,,,,,,,,
,,369,,,,,,,,,,
,,371,,,,,,,,,,
,,344,,,,,,,,,,
,,291,,,,,,,,,,
,,342,,,,,,,,,,
,,336,,,,,,,,,,
,,339,,,,,,,,,,
,,233,,,,,,,,,,
,,521,,,,,,,,,,
,,326,,,,,,,,,,
,,358,,,,,,,,,,
,,215,,,,,,,,,,
,,388,,,,,,,,,,
,,257,,,,,,,,,,
,,341,,,,,,,,,,
,,342,,,,,,,,,,
,,370,,,,,,,,,,
,,377,,,,,,,,,,
,,372,,,,,,,,,,
,,203,,,,,,,,,,
,,209,,,,,,,,,,
,,214,,,,,,,,,,
,,388,,,,,,,,,,
,,493,,,,,,,,,,
,,330,,,,,,,,,,
,,340,,,,,,,,,,
,,321,,,,,,,,,,
,,329,,,,,,,,,,
,,267,,,,,,,,,,
,,211,,,,,,,,,,
,,323,,,,,,,,,,
,,347,,,,,,,,,,
,,380,,,,,,,,,,
,,228,,,,,,,,,,
,,236,,,,,,,,,,
,,290,,,,,,,,,,
,,209,,,,,,,,,,
,,311,,,,,,,,,,
,,272,,,,,,,,,,
,,224,,,,,,,,,,
,,231,,,,,,,,,,
,,224,,,,,,,,,,
,,272,,,,,,,,,,
,,270,,,,,,,,,,
,,320,,,,,,,,,,
,,326,,,,,,,,,,
,,325,,,,,,,,,,
,,325,,,,,,,,,,
,,452,,,,,,,,,,
,,450,,,,,,,,,,
,,241,,,,,,,,,,
,,241,,,,,,,,,,
,,238,,,,,,,,,,
,,223,,,,,,,,,,
,,219,,,,,,,,,,
,,289,,,,,,,,,,
,,251,,,,,,,,,,
,,492,,,,,,,,,,
,,300,,,,,,,,,,
,,155,,,,,,,,,,
,,154,,,,,,,,,,
,,215,,,,,,,,,,
,,221,,,,,,,,,,
,,246,,,,,,,,,,
,,229,,,,,,,,,,
,,234,,,,,,,,,,
,,235,,,,,,,,,,
,,167,,,,,,,,,,
,,230,,,,,,,,,,
,,232,,,,,,,,,,
,,502,,,,,,,,,,
,,375,,,,,,,,,,
,,345,,,,,,,,,,
,,353,,,,,,,,,,
,,358,,,,,,,,,,
,,300,,,,,,,,,,
,,416,,,,,,,,,,
,,416,,,,,,,,,,
,,422,,,,,,,,,,
,,448,,,,,,,,,,
,,317,,,,,,,,,,
,,329,,,,,,,,,,
,,399,,,,,,,,,,
,,405,,,,,,,,,,
,,403,,,,,,,,,,
,,341,,,,,,,,,,
,,345,,,,,,,,,,
,,345,,,,,,,,,,
,,233,,,,,,,,,,
,,238,,,,,,,,,,
,,227,,,,,,,,,,
,,233,,,,,,,,,,
,,235,,,,,,,,,,
,,323,,,,,,,,,,
,,323,,,,,,,,,,
,,396,,,,,,,,,,
,,392,,,,,,,,,,
,,386,,,,,,,,,,
,,414,,,,,,,,,,
,,164,,,,,,,,,,
,,258,,,,,,,,,,
,,378,,,,,,,,,,
,,383,,,,,,,,,,
,,377,,,,,,,,,,
,,510,,,,,,,,,,
,,513,,,,,,,,,,
,,314,,,,,,,,,,
,,273,,,,,,,,,,
,,271,,,,,,,,,,
,,410,,,,,,,,,,
,,400,,,,,,,,,,
,,434,,,,,,,,,,
,,714,,,,,,,,,,
,,323,,,,,,,,,,
,,263,,,,,,,,,,
,,258,,,,,,,,,,
,,245,,,,,,,,,,
,,280,,,,,,,,,,
,,276,,,,,,,,,,
,,273,,,,,,,,,,
,,241,,,,,,,,,,
,,248,,,,,,,,,,
,,248,,,,,,,,,,
,,249,,,,,,,,,,
,,321,,,,,,,,,,
,,368,,,,,,,,,,
,,399,,,,,,,,,,
,,275,,,,,,,,,,
,,282,,,,,,,,,,
,,346,,,,,,,,,,
,,104,,,,,,,,,,
,,340,,,,,,,,,,
,,364,,,,,,,,,,
,,393,,,,,,,,,,
,,343,,,,,,,,,,
,,321,,,,,,,,,,
,,345,,,,,,,,,,
,,363,,,,,,,,,,
,,243,,,,,,,,,,
,,276,,,,,,,,,,
,,278,,,,,,,,,,
,,546,,,,,,,,,,
,,259,,,,,,,,,,
,,271,,,,,,,,,,
,,256,,,,,,,,,,
,,264,,,,,,,,,,
,,258,,,,,,,,,,
,,248,,,,,,,,,,
,,288,,,,,,,,,,
,,310,,,,,,,,,,
,,394,,,,,,,,,,
,,394,,,,,,,,,,
,,398,,,,,,,,,,
,,251,,,,,,,,,,
,,280,,,,,,,,,,
,,130,,,,,,,,,,
,,237,,,,,,,,,,
,,242,,,,,,,,,,
,,276,,,,,,,,,,
,,308,,,,,,,,,,
,,262,,,,,,,,,,
,,267,,,,,,,,,,
,,386,,,,,,,,,,
,,388,,,,,,,,,,
,,382,,,,,,,,,,
,,174,,,,,,,,,,
,,235,,,,,,,,,,
,,162,,,,,,,,,,
,,209,,,,,,,,,,
,,440,,,,,,,,,,
,,456,,,,,,,,,,
,,454,,,,,,,,,,
,,290,,,,,,,,,,
,,275,,,,,,,,,,
,,244,,,,,,,,,,
,,253,,,,,,,,,,
,,253,,,,,,,,,,
,,255,,,,,,,,,,
,,297,,,,,,,,,,
,,314,,,,,,,,,,
,,276,,,,,,,,,,
,,266,,,,,,,,,,
,,262,,,,,,,,,,
,,274,,,,,,,,,,
,,278,,,,,,,,,,
,,425,,,,,,,,,,
,,440,,,,,,,,,,
,,440,,,,,,,,,,
,,291,,,,,,,,,,
,,296,,,,,,,,,,
,,233,,,,,,,,,,
,,240,,,,,,,,,,
,,248,,,,,,,,,,
,,255,,,,,,,,,,
,,246,,,,,,,,,,
,,248,,,,,,,,,,
,,289,,,,,,,,,,
,,240,,,,,,,,,,
,,231,,,,,,,,,,
,,227,,,,,,,,,,
,,256,,,,,,,,,,
,,216,,,,,,,,,,
,,221,,,,,,,,,,
,,346,,,,,,,,,,
,,257,,,,,,,,,,
,,261,,,,,,,,,,
,,262,,,,,,,,,,
,,241,,,,,,,,,,
,,247,,,,,,,,,,
,,255,,,,,,,,,,
,,317,,,,,,,,,,
,,308,,,,,,,,,,
,,304,,,,,,,,,,
,,289,,,,,,,,,,
,,294,,,,,,,,,,
,,296,,,,,,,,,,
,,327,,,,,,,,,,
,,403,,,,,,,,,,
,,269,,,,,,,,,,
,,257,,,,,,,,,,
,,365,,,,,,,,,,
,,276,,,,,,,,,,
,,283,,,,,,,,,,
,,298,,,,,,,,,,
,,818,,,,,,,,,,
,,382,,,,,,,,,,
,,273,,,,,,,,,,
,,279,,,,,,,,,,
,,289,,,,,,,,,,
,,251,,,,,,,,,,
,,188,,,,,,,,,,
,,336,,,,,,,,,,
,,162,,,,,,,,,,
,,176,,,,,,,,,,
,,202,,,,,,,,,,
,,325,,,,,,,,,,
,,259,,,,,,,,,,
,,307,,,,,,,,,,
,,353,,,,,,,,,,
,,221,,,,,,,,,,
,,227,,,,,,,,,,
,,298,,,,,,,,,,
,,286,,,,,,,,,,
,,287,,,,,,,,,,
,,221,,,,,,,,,,
,,351,,,,,,,,,,
,,213,,,,,,,,,,
,,346,,,,,,,,,,
,,333,,,,,,,,,,
,,311,,,,,,,,,,
,,182,,,,,,,,,,
,,305,,,,,,,,,,
,,313,,,,,,,,,,
,,218,,,,,,,,,,
,,353,,,,,,,,,,
,,256,,,,,,,,,,
,,265,,,,,,,,,,
,,281,,,,,,,,,,
,,276,,,,,,,,,,
,,279,,,,,,,,,,
,,337,,,,,,,,,,
,,337,,,,,,,,,,
,,451,,,,,,,,,,
,,744,,,,,,,,,,
,,511,,,,,,,,,,
,,511,,,,,,,,,,
,,533,,,,,,,,,,
,,320,,,,,,,,,,
,,324,,,,,,,,,,
,,324,,,,,,,,,,
,,231,,,,,,,,,,
,,236,,,,,,,,,,
,,246,,,,,,,,,,
,,267,,,,,,,,,,
,,260,,,,,,,,,,
,,294,,,,,,,,,,
,,244,,,,,,,,,,
,,252,,,,,,,,,,
,,248,,,,,,,,,,
,,246,,,,,,,,,,
,,299,,,,,,,,,,
,,299,,,,,,,,,,
,,229,,,,,,,,,,
,,215,,,,,,,,,,
,,218,,,,,,,,,,
,,273,,,,,,,,,,
,,293,,,,,,,,,,
,,320,,,,,,,,,,
,,277,,,,,,,,,,
,,246,,,,,,,,,,
,,247,,,,,,,,,,
,,412,,,,,,,,,,
,,414,,,,,,,,,,
,,412,,,,,,,,,,
,,294,,,,,,,,,,
,,371,,,,,,,,,,
,,409,,,,,,,,,,
,,322,,,,,,,,,,
,,245,,,,,,,,,,
,,231,,,,,,,,,,
,,143,,,,,,,,,,
,,317,,,,,,,,,,
,,1195,,,,,,,,,,
,,1195,,,,,,,,,,
,,1183,,,,,,,,,,
,,270,,,,,,,,,,
,,263,,,,,,,,,,
,,259,,,,,,,,,,
,,260,,,,,,,,,,
,,298,,,,,,,,,,
,,307,,,,,,,,,,
,,288,,,,,,,,,,
,,243,,,,,,,,,,
,,246,,,,,,,,,,
,,271,,,,,,,,,,
,,259,,,,,,,,,,
,,98,,,,,,,,,,
,,281,,,,,,,,,,
,,280,,,,,,,,,,
,,358,,,,,,,,,,
,,412,,,,,,,,,,
,,581,,,,,,,,,,
,,359,,,,,,,,,,
,,319,,,,,,,,,,
,,368,,,,,,,,,,
,,388,,,,,,,,,,
,,108,,,,,,,,,,
,,248,,,,,,,,,,
,,222,,,,,,,,,,
,,215,,,,,,,,,,
,,333,,,,,,,,,,
,,406,,,,,,,,,,
,,279,,,,,,,,,,
,,235,,,,,,,,,,
,,241,,,,,,,,,,
,,339,,,,,,,,,,
,,285,,,,,,,,,,
,,312,,,,,,,,,,
,,307,,,,,,,,,,
,,305,,,,,,,,,,
,,299,,,,,,,,,,
,,300,,,,,,,,,,
,,76,,,,,,,,,,
,,186,,,,,,,,,,
,,186,,,,,,,,,,
,,183,,,,,,,,,,
,,226,,,,,,,,,,
,,232,,,,,,,,,,
,,313,,,,,,,,,,
,,322,,,,,,,,,,
,,317,,,,,,,,,,
,,244,,,,,,,,,,
,,245,,,,,,,,,,
,,254,,,,,,,,,,
,,378,,,,,,,,,,
,,269,,,,,,,,,,
,,301,,,,,,,,,,
,,307,,,,,,,,,,
,,276,,,,,,,,,,
,,267,,,,,,,,,,
,,280,,,,,,,,,,
,,336,,,,,,,,,,
,,339,,,,,,,,,,
,,348,,,,,,,,,,
,,331,,,,,,,,,,
,,305,,,,,,,,,,
,,290,,,,,,,,,,
,,291,,,,,,,,,,
,,287,,,,,,,,,,
,,269,,,,,,,,,,
,,275,,,,,,,,,,
,,93,,,,,,,,,,
,,243,,,,,,,,,,
,,238,,,,,,,,,,
,,225,,,,,,,,,,
,,523,,,,,,,,,,
,,526,,,,,,,,,,
,,432,,,,,,,,,,
,,250,,,,,,,,,,
,,238,,,,,,,,,,
,,240,,,,,,,,,,
,,338,,,,,,,,,,
,,273,,,,,,,,,,
,,278,,,,,,,,,,
,,358,,,,,,,,,,
,,232,,,,,,,,,,
,,236,,,,,,,,,,
,,113,,,,,,,,,,
,,311,,,,,,,,,,
,,335,,,,,,,,,,
,,338,,,,,,,,,,
,,322,,,,,,,,,,
,,211,,,,,,,,,,
,,313,,,,,,,,,,
,,284,,,,,,,,,,
,,292,,,,,,,,,,
,,294,,,,,,,,,,
,,335,,,,,,,,,,
,,347,,,,,,,,,,
,,276,,,,,,,,,,
,,335,,,,,,,,,,
,,325,,,,,,,,,,
,,249,,,,,,,,,,
,,258,,,,,,,,,,
,,242,,,,,,,,,,
,,261,,,,,,,,,,
,,261,,,,,,,,,,
,,283,,,,,,,,,,
,,289,,,,,,,,,,
,,313,,,,,,,,,,
,,225,,,,,,,,,,
,,232,,,,,,,,,,
,,196,,,,,,,,,,
,,493,,,,,,,,,,
,,369,,,,,,,,,,
,,375,,,,,,,,,,
,,369,,,,,,,,,,
,,556,,,,,,,,,,
,,277,,,,,,,,,,
,,414,,,,,,,,,,
,,225,,,,,,,,,,
,,91,,,,,,,,,,
,,226,,,,,,,,,,
,,187,,,,,,,,,,
,,261,,,,,,,,,,
,,513,,,,,,,,,,
,,513,,,,,,,,,,
,,360,,,,,,,,,,
,,251,,,,,,,,,,
,,475,,,,,,,,,,
,,269,,,,,,,,,,
,,279,,,,,,,,,,
,,298,,,,,,,,,,
,,341,,,,,,,,,,
,,229,,,,,,,,,,
,,297,,,,,,,,,,
,,603,,,,,,,,,,
,,603,,,,,,,,,,
,,241,,,,,,,,,,
,,246,,,,,,,,,,
,,254,,,,,,,,,,
,,265,,,,,,,,,,
,,273,,,,,,,,,,
,,380,,,,,,,,,,
,,302,,,,,,,,,,
,,284,,,,,,,,,,
,,652,,,,,,,,,,
,,425,,,,,,,,,,
,,415,,,,,,,,,,
,,406,,,,,,,,,,
,,385,,,,,,,,,,
,,347,,,,,,,,,,
,,348,,,,,,,,,,
,,255,,,,,,,,,,
,,272,,,,,,,,,,
,,273,,,,,,,,,,
,,202,,,,,,,,,,
,,283,,,,,,,,,,
,,260,,,,,,,,,,
,,226,,,,,,,,,,
,,333,,,,,,,,,,
,,338,,,,,,,,,,
,,337,,,,,,,,,,
,,335,,,,,,,,,,
,,401,,,,,,,,,,
,,455,,,,,,,,,,
,,466,,,,,,,,,,
,,461,,,,,,,,,,
,,337,,,,,,,,,,
,,337,,,,,,,,,,
,,333,,,,,,,,,,
,,263,,,,,,,,,,
,,262,,,,,,,,,,
,,387,,,,,,,,,,
,,362,,,,,,,,,,
,,348,,,,,,,,,,
,,305,,,,,,,,,,
,,358,,,,,,,,,,
,,273,,,,,,,,,,
,,283,,,,,,,,,,
,,287,,,,,,,,,,
,,276,,,,,,,,,,
,,250,,,,,,,,,,
,,252,,,,,,,,,,
,,338,,,,,,,,,,
,,339,,,,,,,,,,
,,278,,,,,,,,,,
,,227,,,,,,,,,,
,,453,,,,,,,,,,
,,455,,,,,,,,,,
,,444,,,,,,,,,,
,,444,,,,,,,,,,
,,389,,,,,,,,,,
,,279,,,,,,,,,,
,,280,,,,,,,,,,
,,254,,,,,,,,,,
,,1154,,,,,,,,,,
,,336,,,,,,,,,,
,,310,,,,,,,,,,
,,314,,,,,,,,,,
,,612,,,,,,,,,,
,,621,,,,,,,,,,
,,318,,,,,,,,,,
,,321,,,,,,,,,,
,,318,,,,,,,,,,
,,243,,,,,,,,,,
,,258,,,,,,,,,,
,,271,,,,,,,,,,
,,392,,,,,,,,,,
,,366,,,,,,,,,,
,,366,,,,,,,,,,
,,250,,,,,,,,,,
,,472,,,,,,,,,,
,,325,,,,,,,,,,
,,329,,,,,,,,,,
,,691,,,,,,,,,,
,,653,,,,,,,,,,
,,785,,,,,,,,,,
,,344,,,,,,,,,,
,,326,,,,,,,,,,
,,516,,,,,,,,,,
,,556,,,,,,,,,,
,,740,,,,,,,,,,
,,225,,,,,,,,,,
,,214,,,,,,,,,,
,,212,,,,,,,,,,
,,257,,,,,,,,,,
,,264,,,,,,,,,,
,,266,,,,,,,,,,
,,259,,,,,,,,,,
,,260,,,,,,,,,,
,,248,,,,,,,,,,
,,219,,,,,,,,,,
,,219,,,,,,,,,,
,,220,,,,,,,,,,
,,253,,,,,,,,,,
,,300,,,,,,,,,,
,,285,,,,,,,,,,
,,285,,,,,,,,,,
,,320,,,,,,,,,,
,,370,,,,,,,,,,
,,377,,,,,,,,,,
,,326,,,,,,,,,,
,,298,,,,,,,,,,
,,281,,,,,,,,,,
,,122,,,,,,,,,,
,,232,,,,,,,,,,
,,221,,,,,,,,,,
,,325,,,,,,,,,,
,,275,,,,,,,,,,
,,282,,,,,,,,,,
,,289,,,,,,,,,,
,,315,,,,,,,,,,
,,520,,,,,,,,,,
,,529,,,,,,,,,,
,,203,,,,,,,,,,
,,297,,,,,,,,,,
,,322,,,,,,,,,,
,,353,,,,,,,,,,
,,543,,,,,,,,,,
,,226,,,,,,,,,,
,,350,,,,,,,,,,
,,324,,,,,,,,,,
,,319,,,,,,,,,,
,,308,,,,,,,,,,
,,308,,,,,,,,,,
,,308,,,,,,,,,,
,,341,,,,,,,,,,
,,330,,,,,,,,,,
,,338,,,,,,,,,,
,,220,,,,,,,,,,
,,324,,,,,,,,,,
,,420,,,,,,,,,,
,,422,,,,,,,,,,
,,295,,,,,,,,,,
,,304,,,,,,,,,,
,,301,,,,,,,,,,
,,82,,,,,,,,,,
,,429,,,,,,,,,,
,,343,,,,,,,,,,
,,338,,,,,,,,,,
,,335,,,,,,,,,,
,,278,,,,,,,,,,
,,342,,,,,,,,,,
,,344,,,,,,,,,,
,,341,,,,,,,,,,
,,260,,,,,,,,,,
,,267,,,,,,,,,,
,,267,,,,,,,,,,
,,378,,,,,,,,,,
,,391,,,,,,,,,,
,,382,,,,,,,,,,
,,237,,,,,,,,,,
,,226,,,,,,,,,,
,,390,,,,,,,,,,
,,171,,,,,,,,,,
,,269,,,,,,,,,,
,,269,,,,,,,,,,
,,380,,,,,,,,,,
,,366,,,,,,,,,,
,,342,,,,,,,,,,
,,374,,,,,,,,,,
,,497,,,,,,,,,,
,,551,,,,,,,,,,
,,556,,,,,,,,,,
,,403,,,,,,,,,,
,,420,,,,,,,,,,
,,464,,,,,,,,,,
,,400,,,,,,,,,,
,,261,,,,,,,,,,
,,260,,,,,,,,,,
,,365,,,,,,,,,,
,,365,,,,,,,,,,
,,211,,,,,,,,,,
,,385,,,,,,,,,,
,,371,,,,,,,,,,
,,597,,,,,,,,,,
,,603,,,,,,,,,,
,,513,,,,,,,,,,
,,145,,,,,,,,,,
,,292,,,,,,,,,,
,,329,,,,,,,,,,
,,362,,,,,,,,,,
,,364,,,,,,,,,,
,,352,,,,,,,,,,
,,361,,,,,,,,,,
,,231,,,,,,,,,,
,,318,,,,,,,,,,
,,571,,,,,,,,,,
,,571,,,,,,,,,,
,,411,,,,,,,,,,
,,411,,,,,,,,,,
,,411,,,,,,,,,,
,,372,,,,,,,,,,
,,398,,,,,,,,,,
,,586,,,,,,,,,,
,,237,,,,,,,,,,
,,245,,,,,,,,,,
,,343,,,,,,,,,,
,,350,,,,,,,,,,
,,243,,,,,,,,,,
,,251,,,,,,,,,,
,,344,,,,,,,,,,
,,522,,,,,,,,,,
,,306,,,,,,,,,,
,,487,,,,,,,,,,
,,224,,,,,,,,,,
,,526,,,,,,,,,,
,,605,,,,,,,,,,
,,645,,,,,,,,,,
,,342,,,,,,,,,,
,,340,,,,,,,,,,
,,337,,,,,,,,,,
,,137,,,,,,,,,,
,,326,,,,,,,,,,
,,333,,,,,,,,,,
,,328,,,,,,,,,,
,,394,,,,,,,,,,
,,366,,,,,,,,,,
,,460,,,,,,,,,,
,,462,,,,,,,,,,
,,256,,,,,,,,,,
,,229,,,,,,,,,,
,,524,,,,,,,,,,
,,524,,,,,,,,,,
,,524,,,,,,,,,,
,,207,,,,,,,,,,
,,207,,,,,,,,,,
,,263,,,,,,,,,,
,,270,,,,,,,,,,
,,272,,,,,,,,,,
,,746,,,,,,,,,,
,,335,,,,,,,,,,
,,365,,,,,,,,,,
,,235,,,,,,,,,,
,,263,,,,,,,,,,
,,233,,,,,,,,,,
,,279,,,,,,,,,,
,,279,,,,,,,,,,
,,278,,,,,,,,,,
,,285,,,,,,,,,,
,,249,,,,,,,,,,
,,560,,,,,,,,,,
,,534,,,,,,,,,,
,,569,,,,,,,,,,
,,416,,,,,,,,,,
,,293,,,,,,,,,,
,,261,,,,,,,,,,
,,273,,,,,,,,,,
,,988,,,,,,,,,,
,,988,,,,,,,,,,
,,271,,,,,,,,,,
,,280,,,,,,,,,,
,,293,,,,,,,,,,
,,300,,,,,,,,,,
,,343,,,,,,,,,,
,,509,,,,,,,,,,
,,344,,,,,,,,,,
,,451,,,,,,,,,,
,,293,,,,,,,,,,
,,240,,,,,,,,,,
,,247,,,,,,,,,,
,,326,,,,,,,,,,
,,551,,,,,,,,,,
,,636,,,,,,,,,,
,,462,,,,,,,,,,
,,499,,,,,,,,,,
,,314,,,,,,,,,,
,,314,,,,,,,,,,
,,245,,,,,,,,,,
,,254,,,,,,,,,,
,,255,,,,,,,,,,
,,184,,,,,,,,,,
,,410,,,,,,,,,,
,,394,,,,,,,,,,
,,396,,,,,,,,,,
,,226,,,,,,,,,,
,,206,,,,,,,,,,
,,202,,,,,,,,,,
,,210,,,,,,,,,,
,,412,,,,,,,,,,
,,439,,,,,,,,,,
,,441,,,,,,,,,,
,,332,,,,,,,,,,
,,403,,,,,,,,,,
,,245,,,,,,,,,,
,,240,,,,,,,,,,
,,309,,,,,,,,,,
,,315,,,,,,,,,,
,,312,,,,,,,,,,
,,500,,,,,,,,,,
,,267,,,,,,,,,,
,,798,,,,,,,,,,
,,802,,,,,,,,,,
,,374,,,,,,,,,,
,,347,,,,,,,,,,
,,389,,,,,,,,,,
,,297,,,,,,,,,,
,,222,,,,,,,,,,
,,270,,,,,,,,,,
,,272,,,,,,,,,,
,,159,,,,,,,,,,
,,199,,,,,,,,,,
,,348,,,,,,,,,,
,,437,,,,,,,,,,
,,687,,,,,,,,,,
,,690,,,,,,,,,,
,,365,,,,,,,,,,
,,371,,,,,,,,,,
,,333,,,,,,,,,,
,,292,,,,,,,,,,
,,398,,,,,,,,,,
,,426,,,,,,,,,,
,,349,,,,,,,,,,
,,349,,,,,,,,,,
,,342,,,,,,,,,,
,,215,,,,,,,,,,
,,395,,,,,,,,,,
,,435,,,,,,,,,,
,,298,,,,,,,,,,
,,525,,,,,,,,,,
,,266,,,,,,,,,,
,,325,,,,,,,,,,
,,353,,,,,,,,,,
,,422,,,,,,,,,,
,,407,,,,,,,,,,
,,288,,,,,,,,,,
,,289,,,,,,,,,,
,,209,,,,,,,,,,
,,213,,,,,,,,,,
,,323,,,,,,,,,,
,,496,,,,,,,,,,
,,392,,,,,,,,,,
,,277,,,,,,,,,,
,,312,,,,,,,,,,
,,202,,,,,,,,,,
,,201,,,,,,,,,,
,,186,,,,,,,,,,
,,314,,,,,,,,,,
,,317,,,,,,,,,,
,,269,,,,,,,,,,
,,279,,,,,,,,,,
,,275,,,,,,,,,,
,,378,,,,,,,,,,
,,389,,,,,,,,,,
,,330,,,,,,,,,,
,,254,,,,,,,,,,
,,263,,,,,,,,,,
,,324,,,,,,,,,,
,,309,,,,,,,,,,
,,205,,,,,,,,,,
,,276,,,,,,,,,,
,,309,,,,,,,,,,
,,648,,,,,,,,,,
,,219,,,,,,,,,,
,,327,,,,,,,,,,
,,255,,,,,,,,,,
,,240,,,,,,,,,,
,,247,,,,,,,,,,
,,247,,,,,,,,,,
,,281,,,,,,,,,,
,,332,,,,,,,,,,
,,403,,,,,,,,,,
,,405,,,,,,,,,,
,,399,,,,,,,,,,
,,235,,,,,,,,,,
,,235,,,,,,,,,,
,,203,,,,,,,,,,
,,294,,,,,,,,,,
,,371,,,,,,,,,,
,,279,,,,,,,,,,
,,395,,,,,,,,,,
,,177,,,,,,,,,,
,,415,,,,,,,,,,
,,503,,,,,,,,,,
,,189,,,,,,,,,,
,,329,,,,,,,,,,
,,331,,,,,,,,,,
,,289,,,,,,,,,,
,,307,,,,,,,,,,
,,265,,,,,,,,,,
,,272,,,,,,,,,,
,,262,,,,,,,,,,
,,252,,,,,,,,,,
,,241,,,,,,,,,,
,,389,,,,,,,,,,
,,292,,,,,,,,,,
,,90,,,,,,,,,,
,,236,,,,,,,,,,
,,227,,,,,,,,,,
,,284,,,,,,,,,,
,,244,,,,,,,,,,
,,246,,,,,,,,,,
,,244,,,,,,,,,,
,,280,,,,,,,,,,
,,283,,,,,,,,,,
,,284,,,,,,,,,,
,,336,,,,,,,,,,
,,378,,,,,,,,,,
,,380,,,,,,,,,,
,,386,,,,,,,,,,
,,331,,,,,,,,,,
,,200,,,,,,,,,,
,,297,,,,,,,,,,
,,269,,,,,,,,,,
,,299,,,,,,,,,,
,,310,,,,,,,,,,
,,305,,,,,,,,,,
,,278,,,,,,,,,,
,,299,,,,,,,,,,
,,325,,,,,,,,,,
,,400,,,,,,,,,,
,,367,,,,,,,,,,
,,329,,,,,,,,,,
,,335,,,,,,,,,,
,,395,,,,,,,,,,
,,362,,,,,,,,,,
,,291,,,,,,,,,,
,,297,,,,,,,,,,
,,372,,,,,,,,,,
,,224,,,,,,,,,,
,,229,,,,,,,,,,
,,267,,,,,,,,,,
,,269,,,,,,,,,,
,,274,,,,,,,,,,
,,430,,,,,,,,,,
,,248,,,,,,,,,,
,,348,,,,,,,,,,
,,467,,,,,,,,,,
,,663,,,,,,,,,,
,,666,,,,,,,,,,
,,227,,,,,,,,,,
,,271,,,,,,,,,,
,,273,,,,,,,,,,
,,432,,,,,,,,,,
,,461,,,,,,,,,,
,,461,,,,,,,,,,
,,513,,,,,,,,,,
,,520,,,,,,,,,,
,,292,,,,,,,,,,
,,268,,,,,,,,,,
,,301,,,,,,,,,,
,,301,,,,,,,,,,
,,268,,,,,,,,,,
,,423,,,,,,,,,,
,,434,,,,,,,,,,
,,314,,,,,,,,,,
,,317,,,,,,,,,,
,,321,,,,,,,,,,
,,330,,,,,,,,,,
,,205,,,,,,,,,,
,,307,,,,,,,,,,
,,279,,,,,,,,,,
,,245,,,,,,,,,,
,,413,,,,,,,,,,
,,351,,,,,,,,,,
,,413,,,,,,,,,,
,,238,,,,,,,,,,
,,265,,,,,,,,,,
,,271,,,,,,,,,,
,,329,,,,,,,,,,
,,309,,,,,,,,,,
,,261,,,,,,,,,,
,,263,,,,,,,,,,
,,241,,,,,,,,,,
,,307,,,,,,,,,,
,,359,,,,,,,,,,
,,368,,,,,,,,,,
,,455,,,,,,,,,,
,,247,,,,,,,,,,
,,387,,,,,,,,,,
,,445,,,,,,,,,,
,,436,,,,,,,,,,
,,267,,,,,,,,,,
,,275,,,,,,,,,,
,,271,,,,,,,,,,
,,191,,,,,,,,,,
,,517,,,,,,,,,,
,,551,,,,,,,,,,
,,263,,,,,,,,,,
,,268,,,,,,,,,,
,,244,,,,,,,,,,
,,256,,,,,,,,,,
,,261,,,,,,,,,,
,,534,,,,,,,,,,
,,514,,,,,,,,,,
,,240,,,,,,,,,,
,,195,,,,,,,,,,
,,247,,,,,,,,,,
,,381,,,,,,,,,,
,,383,,,,,,,,,,
,,377,,,,,,,,,,
,,223,,,,,,,,,,
,,303,,,,,,,,,,
,,302,,,,,,,,,,
,,331,,,,,,,,,,
,,253,,,,,,,,,,
,,264,,,,,,,,,,
,,264,,,,,,,,,,
,,224,,,,,,,,,,
,,231,,,,,,,,,,
,,232,,,,,,,,,,
,,300,,,,,,,,,,
,,278,,,,,,,,,,
,,285,,,,,,,,,,
,,501,,,,,,,,,,
,,501,,,,,,,,,,
,,387,,,,,,,,,,
,,319,,,,,,,,,,
,,322,,,,,,,,,,
,,418,,,,,,,,,,
,,304,,,,,,,,,,
,,314,,,,,,,,,,
,,297,,,,,,,,,,
,,213,,,,,,,,,,
,,323,,,,,,,,,,
,,332,,,,,,,,,,
,,310,,,,,,,,,,
,,322,,,,,,,,,,
,,322,,,,,,,,,,
,,270,,,,,,,,,,
,,298,,,,,,,,,,
,,362,,,,,,,,,,
,,345,,,,,,,,,,
,,347,,,,,,,,,,
,,253,,,,,,,,,,
,,272,,,,,,,,,,
,,297,,,,,,,,,,
,,400,,,,,,,,,,
,,241,,,,,,,,,,
,,247,,,,,,,,,,
,,391,,,,,,,,,,
,,393,,,,,,,,,,
,,346,,,,,,,,,,
,,335,,,,,,,,,,
,,461,,,,,,,,,,
,,426,,,,,,,,,,
,,275,,,,,,,,,,
,,242,,,,,,,,,,
,,250,,,,,,,,,,
,,404,,,,,,,,,,
,,281,,,,,,,,,,
,,260,,,,,,,,,,
,,266,,,,,,,,,,
,,367,,,,,,,,,,
,,234,,,,,,,,,,
,,407,,,,,,,,,,
,,273,,,,,,,,,,
,,281,,,,,,,,,,
,,274,,,,,,,,,,
,,526,,,,,,,,,,
,,320,,,,,,,,,,
,,656,,,,,,,,,,
,,551,,,,,,,,,,
,,246,,,,,,,,,,
,,253,,,,,,,,,,
,,240,,,,,,,,,,
,,311,,,,,,,,,,
,,369,,,,,,,,,,
,,364,,,,,,,,,,
,,249,,,,,,,,,,
,,255,,,,,,,,,,
,,255,,,,,,,,,,
,,472,,,,,,,,,,
,,489,,,,,,,,,,
,,335,,,,,,,,,,
,,540,,,,,,,,,,
,,578,,,,,,,,,,
,,284,,,,,,,,,,
,,290,,,,,,,,,,
,,460,,,,,,,,,,
,,438,,,,,,,,,,
,,593,,,,,,,,,,
,,472,,,,,,,,,,
,,472,,,,,,,,,,
,,470,,,,,,,,,,
,,567,,,,,,,,,,
,,1014,,,,,,,,,,
,,465,,,,,,,,,,
,,205,,,,,,,,,,
,,355,,,,,,,,,,
,,274,,,,,,,,,,
,,245,,,,,,,,,,
,,241,,,,,,,,,,
,,296,,,,,,,,,,
,,296,,,,,,,,,,
,,296,,,,,,,,,,
,,288,,,,,,,,,,
,,495,,,,,,,,,,
,,430,,,,,,,,,,
,,282,,,,,,,,,,
,,256,,,,,,,,,,
,,265,,,,,,,,,,
,,266,,,,,,,,,,
,,269,,,,,,,,,,
,,265,,,,,,,,,,
,,384,,,,,,,,,,
,,368,,,,,,,,,,
,,274,,,,,,,,,,
,,280,,,,,,,,,,
,,284,,,,,,,,,,
,,292,,,,,,,,,,
,,270,,,,,,,,,,
,,315,,,,,,,,,,
,,685,,,,,,,,,,
,,685,,,,,,,,,,
,,375,,,,,,,,,,
,,219,,,,,,,,,,
,,240,,,,,,,,,,
,,311,,,,,,,,,,
,,419,,,,,,,,,,
,,256,,,,,,,,,,
,,247,,,,,,,,,,
,,162,,,,,,,,,,
,,279,,,,,,,,,,
,,274,,,,,,,,,,
,,334,,,,,,,,,,
,,344,,,,,,,,,,
,,340,,,,,,,,,,
,,387,,,,,,,,,,
,,357,,,,,,,,,,
,,330,,,,,,,,,,
,,334,,,,,,,,,,
,,321,,,,,,,,,,
,,305,,,,,,,,,,
,,295,,,,,,,,,,
,,472,,,,,,,,,,
,,432,,,,,,,,,,
,,426,,,,,,,,,,
,,407,,,,,,,,,,
,,232,,,,,,,,,,
,,219,,,,,,,,,,
,,269,,,,,,,,,,
,,263,,,,,,,,,,
,,284,,,,,,,,,,
,,274,,,,,,,,,,
,,215,,,,,,,,,,
,,297,,,,,,,,,,
,,298,,,,,,,,,,
,,330,,,,,,,,,,
,,288,,,,,,,,,,
,,289,,,,,,,,,,
,,580,,,,,,,,,,
,,219,,,,,,,,,,
,,231,,,,,,,,,,
,,407,,,,,,,,,,
,,435,,,,,,,,,,
,,398,,,,,,,,,,
,,217,,,,,,,,,,
,,329,,,,,,,,,,
,,474,,,,,,,,,,
,,326,,,,,,,,,,
,,198,,,,,,,,,,
,,347,,,,,,,,,,
,,389,,,,,,,,,,
,,678,,,,,,,,,,
,,678,,,,,,,,,,
,,282,,,,,,,,,,
,,417,,,,,,,,,,
,,325,,,,,,,,,,
,,326,,,,,,,,,,
,,338,,,,,,,,,,
,,422,,,,,,,,,,
,,263,,,,,,,,,,
,,275,,,,,,,,,,
,,436,,,,,,,,,,
,,488,,,,,,,,,,
,,505,,,,,,,,,,
,,369,,,,,,,,,,
,,373,,,,,,,,,,
,,353,,,,,,,,,,
,,267,,,,,,,,,,
,,466,,,,,,,,,,
,,471,,,,,,,,,,
,,357,,,,,,,,,,
,,381,,,,,,,,,,
,,362,,,,,,,,,,
,,265,,,,,,,,,,
,,269,,,,,,,,,,
,,204,,,,,,,,,,
,,288,,,,,,,,,,
,,204,,,,,,,,,,
,,198,,,,,,,,,,
,,221,,,,,,,,,,
,,211,,,,,,,,,,
,,212,,,,,,,,,,
,,300,,,,,,,,,,
,,306,,,,,,,,,,
,,296,,,,,,,,,,
,,331,,,,,,,,,,
,,280,,,,,,,,,,
,,286,,,,,,,,,,
,,251,,,,,,,,,,
,,311,,,,,,,,,,
,,688,,,,,,,,,,
,,695,,,,,,,,,,
,,245,,,,,,,,,,
,,231,,,,,,,,,,
,,224,,,,,,,,,,
,,323,,,,,,,,,,
,,327,,,,,,,,,,
,,277,,,,,,,,,,
,,275,,,,,,,,,,
,,265,,,,,,,,,,
,,252,,,,,,,,,,
,,192,,,,,,,,,,
,,197,,,,,,,,,,
,,264,,,,,,,,,,
,,270,,,,,,,,,,
,,271,,,,,,,,,,
,,261,,,,,,,,,,
,,519,,,,,,,,,,
,,519,,,,,,,,,,
,,387,,,,,,,,,,
,,716,,,,,,,,,,
,,730,,,,,,,,,,
,,229,,,,,,,,,,
,,232,,,,,,,,,,
,,217,,,,,,,,,,
,,437,,,,,,,,,,
,,436,,,,,,,,,,
,,277,,,,,,,,,,
,,279,,,,,,,,,,
,,271,,,,,,,,,,
,,493,,,,,,,,,,
,,304,,,,,,,,,,
,,299,,,,,,,,,,
,,287,,,,,,,,,,
,,265,,,,,,,,,,
,,310,,,,,,,,,,
,,314,,,,,,,,,,
,,314,,,,,,,,,,
,,563,,,,,,,,,,
,,268,,,,,,,,,,
,,271,,,,,,,,,,
,,256,,,,,,,,,,
,,298,,,,,,,,,,
,,91,,,,,,,,,,
,,264,,,,,,,,,,
,,264,,,,,,,,,,
,,292,,,,,,,,,,
,,296,,,,,,,,,,
,,284,,,,,,,,,,
,,463,,,,,,,,,,
,,463,,,,,,,,,,
,,375,,,,,,,,,,
,,288,,,,,,,,,,
,,367,,,,,,,,,,
,,460,,,,,,,,,,
,,352,,,,,,,,,,
,,350,,,,,,,,,,
,,239,,,,,,,,,,
,,244,,,,,,,,,,
,,213,,,,,,,,,,
,,390,,,,,,,,,,
,,377,,,,,,,,,,
,,369,,,,,,,,,,
,,353,,,,,,,,,,
,,247,,,,,,,,,,
,,366,,,,,,,,,,
,,371,,,,,,,,,,
,,366,,,,,,,,,,
,,362,,,,,,,,,,
,,651,,,,,,,,,,
,,674,,,,,,,,,,
,,268,,,,,,,,,,
,,460,,,,,,,,,,
,,478,,,,,,,,,,
,,347,,,,,,,,,,
,,349,,,,,,,,,,
,,562,,,,,,,,,,
,,568,,,,,,,,,,
,,273,,,,,,,,,,
,,274,,,,,,,,,,
,,367,,,,,,,,,,
,,371,,,,,,,,,,
,,279,,,,,,,,,,
,,251,,,,,,,,,,
,,303,,,,,,,,,,
,,310,,,,,,,,,,
,,283,,,,,,,,,,
,,292,,,,,,,,,,
,,297,,,,,,,,,,
,,327,,,,,,,,,,
,,322,,,,,,,,,,
,,242,,,,,,,,,,
,,247,,,,,,,,,,
,,256,,,,,,,,,,
,,257,,,,,,,,,,
,,266,,,,,,,,,,
,,283,,,,,,,,,,
,,520,,,,,,,,,,
,,373,,,,,,,,,,
,,382,,,,,,,,,,
,,378,,,,,,,,,,
,,1049,,,,,,,,,,
,,1055,,,,,,,,,,
,,311,,,,,,,,,,
,,298,,,,,,,,,,
,,224,,,,,,,,,,
,,333,,,,,,,,,,
,,335,,,,,,,,,,
,,392,,,,,,,,,,
,,669,,,,,,,,,,
,,392,,,,,,,,,,
,,280,,,,,,,,,,
,,284,,,,,,,,,,
,,282,,,,,,,,,,
,,382,,,,,,,,,,
,,333,,,,,,,,,,
,,413,,,,,,,,,,
,,667,,,,,,,,,,
,,529,,,,,,,,,,
,,563,,,,,,,,,,
,,326,,,,,,,,,,
,,85,,,,,,,,,,
,,246,,,,,,,,,,
,,234,,,,,,,,,,
,,252,,,,,,,,,,
,,241,,,,,,,,,,
,,247,,,,,,,,,,
,,443,,,,,,,,,,
,,447,,,,,,,,,,
,,129,,,,,,,,,,
,,408,,,,,,,,,,
,,62,,,,,,,,,,
,,292,,,,,,,,,,
,,298,,,,,,,,,,
,,305,,,,,,,,,,
,,307,,,,,,,,,,
,,542,,,,,,,,,,
,,381,,,,,,,,,,
,,685,,,,,,,,,,
,,308,,,,,,,,,,
,,315,,,,,,,,,,
,,438,,,,,,,,,,
,,176,,,,,,,,,,
,,262,,,,,,,,,,
,,274,,,,,,,,,,
,,296,,,,,,,,,,
,,237,,,,,,,,,,
,,667,,,,,,,,,,
,,204,,,,,,,,,,
,,264,,,,,,,,,,
,,278,,,,,,,,,,
,,322,,,,,,,,,,
,,322,,,,,,,,,,
,,320,,,,,,,,,,
,,282,,,,,,,,,,
,,273,,,,,,,,,,
,,265,,,,,,,,,,
,,440,,,,,,,,,,
,,387,,,,,,,,,,
,,274,,,,,,,,,,
,,281,,,,,,,,,,
,,282,,,,,,,,,,
,,310,,,,,,,,,,
,,237,,,,,,,,,,
,,265,,,,,,,,,,
,,267,,,,,,,,,,
,,302,,,,,,,,,,
,,309,,,,,,,,,,
,,320,,,,,,,,,,
,,305,,,,,,,,,,
,,246,,,,,,,,,,
,,424,,,,,,,,,,
,,403,,,,,,,,,,
,,245,,,,,,,,,,
,,254,,,,,,,,,,
,,251,,,,,,,,,,
,,131,,,,,,,,,,
,,283,,,,,,,,,,
,,306,,,,,,,,,,
,,337,,,,,,,,,,
,,513,,,,,,,,,,
,,241,,,,,,,,,,
,,345,,,,,,,,,,
,,279,,,,,,,,,,
,,286,,,,,,,,,,
,,279,,,,,,,,,,
,,403,,,,,,,,,,
,,370,,,,,,,,,,
,,255,,,,,,,,,,
,,254,,,,,,,,,,
,,252,,,,,,,,,,
,,649,,,,,,,,,,
,,649,,,,,,,,,,
,,219,,,,,,,,,,
,,222,,,,,,,,,,
,,237,,,,,,,,,,
,,465,,,,,,,,,,
,,275,,,,,,,,,,
,,275,,,,,,,,,,
,,279,,,,,,,,,,
,,285,,,,,,,,,,
,,1168,,,,,,,,,,
,,264,,,,,,,,,,
,,260,,,,,,,,,,
,,258,,,,,,,,,,
,,474,,,,,,,,,,
,,443,,,,,,,,,,
,,207,,,,,,,,,,
,,342,,,,,,,,,,
,,342,,,,,,,,,,
,,241,,,,,,,,,,
,,247,,,,,,,,,,
,,234,,,,,,,,,,
,,298,,,,,,,,,,
,,333,,,,,,,,,,
,,384,,,,,,,,,,
,,381,,,,,,,,,,
,,259,,,,,,,,,,
,,277,,,,,,,,,,
,,300,,,,,,,,,,
,,248,,,,,,,,,,
,,350,,,,,,,,,,
,,280,,,,,,,,,,
,,383,,,,,,,,,,
,,337,,,,,,,,,,
,,337,,,,,,,,,,
,,332,,,,,,,,,,
,,472,,,,,,,,,,
,,442,,,,,,,,,,
,,794,,,,,,,,,,
,,706,,,,,,,,,,
,,692,,,,,,,,,,
,,401,,,,,,,,,,
,,401,,,,,,,,,,
,,401,,,,,,,,,,
,,346,,,,,,,,,,
,,346,,,,,,,,,,
,,350,,,,,,,,,,
,,289,,,,,,,,,,
,,305,,,,,,,,,,
,,304,,,,,,,,,,
,,304,,,,,,,,,,
,,303,,,,,,,,,,
,,440,,,,,,,,,,
,,445,,,,,,,,,,
,,192,,,,,,,,,,
,,380,,,,,,,,,,
,,381,,,,,,,,,,
,,174,,,,,,,,,,
,,380,,,,,,,,,,
,,365,,,,,,,,,,
,,350,,,,,,,,,,
,,340,,,,,,,,,,
,,337,,,,,,,,,,
,,244,,,,,,,,,,
,,334,,,,,,,,,,
,,474,,,,,,,,,,
,,235,,,,,,,,,,
,,241,,,,,,,,,,
,,238,,,,,,,,,,
,,288,,,,,,,,,,
,,193,,,,,,,,,,
,,266,,,,,,,,,,
,,262,,,,,,,,,,
,,259,,,,,,,,,,
,,310,,,,,,,,,,
,,318,,,,,,,,,,
,,291,,,,,,,,,,
,,262,,,,,,,,,,
,,263,,,,,,,,,,
,,230,,,,,,,,,,
,,248,,,,,,,,,,
,,466,,,,,,,,,,
,,441,,,,,,,,,,
,,450,,,,,,,,,,
,,452,,,,,,,,,,
,,249,,,,,,,,,,
,,257,,,,,,,,,,
,,253,,,,,,,,,,
,,364,,,,,,,,,,
,,204,,,,,,,,,,
,,204,,,,,,,,,,
,,139,,,,,,,,,,
,,247,,,,,,,,,,
,,310,,,,,,,,,,
,,372,,,,,,,,,,
,,228,,,,,,,,,,
,,141,,,,,,,,,,
,,519,,,,,,,,,,
,,358,,,,,,,,,,
,,290,,,,,,,,,,
,,189,,,,,,,,,,
,,320,,,,,,,,,,
,,331,,,,,,,,,,
,,240,,,,,,,,,,
,,593,,,,,,,,,,
,,245,,,,,,,,,,
,,323,,,,,,,,,,
,,343,,,,,,,,,,
,,1152,,,,,,,,,,
,,1328,,,,,,,,,,
,,241,,,,,,,,,,
,,747,,,,,,,,,,
,,432,,,,,,,,,,
,,439,,,,,,,,,,
,,274,,,,,,,,,,
,,281,,,,,,,,,,
,,302,,,,,,,,,,
,,310,,,,,,,,,,
,,307,,,,,,,,,,
,,306,,,,,,,,,,
,,322,,,,,,,,,,
,,299,,,,,,,,,,
,,338,,,,,,,,,,
,,321,,,,,,,,,,
,,321,,,,,,,,,,
,,382,,,,,,,,,,
,,666,,,,,,,,,,
,,329,,,,,,,,,,
,,217,,,,,,,,,,
,,220,,,,,,,,,,
,,212,,,,,,,,,,
,,276,,,,,,,,,,
,,322,,,,,,,,,,
,,352,,,,,,,,,,
,,288,,,,,,,,,,
,,250,,,,,,,,,,
,,282,,,,,,,,,,
,,667,,,,,,,,,,
,,667,,,,,,,,,,
,,677,,,,,,,,,,
,,265,,,,,,,,,,
,,268,,,,,,,,,,
,,273,,,,,,,,,,
,,209,,,,,,,,,,
,,240,,,,,,,,,,
,,249,,,,,,,,,,
,,253,,,,,,,,,,
,,255,,,,,,,,,,
,,252,,,,,,,,,,
,,379,,,,,,,,,,
,,325,,,,,,,,,,
,,325,,,,,,,,,,
,,325,,,,,,,,,,
,,254,,,,,,,,,,
,,325,,,,,,,,,,
,,332,,,,,,,,,,
,,345,,,,,,,,,,
,,257,,,,,,,,,,
,,264,,,,,,,,,,
,,262,,,,,,,,,,
,,437,,,,,,,,,,
,,227,,,,,,,,,,
,,321,,,,,,,,,,
,,321,,,,,,,,,,
,,321,,,,,,,,,,
,,364,,,,,,,,,,
,,375,,,,,,,,,,
,,375,,,,,,,,,,
,,279,,,,,,,,,,
,,445,,,,,,,,,,
,,455,,,,,,,,,,
,,350,,,,,,,,,,
,,381,,,,,,,,,,
,,357,,,,,,,,,,
,,332,,,,,,,,,,
,,227,,,,,,,,,,
,,450,,,,,,,,,,
,,430,,,,,,,,,,
,,196,,,,,,,,,,
,,345,,,,,,,,,,
,,330,,,,,,,,,,
,,545,,,,,,,,,,
,,239,,,,,,,,,,
,,201,,,,,,,,,,
,,206,,,,,,,,,,
,,549,,,,,,,,,,
,,532,,,,,,,,,,
,,246,,,,,,,,,,
,,241,,,,,,,,,,
,,302,,,,,,,,,,
,,288,,,,,,,,,,
,,297,,,,,,,,,,
,,279,,,,,,,,,,
,,285,,,,,,,,,,
,,282,,,,,,,,,,
,,351,,,,,,,,,,
,,358,,,,,,,,,,
,,355,,,,,,,,,,
,,245,,,,,,,,,,
,,624,,,,,,,,,,
,,361,,,,,,,,,,
,,370,,,,,,,,,,
,,280,,,,,,,,,,
,,533,,,,,,,,,,
,,276,,,,,,,,,,
,,276,,,,,,,,,,
,,209,,,,,,,,,,
,,215,,,,,,,,,,
,,288,,,,,,,,,,
,,279,,,,,,,,,,
,,333,,,,,,,,,,
,,577,,,,,,,,,,
,,589,,,,,,,,,,
,,250,,,,,,,,,,
,,253,,,,,,,,,,
,,260,,,,,,,,,,
,,291,,,,,,,,,,
,,317,,,,,,,,,,
,,320,,,,,,,,,,
,,318,,,,,,,,,,
,,595,,,,,,,,,,
,,312,,,,,,,,,,
,,580,,,,,,,,,,
,,580,,,,,,,,,,
,,409,,,,,,,,,,
,,446,,,,,,,,,,
,,349,,,,,,,,,,
,,357,,,,,,,,,,
,,276,,,,,,,,,,
,,232,,,,,,,,,,
,,331,,,,,,,,,,
,,669,,,,,,,,,,
,,536,,,,,,,,,,
,,234,,,,,,,,,,
,,252,,,,,,,,,,
,,278,,,,,,,,,,
,,193,,,,,,,,,,
,,185,,,,,,,,,,
,,177,,,,,,,,,,
,,428,,,,,,,,,,
,,352,,,,,,,,,,
,,264,,,,,,,,,,
,,269,,,,,,,,,,
,,270,,,,,,,,,,
,,372,,,,,,,,,,
,,398,,,,,,,,,,
,,155,,,,,,,,,,
,,539,,,,,,,,,,
,,514,,,,,,,,,,
,,494,,,,,,,,,,
,,479,,,,,,,,,,
,,404,,,,,,,,,,
,,375,,,,,,,,,,
,,392,,,,,,,,,,
,,265,,,,,,,,,,
,,267,,,,,,,,,,
,,463,,,,,,,,,,
,,475,,,,,,,,,,
,,287,,,,,,,,,,
,,294,,,,,,,,,,
,,515,,,,,,,,,,
,,476,,,,,,,,,,
,,471,,,,,,,,,,
,,288,,,,,,,,,,
,,295,,,,,,,,,,
,,297,,,,,,,,,,
,,535,,,,,,,,,,
,,261,,,,,,,,,,
,,269,,,,,,,,,,
,,237,,,,,,,,,,
,,240,,,,,,,,,,
,,240,,,,,,,,,,
,,238,,,,,,,,,,
,,242,,,,,,,,,,
,,251,,,,,,,,,,
,,219,,,,,,,,,,
,,143,,,,,,,,,,
,,230,,,,,,,,,,
,,181,,,,,,,,,,
,,293,,,,,,,,,,
,,376,,,,,,,,,,
,,363,,,,,,,,,,
,,349,,,,,,,,,,
,,358,,,,,,,,,,
,,519,,,,,,,,,,
,,232,,,,,,,,,,
,,234,,,,,,,,,,
,,242,,,,,,,,,,
,,236,,,,,,,,,,
,,232,,,,,,,,,,
,,308,,,,,,,,,,
,,245,,,,,,,,,,
,,420,,,,,,,,,,
,,357,,,,,,,,,,
,,684,,,,,,,,,,
,,263,,,,,,,,,,
,,258,,,,,,,,,,
,,313,,,,,,,,,,
,,327,,,,,,,,,,
,,427,,,,,,,,,,
,,431,,,,,,,,,,
,,337,,,,,,,,,,
,,560,,,,,,,,,,
,,560,,,,,,,,,,
,,314,,,,,,,,,,
,,269,,,,,,,,,,
,,521,,,,,,,,,,
,,521,,,,,,,,,,
,,479,,,,,,,,,,
,,439,,,,,,,,,,
,,231,,,,,,,,,,
,,312,,,,,,,,,,
,,257,,,,,,,,,,
,,257,,,,,,,,,,
,,502,,,,,,,,,,
,,509,,,,,,,,,,
,,520,,,,,,,,,,
,,265,,,,,,,,,,
,,272,,,,,,,,,,
,,268,,,,,,,,,,
,,527,,,,,,,,,,
,,215,,,,,,,,,,
,,420,,,,,,,,,,
,,579,,,,,,,,,,
,,420,,,,,,,,,,
,,420,,,,,,,,,,
,,420,,,,,,,,,,
,,353,,,,,,,,,,
,,353,,,,,,,,,,
,,427,,,,,,,,,,
,,504,,,,,,,,,,
,,124,,,,,,,,,,
,,447,,,,,,,,,,
,,343,,,,,,,,,,
,,354,,,,,,,,,,
,,350,,,,,,,,,,
,,338,,,,,,,,,,
,,244,,,,,,,,,,
,,253,,,,,,,,,,
,,251,,,,,,,,,,
,,322,,,,,,,,,,
,,237,,,,,,,,,,
,,233,,,,,,,,,,
,,257,,,,,,,,,,
,,489,,,,,,,,,,
,,258,,,,,,,,,,
,,1187,,,,,,,,,,
,,304,,,,,,,,,,
,,294,,,,,,,,,,
,,307,,,,,,,,,,
,,316,,,,,,,,,,
,,339,,,,,,,,,,
,,506,,,,,,,,,,
,,524,,,,,,,,,,
,,312,,,,,,,,,,
,,301,,,,,,,,,,
,,270,,,,,,,,,,
,,290,,,,,,,,,,
,,297,,,,,,,,,,
,,265,,,,,,,,,,
,,271,,,,,,,,,,
,,329,,,,,,,,,,
,,302,,,,,,,,,,
,,279,,,,,,,,,,
,,604,,,,,,,,,,
,,392,,,,,,,,,,
,,400,,,,,,,,,,
,,394,,,,,,,,,,
,,404,,,,,,,,,,
,,418,,,,,,,,,,
,,485,,,,,,,,,,
,,495,,,,,,,,,,
,,495,,,,,,,,,,
,,301,,,,,,,,,,
,,370,,,,,,,,,,
,,398,,,,,,,,,,
,,356,,,,,,,,,,
,,365,,,,,,,,,,
,,1104,,,,,,,,,,
,,1104,,,,,,,,,,
,,367,,,,,,,,,,
,,438,,,,,,,,,,
,,440,,,,,,,,,,
,,305,,,,,,,,,,
,,223,,,,,,,,,,
,,228,,,,,,,,,,
,,337,,,,,,,,,,
,,341,,,,,,,,,,
,,336,,,,,,,,,,
,,411,,,,,,,,,,
,,419,,,,,,,,,,
,,361,,,,,,,,,,
,,364,,,,,,,,,,
,,342,,,,,,,,,,
,,472,,,,,,,,,,
,,466,,,,,,,,,,
,,434,,,,,,,,,,
,,382,,,,,,,,,,
,,458,,,,,,,,,,
,,417,,,,,,,,,,
,,399,,,,,,,,,,
,,435,,,,,,,,,,
,,348,,,,,,,,,,
,,348,,,,,,,,,,
,,289,,,,,,,,,,
,,449,,,,,,,,,,
,,215,,,,,,,,,,
,,351,,,,,,,,,,
,,354,,,,,,,,,,
,,259,,,,,,,,,,
,,215,,,,,,,,,,
,,219,,,,,,,,,,
,,257,,,,,,,,,,
,,222,,,,,,,,,,
,,230,,,,,,,,,,
,,413,,,,,,,,,,
,,404,,,,,,,,,,
,,449,,,,,,,,,,
,,163,,,,,,,,,,
,,244,,,,,,,,,,
,,351,,,,,,,,,,
,,358,,,,,,,,,,
,,316,,,,,,,,,,
,,312,,,,,,,,,,
,,322,,,,,,,,,,
,,328,,,,,,,,,,
,,390,,,,,,,,,,
,,395,,,,,,,,,,
,,327,,,,,,,,,,
,,632,,,,,,,,,,
,,541,,,,,,,,,,
,,269,,,,,,,,,,
,,252,,,,,,,,,,
,,242,,,,,,,,,,
,,390,,,,,,,,,,
,,394,,,,,,,,,,
,,308,,,,,,,,,,
,,248,,,,,,,,,,
,,272,,,,,,,,,,
,,272,,,,,,,,,,
,,393,,,,,,,,,,
,,362,,,,,,,,,,
,,296,,,,,,,,,,
,,299,,,,,,,,,,
,,371,,,,,,,,,,
,,278,,,,,,,,,,
,,262,,,,,,,,,,
,,361,,,,,,,,,,
,,476,,,,,,,,,,
,,393,,,,,,,,,,
,,490,,,,,,,,,,
,,446,,,,,,,,,,
,,327,,,,,,,,,,
,,319,,,,,,,,,,
,,307,,,,,,,,,,
,,274,,,,,,,,,,
,,266,,,,,,,,,,
,,667,,,,,,,,,,
,,579,,,,,,,,,,
,,559,,,,,,,,,,
,,350,,,,,,,,,,
,,300,,,,,,,,,,
,,303,,,,,,,,,,
,,215,,,,,,,,,,
,,216,,,,,,,,,,
,,213,,,,,,,,,,
,,482,,,,,,,,,,
,,474,,,,,,,,,,
,,247,,,,,,,,,,
,,457,,,,,,,,,,
,,566,,,,,,,,,,
,,293,,,,,,,,,,
,,423,,,,,,,,,,
,,423,,,,,,,,,,
,,403,,,,,,,,,,
,,415,,,,,,,,,,
,,417,,,,,,,,,,
,,388,,,,,,,,,,
,,819,,,,,,,,,,
,,554,,,,,,,,,,
,,596,,,,,,,,,,
,,715,,,,,,,,,,
,,251,,,,,,,,,,
,,252,,,,,,,,,,
,,255,,,,,,,,,,
,,269,,,,,,,,,,
,,288,,,,,,,,,,
,,283,,,,,,,,,,
,,298,,,,,,,,,,
,,300,,,,,,,,,,
,,394,,,,,,,,,,
,,126,,,,,,,,,,
,,295,,,,,,,,,,
,,297,,,,,,,,,,
,,360,,,,,,,,,,
,,351,,,,,,,,,,
,,315,,,,,,,,,,
,,325,,,,,,,,,,
,,325,,,,,,,,,,
,,318,,,,,,,,,,
,,321,,,,,,,,,,
,,204,,,,,,,,,,
,,210,,,,,,,,,,
,,214,,,,,,,,,,
,,316,,,,,,,,,,
,,319,,,,,,,,,,
,,410,,,,,,,,,,
,,414,,,,,,,,,,
,,401,,,,,,,,,,
,,237,,,,,,,,,,
,,232,,,,,,,,,,
,,220,,,,,,,,,,
,,226,,,,,,,,,,
,,232,,,,,,,,,,
,,503,,,,,,,,,,
,,458,,,,,,,,,,
,,429,,,,,,,,,,
,,498,,,,,,,,,,
,,560,,,,,,,,,,
,,462,,,,,,,,,,
,,434,,,,,,,,,,
,,430,,,,,,,,,,
,,247,,,,,,,,,,
,,193,,,,,,,,,,
,,256,,,,,,,,,,
,,250,,,,,,,,,,
,,321,,,,,,,,,,
,,478,,,,,,,,,,
,,323,,,,,,,,,,
,,304,,,,,,,,,,
,,226,,,,,,,,,,
,,380,,,,,,,,,,
,,317,,,,,,,,,,
,,277,,,,,,,,,,
,,434,,,,,,,,,,
,,406,,,,,,,,,,
,,279,,,,,,,,,,
,,320,,,,,,,,,,
,,316,,,,,,,,,,
,,446,,,,,,,,,,
,,415,,,,,,,,,,
,,216,,,,,,,,,,
,,416,,,,,,,,,,
,,370,,,,,,,,,,
,,262,,,,,,,,,,
,,267,,,,,,,,,,
,,263,,,,,,,,,,
,,251,,,,,,,,,,
,,358,,,,,,,,,,
,,902,,,,,,,,,,
,,1011,,,,,,,,,,
,,1046,,,,,,,,,,
,,308,,,,,,,,,,
,,300,,,,,,,,,,
,,301,,,,,,,,,,
,,337,,,,,,,,,,
,,337,,,,,,,,,,
,,199,,,,,,,,,,
,,251,,,,,,,,,,
,,571,,,,,,,,,,
,,578,,,,,,,,,,
,,610,,,,,,,,,,
,,569,,,,,,,,,,
,,418,,,,,,,,,,
,,418,,,,,,,,,,
,,907,,,,,,,,,,
,,362,,,,,,,,,,
,,371,,,,,,,,,,
,,199,,,,,,,,,,
,,202,,,,,,,,,,
,,207,,,,,,,,,,
,,484,,,,,,,,,,
,,353,,,,,,,,,,
,,378,,,,,,,,,,
,,252,,,,,,,,,,
,,253,,,,,,,,,,
,,253,,,,,,,,,,
,,416,,,,,,,,,,
,,425,,,,,,,,,,
,,493,,,,,,,,,,
,,503,,,,,,,,,,
,,404,,,,,,,,,,
,,417,,,,,,,,,,
,,345,,,,,,,,,,
,,317,,,,,,,,,,
,,298,,,,,,,,,,
,,419,,,,,,,,,,
,,421,,,,,,,,,,
,,421,,,,,,,,,,
,,485,,,,,,,,,,
,,485,,,,,,,,,,
,,465,,,,,,,,,,
,,428,,,,,,,,,,
,,428,,,,,,,,,,
,,294,,,,,,,,,,
,,170,,,,,,,,,,
,,175,,,,,,,,,,
,,181,,,,,,,,,,
,,568,,,,,,,,,,
,,538,,,,,,,,,,
,,350,,,,,,,,,,
,,298,,,,,,,,,,
,,419,,,,,,,,,,
,,260,,,,,,,,,,
,,234,,,,,,,,,,
,,240,,,,,,,,,,
,,238,,,,,,,,,,
,,238,,,,,,,,,,
,,142,,,,,,,,,,
,,361,,,,,,,,,,
,,547,,,,,,,,,,
,,392,,,,,,,,,,
,,402,,,,,,,,,,
,,394,,,,,,,,,,
,,232,,,,,,,,,,
,,141,,,,,,,,,,
,,243,,,,,,,,,,
,,244,,,,,,,,,,
,,317,,,,,,,,,,
,,298,,,,,,,,,,
,,128,,,,,,,,,,
,,284,,,,,,,,,,
,,181,,,,,,,,,,
,,300,,,,,,,,,,
,,304,,,,,,,,,,
,,289,,,,,,,,,,
,,276,,,,,,,,,,
,,278,,,,,,,,,,
,,284,,,,,,,,,,
,,285,,,,,,,,,,
,,523,,,,,,,,,,
,,541,,,,,,,,,,
,,544,,,,,,,,,,
,,216,,,,,,,,,,
,,231,,,,,,,,,,
,,275,,,,,,,,,,
,,517,,,,,,,,,,
,,279,,,,,,,,,,
,,279,,,,,,,,,,
,,296,,,,,,,,,,
,,303,,,,,,,,,,
,,280,,,,,,,,,,
,,310,,,,,,,,,,
,,318,,,,,,,,,,
,,319,,,,,,,,,,
,,279,,,,,,,,,,
,,299,,,,,,,,,,
,,261,,,,,,,,,,
,,261,,,,,,,,,,
,,1056,,,,,,,,,,
,,1051,,,,,,,,,,
,,582,,,,,,,,,,
,,328,,,,,,,,,,
,,326,,,,,,,,,,
,,329,,,,,,,,,,
,,298,,,,,,,,,,
,,305,,,,,,,,,,
,,258,,,,,,,,,,
,,513,,,,,,,,,,
,,326,,,,,,,,,,
,,326,,,,,,,,,,
,,341,,,,,,,,,,
,,616,,,,,,,,,,
,,616,,,,,,,,,,
,,596,,,,,,,,,,
,,275,,,,,,,,,,
,,840,,,,,,,,,,
,,844,,,,,,,,,,
,,793,,,,,,,,,,
,,406,,,,,,,,,,
,,431,,,,,,,,,,
,,243,,,,,,,,,,
,,244,,,,,,,,,,
,,638,,,,,,,,,,
,,661,,,,,,,,,,
,,357,,,,,,,,,,
,,313,,,,,,,,,,
,,319,,,,,,,,,,
,,323,,,,,,,,,,
,,113,,,,,,,,,,
,,322,,,,,,,,,,
,,328,,,,,,,,,,
,,386,,,,,,,,,,
,,348,,,,,,,,,,
,,218,,,,,,,,,,
,,306,,,,,,,,,,
,,294,,,,,,,,,,
,,287,,,,,,,,,,
,,293,,,,,,,,,,
,,257,,,,,,,,,,
,,293,,,,,,,,,,
,,293,,,,,,,,,,
,,272,,,,,,,,,,
,,371,,,,,,,,,,
,,378,,,,,,,,,,
,,412,,,,,,,,,,
,,864,,,,,,,,,,
,,501,,,,,,,,,,
,,333,,,,,,,,,,
,,291,,,,,,,,,,
,,296,,,,,,,,,,
,,297,,,,,,,,,,
,,322,,,,,,,,,,
,,301,,,,,,,,,,
,,307,,,,,,,,,,
,,226,,,,,,,,,,
,,222,,,,,,,,,,
,,230,,,,,,,,,,
,,330,,,,,,,,,,
,,715,,,,,,,,,,
,,301,,,,,,,,,,
,,304,,,,,,,,,,
,,304,,,,,,,,,,
,,234,,,,,,,,,,
,,207,,,,,,,,,,
,,221,,,,,,,,,,
,,231,,,,,,,,,,
,,215,,,,,,,,,,
,,216,,,,,,,,,,
,,191,,,,,,,,,,
,,181,,,,,,,,,,
,,343,,,,,,,,,,
,,353,,,,,,,,,,
,,275,,,,,,,,,,
,,334,,,,,,,,,,
,,362,,,,,,,,,,
,,325,,,,,,,,,,
,,301,,,,,,,,,,
,,269,,,,,,,,,,
,,268,,,,,,,,,,
,,273,,,,,,,,,,
,,275,,,,,,,,,,
,,449,,,,,,,,,,
,,467,,,,,,,,,,
,,531,,,,,,,,,,
,,502,,,,,,,,,,
,,411,,,,,,,,,,
,,409,,,,,,,,,,
,,338,,,,,,,,,,
,,348,,,,,,,,,,
,,338,,,,,,,,,,
,,208,,,,,,,,,,
,,292,,,,,,,,,,
,,298,,,,,,,,,,
,,740,,,,,,,,,,
,,226,,,,,,,,,,
,,222,,,,,,,,,,
,,516,,,,,,,,,,
,,210,,,,,,,,,,
,,350,,,,,,,,,,
,,326,,,,,,,,,,
,,416,,,,,,,,,,
,,606,,,,,,,,,,
,,609,,,,,,,,,,
,,564,,,,,,,,,,
,,514,,,,,,,,,,
,,463,,,,,,,,,,
,,355,,,,,,,,,,
,,454,,,,,,,,,,
,,66,,,,,,,,,,
,,357,,,,,,,,,,
,,258,,,,,,,,,,
,,264,,,,,,,,,,
,,308,,,,,,,,,,
,,368,,,,,,,,,,
,,273,,,,,,,,,,
,,444,,,,,,,,,,
,,195,,,,,,,,,,
,,198,,,,,,,,,,
,,490,,,,,,,,,,
,,630,,,,,,,,,,
,,630,,,,,,,,,,
,,295,,,,,,,,,,
,,315,,,,,,,,,,
,,300,,,,,,,,,,
,,296,,,,,,,,,,
,,277,,,,,,,,,,
,,358,,,,,,,,,,
,,326,,,,,,,,,,
,,318,,,,,,,,,,
,,790,,,,,,,,,,
,,817,,,,,,,,,,
,,371,,,,,,,,,,
,,366,,,,,,,,,,
,,377,,,,,,,,,,
,,381,,,,,,,,,,
,,542,,,,,,,,,,
,,529,,,,,,,,,,
,,342,,,,,,,,,,
,,279,,,,,,,,,,
,,284,,,,,,,,,,
,,293,,,,,,,,,,
,,299,,,,,,,,,,
,,288,,,,,,,,,,
,,378,,,,,,,,,,
,,359,,,,,,,,,,
,,354,,,,,,,,,,
,,503,,,,,,,,,,
,,425,,,,,,,,,,
,,355,,,,,,,,,,
,,354,,,,,,,,,,
,,274,,,,,,,,,,
,,331,,,,,,,,,,
,,291,,,,,,,,,,
,,262,,,,,,,,,,
,,241,,,,,,,,,,
,,454,,,,,,,,,,
,,436,,,,,,,,,,
,,362,,,,,,,,,,
,,902,,,,,,,,,,
,,920,,,,,,,,,,
,,920,,,,,,,,,,
,,225,,,,,,,,,,
,,391,,,,,,,,,,
,,397,,,,,,,,,,
,,313,,,,,,,,,,
,,321,,,,,,,,,,
,,318,,,,,,,,,,
,,325,,,,,,,,,,
,,353,,,,,,,,,,
,,353,,,,,,,,,,
,,273,,,,,,,,,,
,,299,,,,,,,,,,
,,412,,,,,,,,,,
,,367,,,,,,,,,,
,,369,,,,,,,,,,
,,451,,,,,,,,,,
,,444,,,,,,,,,,
,,284,,,,,,,,,,
,,288,,,,,,,,,,
,,366,,,,,,,,,,
,,359,,,,,,,,,,
,,344,,,,,,,,,,
,,287,,,,,,,,,,
,,290,,,,,,,,,,
,,280,,,,,,,,,,
,,285,,,,,,,,,,
,,276,,,,,,,,,,
,,391,,,,,,,,,,
,,401,,,,,,,,,,
,,252,,,,,,,,,,
,,257,,,,,,,,,,
,,207,,,,,,,,,,
,,312,,,,,,,,,,
,,276,,,,,,,,,,
,,250,,,,,,,,,,
,,334,,,,,,,,,,
,,334,,,,,,,,,,
,,234,,,,,,,,,,
,,218,,,,,,,,,,
,,221,,,,,,,,,,
,,225,,,,,,,,,,
,,233,,,,,,,,,,
,,306,,,,,,,,,,
,,331,,,,,,,,,,
,,374,,,,,,,,,,
,,647,,,,,,,,,,
,,660,,,,,,,,,,
,,286,,,,,,,,,,
,,319,,,,,,,,,,
,,343,,,,,,,,,,
,,359,,,,,,,,,,
,,391,,,,,,,,,,
,,345,,,,,,,,,,
,,369,,,,,,,,,,
,,391,,,,,,,,,,
,,328,,,,,,,,,,
,,335,,,,,,,,,,
,,312,,,,,,,,,,
,,306,,,,,,,,,,
,,454,,,,,,,,,,
,,457,,,,,,,,,,
,,370,,,,,,,,,,
,,398,,,,,,,,,,
,,691,,,,,,,,,,
,,650,,,,,,,,,,
,,468,,,,,,,,,,
,,470,,,,,,,,,,
,,840,,,,,,,,,,
,,494,,,,,,,,,,
,,176,,,,,,,,,,
,,277,,,,,,,,,,
,,625,,,,,,,,,,
,,772,,,,,,,,,,
,,351,,,,,,,,,,
,,358,,,,,,,,,,
,,304,,,,,,,,,,
,,637,,,,,,,,,,
,,563,,,,,,,,,,
,,536,,,,,,,,,,
,,384,,,,,,,,,,
,,373,,,,,,,,,,
,,384,,,,,,,,,,
,,388,,,,,,,,,,
,,388,,,,,,,,,,
,,325,,,,,,,,,,
,,325,,,,,,,,,,
,,346,,,,,,,,,,
,,351,,,,,,,,,,
,,296,,,,,,,,,,
,,307,,,,,,,,,,
,,307,,,,,,,,,,
,,103,,,,,,,,,,
,,312,,,,,,,,,,
,,241,,,,,,,,,,
,,244,,,,,,,,,,
,,307,,,,,,,,,,
,,272,,,,,,,,,,
,,272,,,,,,,,,,
,,324,,,,,,,,,,
,,332,,,,,,,,,,
,,420,,,,,,,,,,
,,429,,,,,,,,,,
,,497,,,,,,,,,,
,,458,,,,,,,,,,
,,428,,,,,,,,,,
,,213,,,,,,,,,,
,,217,,,,,,,,,,
,,389,,,,,,,,,,
,,283,,,,,,,,,,
,,291,,,,,,,,,,
,,302,,,,,,,,,,
,,394,,,,,,,,,,
,,419,,,,,,,,,,
,,249,,,,,,,,,,
,,257,,,,,,,,,,
,,261,,,,,,,,,,
,,266,,,,,,,,,,
,,222,,,,,,,,,,
,,513,,,,,,,,,,
,,290,,,,,,,,,,
,,296,,,,,,,,,,
,,297,,,,,,,,,,
,,241,,,,,,,,,,
,,535,,,,,,,,,,
,,281,,,,,,,,,,
,,238,,,,,,,,,,
,,362,,,,,,,,,,
,,496,,,,,,,,,,
,,511,,,,,,,,,,
,,514,,,,,,,,,,
,,249,,,,,,,,,,
,,332,,,,,,,,,,
,,332,,,,,,,,,,
,,250,,,,,,,,,,
,,209,,,,,,,,,,
,,364,,,,,,,,,,
,,371,,,,,,,,,,
,,256,,,,,,,,,,
,,263,,,,,,,,,,
,,309,,,,,,,,,,
,,314,,,,,,,,,,
,,744,,,,,,,,,,
,,711,,,,,,,,,,
,,200,,,,,,,,,,
,,274,,,,,,,,,,
,,268,,,,,,,,,,
,,456,,,,,,,,,,
,,200,,,,,,,,,,
,,206,,,,,,,,,,
,,201,,,,,,,,,,
,,498,,,,,,,,,,
,,740,,,,,,,,,,
,,216,,,,,,,,,,
,,281,,,,,,,,,,
,,285,,,,,,,,,,
,,310,,,,,,,,,,
,,461,,,,,,,,,,
,,296,,,,,,,,,,
,,276,,,,,,,,,,
,,295,,,,,,,,,,
,,298,,,,,,,,,,
,,301,,,,,,,,,,
,,285,,,,,,,,,,
,,357,,,,,,,,,,
,,423,,,,,,,,,,
,,434,,,,,,,,,,
,,382,,,,,,,,,,
,,358,,,,,,,,,,
,,388,,,,,,,,,,
,,397,,,,,,,,,,
,,638,,,,,,,,,,
,,204,,,,,,,,,,
,,209,,,,,,,,,,
,,290,,,,,,,,,,
,,356,,,,,,,,,,
,,840,,,,,,,,,,
,,832,,,,,,,,,,
,,458,,,,,,,,,,
,,472,,,,,,,,,,
,,308,,,,,,,,,,
,,374,,,,,,,,,,
,,345,,,,,,,,,,
,,345,,,,,,,,,,
,,437,,,,,,,,,,
,,697,,,,,,,,,,
,,677,,,,,,,,,,
,,189,,,,,,,,,,
,,191,,,,,,,,,,
,,455,,,,,,,,,,
,,301,,,,,,,,,,
,,215,,,,,,,,,,
,,241,,,,,,,,,,
,,488,,,,,,,,,,
,,542,,,,,,,,,,
,,305,,,,,,,,,,
,,308,,,,,,,,,,
,,274,,,,,,,,,,
,,281,,,,,,,,,,
,,375,,,,,,,,,,
,,430,,,,,,,,,,
,,278,,,,,,,,,,
,,518,,,,,,,,,,
,,764,,,,,,,,,,
,,768,,,,,,,,,,
,,214,,,,,,,,,,
,,463,,,,,,,,,,
,,473,,,,,,,,,,
,,372,,,,,,,,,,
,,363,,,,,,,,,,
,,372,,,,,,,,,,
,,339,,,,,,,,,,
,,426,,,,,,,,,,
,,486,,,,,,,,,,
,,241,,,,,,,,,,
,,305,,,,,,,,,,
,,439,,,,,,,,,,
,,292,,,,,,,,,,
,,300,,,,,,,,,,
,,317,,,,,,,,,,
,,325,,,,,,,,,,
,,520,,,,,,,,,,
,,173,,,,,,,,,,
,,267,,,,,,,,,,
,,313,,,,,,,,,,
,,178,,,,,,,,,,
,,273,,,,,,,,,,
,,247,,,,,,,,,,
,,260,,,,,,,,,,
,,303,,,,,,,,,,
,,672,,,,,,,,,,
,,424,,,,,,,,,,
,,404,,,,,,,,,,
,,265,,,,,,,,,,
,,294,,,,,,,,,,
,,278,,,,,,,,,,
,,430,,,,,,,,,,
,,370,,,,,,,,,,
,,254,,,,,,,,,,
,,264,,,,,,,,,,
,,419,,,,,,,,,,
,,572,,,,,,,,,,
